api  | INFO:     Uvicorn running on http://0.0.0.0:8000 (Press CTRL+C to quit)
api  | INFO:     Started parent process [1]
api  | Process SpawnProcess-1:
api  | Traceback (most recent call last):
api  |   File "/usr/local/lib/python3.13/multiprocessing/process.py", line 313, in _bootstrap
api  |     self.run()
api  |     ~~~~~~~~^^
api  |   File "/usr/local/lib/python3.13/multiprocessing/process.py", line 108, in run
api  |     self._target(*self._args, **self._kwargs)
api  |     ~~~~~~~~~~~~^^^^^^^^^^^^^^^^^^^^^^^^^^^^^
api  |   File "/usr/local/lib/python3.13/site-packages/uvicorn/_subprocess.py", line 80, in subprocess_started
api  |     target(sockets=sockets)
api  |     ~~~~~~^^^^^^^^^^^^^^^^^
api  |   File "/usr/local/lib/python3.13/site-packages/uvicorn/supervisors/multiprocess.py", line 63, in target
api  |     return self.real_target(sockets)
api  |            ~~~~~~~~~~~~~~~~^^^^^^^^^
api  |   File "/usr/local/lib/python3.13/site-packages/uvicorn/server.py", line 66, in run
api  |     return asyncio.run(self.serve(sockets=sockets))
api  |            ~~~~~~~~~~~^^^^^^^^^^^^^^^^^^^^^^^^^^^^^
api  |   File "/usr/local/lib/python3.13/asyncio/runners.py", line 195, in run
api  |     return runner.run(main)
api  |            ~~~~~~~~~~^^^^^^
api  |   File "/usr/local/lib/python3.13/asyncio/runners.py", line 118, in run
api  |     return self._loop.run_until_complete(task)
api  |            ~~~~~~~~~~~~~~~~~~~~~~~~~~~~~^^^^^^
api  |   File "uvloop/loop.pyx", line 1518, in uvloop.loop.Loop.run_until_complete
api  |   File "/usr/local/lib/python3.13/site-packages/uvicorn/server.py", line 70, in serve
api  |     await self._serve(sockets)
api  |   File "/usr/local/lib/python3.13/site-packages/uvicorn/server.py", line 77, in _serve
api  |     config.load()
api  |     ~~~~~~~~~~~^^
api  |   File "/usr/local/lib/python3.13/site-packages/uvicorn/config.py", line 435, in load
api  |     self.loaded_app = import_from_string(self.app)
api  |                       ~~~~~~~~~~~~~~~~~~^^^^^^^^^^
api  |   File "/usr/local/lib/python3.13/site-packages/uvicorn/importer.py", line 19, in import_from_string
api  |     module = importlib.import_module(module_str)
api  |   File "/usr/local/lib/python3.13/importlib/__init__.py", line 88, in import_module
api  |     return _bootstrap._gcd_import(name[level:], package, level)
api  |            ~~~~~~~~~~~~~~~~~~~~~~^^^^^^^^^^^^^^^^^^^^^^^^^^^^^^
api  |   File "<frozen importlib._bootstrap>", line 1395, in _gcd_import
api  |   File "<frozen importlib._bootstrap>", line 1360, in _find_and_load
api  |   File "<frozen importlib._bootstrap>", line 1331, in _find_and_load_unlocked
api  |   File "<frozen importlib._bootstrap>", line 935, in _load_unlocked
api  |   File "<frozen importlib._bootstrap_external>", line 1023, in exec_module
api  |   File "<frozen importlib._bootstrap>", line 488, in _call_with_frames_removed
api  |   File "/app/app/main.py", line 9, in <module>
api  |     from app.rabbitmq import rabbitmq_publisher
api  | ImportError: cannot import name 'rabbitmq_publisher' from 'app.rabbitmq' (/app/app/rabbitmq.py)
api  | Process SpawnProcess-2:
api  | Process SpawnProcess-4:
api  | Traceback (most recent call last):
api  |   File "/usr/local/lib/python3.13/multiprocessing/process.py", line 313, in _bootstrap
api  |     self.run()
api  |     ~~~~~~~~^^
api  |   File "/usr/local/lib/python3.13/multiprocessing/process.py", line 108, in run
api  |     self._target(*self._args, **self._kwargs)
api  |     ~~~~~~~~~~~~^^^^^^^^^^^^^^^^^^^^^^^^^^^^^
api  |   File "/usr/local/lib/python3.13/site-packages/uvicorn/_subprocess.py", line 80, in subprocess_started
api  |     target(sockets=sockets)
api  |     ~~~~~~^^^^^^^^^^^^^^^^^
api  |   File "/usr/local/lib/python3.13/site-packages/uvicorn/supervisors/multiprocess.py", line 63, in target
api  |     return self.real_target(sockets)
api  |            ~~~~~~~~~~~~~~~~^^^^^^^^^
api  |   File "/usr/local/lib/python3.13/site-packages/uvicorn/server.py", line 66, in run
api  |     return asyncio.run(self.serve(sockets=sockets))
api  |            ~~~~~~~~~~~^^^^^^^^^^^^^^^^^^^^^^^^^^^^^
api  |   File "/usr/local/lib/python3.13/asyncio/runners.py", line 195, in run
api  |     return runner.run(main)
api  |            ~~~~~~~~~~^^^^^^
api  |   File "/usr/local/lib/python3.13/asyncio/runners.py", line 118, in run
api  |     return self._loop.run_until_complete(task)
api  |            ~~~~~~~~~~~~~~~~~~~~~~~~~~~~~^^^^^^
api  |   File "uvloop/loop.pyx", line 1518, in uvloop.loop.Loop.run_until_complete
api  |   File "/usr/local/lib/python3.13/site-packages/uvicorn/server.py", line 70, in serve
api  |     await self._serve(sockets)
api  |   File "/usr/local/lib/python3.13/site-packages/uvicorn/server.py", line 77, in _serve
api  |     config.load()
api  |     ~~~~~~~~~~~^^
api  |   File "/usr/local/lib/python3.13/site-packages/uvicorn/config.py", line 435, in load
api  |     self.loaded_app = import_from_string(self.app)
api  |                       ~~~~~~~~~~~~~~~~~~^^^^^^^^^^
api  |   File "/usr/local/lib/python3.13/site-packages/uvicorn/importer.py", line 19, in import_from_string
api  |     module = importlib.import_module(module_str)
api  |   File "/usr/local/lib/python3.13/importlib/__init__.py", line 88, in import_module
api  |     return _bootstrap._gcd_import(name[level:], package, level)
api  |            ~~~~~~~~~~~~~~~~~~~~~~^^^^^^^^^^^^^^^^^^^^^^^^^^^^^^
api  |   File "<frozen importlib._bootstrap>", line 1395, in _gcd_import
api  |   File "<frozen importlib._bootstrap>", line 1360, in _find_and_load
api  |   File "<frozen importlib._bootstrap>", line 1331, in _find_and_load_unlocked
api  | Traceback (most recent call last):
api  |   File "<frozen importlib._bootstrap>", line 935, in _load_unlocked
api  |   File "<frozen importlib._bootstrap_external>", line 1023, in exec_module
api  |   File "<frozen importlib._bootstrap>", line 488, in _call_with_frames_removed
api  |   File "/app/app/main.py", line 9, in <module>
api  |     from app.rabbitmq import rabbitmq_publisher
api  | ImportError: cannot import name 'rabbitmq_publisher' from 'app.rabbitmq' (/app/app/rabbitmq.py)
api  |   File "/usr/local/lib/python3.13/multiprocessing/process.py", line 313, in _bootstrap
api  |     self.run()
api  |     ~~~~~~~~^^
api  |   File "/usr/local/lib/python3.13/multiprocessing/process.py", line 108, in run
api  |     self._target(*self._args, **self._kwargs)
api  |     ~~~~~~~~~~~~^^^^^^^^^^^^^^^^^^^^^^^^^^^^^
api  |   File "/usr/local/lib/python3.13/site-packages/uvicorn/_subprocess.py", line 80, in subprocess_started
api  |     target(sockets=sockets)
api  |     ~~~~~~^^^^^^^^^^^^^^^^^
api  |   File "/usr/local/lib/python3.13/site-packages/uvicorn/supervisors/multiprocess.py", line 63, in target
api  |     return self.real_target(sockets)
api  |            ~~~~~~~~~~~~~~~~^^^^^^^^^
api  |   File "/usr/local/lib/python3.13/site-packages/uvicorn/server.py", line 66, in run
api  |     return asyncio.run(self.serve(sockets=sockets))
api  |            ~~~~~~~~~~~^^^^^^^^^^^^^^^^^^^^^^^^^^^^^
api  |   File "/usr/local/lib/python3.13/asyncio/runners.py", line 195, in run
api  |     return runner.run(main)
api  |            ~~~~~~~~~~^^^^^^
api  |   File "/usr/local/lib/python3.13/asyncio/runners.py", line 118, in run
api  |     return self._loop.run_until_complete(task)
api  |            ~~~~~~~~~~~~~~~~~~~~~~~~~~~~~^^^^^^
api  |   File "uvloop/loop.pyx", line 1518, in uvloop.loop.Loop.run_until_complete
api  |   File "/usr/local/lib/python3.13/site-packages/uvicorn/server.py", line 70, in serve
api  |     await self._serve(sockets)
api  |   File "/usr/local/lib/python3.13/site-packages/uvicorn/server.py", line 77, in _serve
api  |     config.load()
api  |     ~~~~~~~~~~~^^
api  |   File "/usr/local/lib/python3.13/site-packages/uvicorn/config.py", line 435, in load
api  |     self.loaded_app = import_from_string(self.app)
api  |                       ~~~~~~~~~~~~~~~~~~^^^^^^^^^^
api  |   File "/usr/local/lib/python3.13/site-packages/uvicorn/importer.py", line 19, in import_from_string
api  |     module = importlib.import_module(module_str)
api  |   File "/usr/local/lib/python3.13/importlib/__init__.py", line 88, in import_module
api  |     return _bootstrap._gcd_import(name[level:], package, level)
api  |            ~~~~~~~~~~~~~~~~~~~~~~^^^^^^^^^^^^^^^^^^^^^^^^^^^^^^
api  |   File "<frozen importlib._bootstrap>", line 1395, in _gcd_import
api  |   File "<frozen importlib._bootstrap>", line 1360, in _find_and_load
api  |   File "<frozen importlib._bootstrap>", line 1331, in _find_and_load_unlocked
api  |   File "<frozen importlib._bootstrap>", line 935, in _load_unlocked
api  |   File "<frozen importlib._bootstrap_external>", line 1023, in exec_module
api  |   File "<frozen importlib._bootstrap>", line 488, in _call_with_frames_removed
api  |   File "/app/app/main.py", line 9, in <module>
api  |     from app.rabbitmq import rabbitmq_publisher
api  | ImportError: cannot import name 'rabbitmq_publisher' from 'app.rabbitmq' (/app/app/rabbitmq.py)
api  | INFO:     Waiting for child process [7]
api  | INFO:     Child process [7] died
api  | Process SpawnProcess-3:
api  | Traceback (most recent call last):
api  |   File "/usr/local/lib/python3.13/multiprocessing/process.py", line 313, in _bootstrap
api  |     self.run()
api  |     ~~~~~~~~^^
api  |   File "/usr/local/lib/python3.13/multiprocessing/process.py", line 108, in run
api  |     self._target(*self._args, **self._kwargs)
api  |     ~~~~~~~~~~~~^^^^^^^^^^^^^^^^^^^^^^^^^^^^^
api  |   File "/usr/local/lib/python3.13/site-packages/uvicorn/_subprocess.py", line 80, in subprocess_started
api  |     target(sockets=sockets)
api  |     ~~~~~~^^^^^^^^^^^^^^^^^
api  |   File "/usr/local/lib/python3.13/site-packages/uvicorn/supervisors/multiprocess.py", line 63, in target
api  |     return self.real_target(sockets)
api  |            ~~~~~~~~~~~~~~~~^^^^^^^^^
api  |   File "/usr/local/lib/python3.13/site-packages/uvicorn/server.py", line 66, in run
api  |     return asyncio.run(self.serve(sockets=sockets))
api  |            ~~~~~~~~~~~^^^^^^^^^^^^^^^^^^^^^^^^^^^^^
api  |   File "/usr/local/lib/python3.13/asyncio/runners.py", line 195, in run
api  |     return runner.run(main)
api  |            ~~~~~~~~~~^^^^^^
api  |   File "/usr/local/lib/python3.13/asyncio/runners.py", line 118, in run
api  |     return self._loop.run_until_complete(task)
api  |            ~~~~~~~~~~~~~~~~~~~~~~~~~~~~~^^^^^^
api  |   File "uvloop/loop.pyx", line 1518, in uvloop.loop.Loop.run_until_complete
api  |   File "/usr/local/lib/python3.13/site-packages/uvicorn/server.py", line 70, in serve
api  |     await self._serve(sockets)
api  |   File "/usr/local/lib/python3.13/site-packages/uvicorn/server.py", line 77, in _serve
api  |     config.load()
api  |     ~~~~~~~~~~~^^
api  |   File "/usr/local/lib/python3.13/site-packages/uvicorn/config.py", line 435, in load
api  |     self.loaded_app = import_from_string(self.app)
api  |                       ~~~~~~~~~~~~~~~~~~^^^^^^^^^^
api  |   File "/usr/local/lib/python3.13/site-packages/uvicorn/importer.py", line 19, in import_from_string
api  |     module = importlib.import_module(module_str)
api  |   File "/usr/local/lib/python3.13/importlib/__init__.py", line 88, in import_module
api  |     return _bootstrap._gcd_import(name[level:], package, level)
api  |            ~~~~~~~~~~~~~~~~~~~~~~^^^^^^^^^^^^^^^^^^^^^^^^^^^^^^
api  |   File "<frozen importlib._bootstrap>", line 1395, in _gcd_import
api  |   File "<frozen importlib._bootstrap>", line 1360, in _find_and_load
api  |   File "<frozen importlib._bootstrap>", line 1331, in _find_and_load_unlocked
api  |   File "<frozen importlib._bootstrap>", line 935, in _load_unlocked
api  |   File "<frozen importlib._bootstrap_external>", line 1023, in exec_module
api  |   File "<frozen importlib._bootstrap>", line 488, in _call_with_frames_removed
api  |   File "/app/app/main.py", line 9, in <module>
api  |     from app.rabbitmq import rabbitmq_publisher
api  | ImportError: cannot import name 'rabbitmq_publisher' from 'app.rabbitmq' (/app/app/rabbitmq.py)
api  | Process SpawnProcess-5:
api  | Traceback (most recent call last):
api  |   File "/usr/local/lib/python3.13/multiprocessing/process.py", line 313, in _bootstrap
api  |     self.run()
api  |     ~~~~~~~~^^
api  |   File "/usr/local/lib/python3.13/multiprocessing/process.py", line 108, in run
api  |     self._target(*self._args, **self._kwargs)
api  |     ~~~~~~~~~~~~^^^^^^^^^^^^^^^^^^^^^^^^^^^^^
api  |   File "/usr/local/lib/python3.13/site-packages/uvicorn/_subprocess.py", line 80, in subprocess_started
api  |     target(sockets=sockets)
api  |     ~~~~~~^^^^^^^^^^^^^^^^^
api  |   File "/usr/local/lib/python3.13/site-packages/uvicorn/supervisors/multiprocess.py", line 63, in target
api  |     return self.real_target(sockets)
api  |            ~~~~~~~~~~~~~~~~^^^^^^^^^
api  |   File "/usr/local/lib/python3.13/site-packages/uvicorn/server.py", line 66, in run
api  |     return asyncio.run(self.serve(sockets=sockets))
api  |            ~~~~~~~~~~~^^^^^^^^^^^^^^^^^^^^^^^^^^^^^
api  |   File "/usr/local/lib/python3.13/asyncio/runners.py", line 195, in run
api  |     return runner.run(main)
api  |            ~~~~~~~~~~^^^^^^
api  |   File "/usr/local/lib/python3.13/asyncio/runners.py", line 118, in run
api  |     return self._loop.run_until_complete(task)
api  |            ~~~~~~~~~~~~~~~~~~~~~~~~~~~~~^^^^^^
api  |   File "uvloop/loop.pyx", line 1518, in uvloop.loop.Loop.run_until_complete
api  |   File "/usr/local/lib/python3.13/site-packages/uvicorn/server.py", line 70, in serve
api  |     await self._serve(sockets)
api  |   File "/usr/local/lib/python3.13/site-packages/uvicorn/server.py", line 77, in _serve
api  |     config.load()
api  |     ~~~~~~~~~~~^^
api  |   File "/usr/local/lib/python3.13/site-packages/uvicorn/config.py", line 435, in load
api  |     self.loaded_app = import_from_string(self.app)
api  |                       ~~~~~~~~~~~~~~~~~~^^^^^^^^^^
api  |   File "/usr/local/lib/python3.13/site-packages/uvicorn/importer.py", line 19, in import_from_string
api  |     module = importlib.import_module(module_str)
api  |   File "/usr/local/lib/python3.13/importlib/__init__.py", line 88, in import_module
api  |     return _bootstrap._gcd_import(name[level:], package, level)
api  |            ~~~~~~~~~~~~~~~~~~~~~~^^^^^^^^^^^^^^^^^^^^^^^^^^^^^^
api  |   File "<frozen importlib._bootstrap>", line 1395, in _gcd_import
api  |   File "<frozen importlib._bootstrap>", line 1360, in _find_and_load
api  |   File "<frozen importlib._bootstrap>", line 1331, in _find_and_load_unlocked
api  |   File "<frozen importlib._bootstrap>", line 935, in _load_unlocked
api  |   File "<frozen importlib._bootstrap_external>", line 1023, in exec_module
api  |   File "<frozen importlib._bootstrap>", line 488, in _call_with_frames_removed
api  |   File "/app/app/main.py", line 9, in <module>
api  |     from app.rabbitmq import rabbitmq_publisher
api  | ImportError: cannot import name 'rabbitmq_publisher' from 'app.rabbitmq' (/app/app/rabbitmq.py)
api  | INFO:     Waiting for child process [8]
api  | INFO:     Child process [8] died
api  | INFO:     Waiting for child process [9]
api  | INFO:     Child process [9] died
api  | INFO:     Waiting for child process [10]
api  | INFO:     Child process [10] died
api  | INFO:     Waiting for child process [15]
api  | INFO:     Child process [15] died
api  | Process SpawnProcess-6:
api  | Traceback (most recent call last):
api  |   File "/usr/local/lib/python3.13/multiprocessing/process.py", line 313, in _bootstrap
api  |     self.run()
api  |     ~~~~~~~~^^
api  |   File "/usr/local/lib/python3.13/multiprocessing/process.py", line 108, in run
api  |     self._target(*self._args, **self._kwargs)
api  |     ~~~~~~~~~~~~^^^^^^^^^^^^^^^^^^^^^^^^^^^^^
api  |   File "/usr/local/lib/python3.13/site-packages/uvicorn/_subprocess.py", line 80, in subprocess_started
api  |     target(sockets=sockets)
api  |     ~~~~~~^^^^^^^^^^^^^^^^^
api  |   File "/usr/local/lib/python3.13/site-packages/uvicorn/supervisors/multiprocess.py", line 63, in target
api  |     return self.real_target(sockets)
api  |            ~~~~~~~~~~~~~~~~^^^^^^^^^
api  |   File "/usr/local/lib/python3.13/site-packages/uvicorn/server.py", line 66, in run
api  |     return asyncio.run(self.serve(sockets=sockets))
api  |            ~~~~~~~~~~~^^^^^^^^^^^^^^^^^^^^^^^^^^^^^
api  |   File "/usr/local/lib/python3.13/asyncio/runners.py", line 195, in run
api  |     return runner.run(main)
api  |            ~~~~~~~~~~^^^^^^
api  |   File "/usr/local/lib/python3.13/asyncio/runners.py", line 118, in run
api  |     return self._loop.run_until_complete(task)
api  |            ~~~~~~~~~~~~~~~~~~~~~~~~~~~~~^^^^^^
api  |   File "uvloop/loop.pyx", line 1518, in uvloop.loop.Loop.run_until_complete
api  |   File "/usr/local/lib/python3.13/site-packages/uvicorn/server.py", line 70, in serve
api  |     await self._serve(sockets)
api  |   File "/usr/local/lib/python3.13/site-packages/uvicorn/server.py", line 77, in _serve
api  |     config.load()
api  |     ~~~~~~~~~~~^^
api  |   File "/usr/local/lib/python3.13/site-packages/uvicorn/config.py", line 435, in load
api  |     self.loaded_app = import_from_string(self.app)
api  |                       ~~~~~~~~~~~~~~~~~~^^^^^^^^^^
api  |   File "/usr/local/lib/python3.13/site-packages/uvicorn/importer.py", line 19, in import_from_string
api  |     module = importlib.import_module(module_str)
api  |   File "/usr/local/lib/python3.13/importlib/__init__.py", line 88, in import_module
api  |     return _bootstrap._gcd_import(name[level:], package, level)
api  |            ~~~~~~~~~~~~~~~~~~~~~~^^^^^^^^^^^^^^^^^^^^^^^^^^^^^^
api  |   File "<frozen importlib._bootstrap>", line 1395, in _gcd_import
api  |   File "<frozen importlib._bootstrap>", line 1360, in _find_and_load
api  |   File "<frozen importlib._bootstrap>", line 1331, in _find_and_load_unlocked
api  |   File "<frozen importlib._bootstrap>", line 935, in _load_unlocked
api  |   File "<frozen importlib._bootstrap_external>", line 1023, in exec_module
api  |   File "<frozen importlib._bootstrap>", line 488, in _call_with_frames_removed
api  |   File "/app/app/main.py", line 9, in <module>
api  |     from app.rabbitmq import rabbitmq_publisher
api  | ImportError: cannot import name 'rabbitmq_publisher' from 'app.rabbitmq' (/app/app/rabbitmq.py)
api  | Process SpawnProcess-7:
api  | Traceback (most recent call last):
api  |   File "/usr/local/lib/python3.13/multiprocessing/process.py", line 313, in _bootstrap
api  |     self.run()
api  |     ~~~~~~~~^^
api  |   File "/usr/local/lib/python3.13/multiprocessing/process.py", line 108, in run
api  |     self._target(*self._args, **self._kwargs)
api  |     ~~~~~~~~~~~~^^^^^^^^^^^^^^^^^^^^^^^^^^^^^
api  |   File "/usr/local/lib/python3.13/site-packages/uvicorn/_subprocess.py", line 80, in subprocess_started
api  |     target(sockets=sockets)
api  |     ~~~~~~^^^^^^^^^^^^^^^^^
api  |   File "/usr/local/lib/python3.13/site-packages/uvicorn/supervisors/multiprocess.py", line 63, in target
api  |     return self.real_target(sockets)
api  |            ~~~~~~~~~~~~~~~~^^^^^^^^^
api  |   File "/usr/local/lib/python3.13/site-packages/uvicorn/server.py", line 66, in run
api  |     return asyncio.run(self.serve(sockets=sockets))
api  |            ~~~~~~~~~~~^^^^^^^^^^^^^^^^^^^^^^^^^^^^^
api  |   File "/usr/local/lib/python3.13/asyncio/runners.py", line 195, in run
api  |     return runner.run(main)
api  |            ~~~~~~~~~~^^^^^^
api  |   File "/usr/local/lib/python3.13/asyncio/runners.py", line 118, in run
api  |     return self._loop.run_until_complete(task)
api  |            ~~~~~~~~~~~~~~~~~~~~~~~~~~~~~^^^^^^
api  |   File "uvloop/loop.pyx", line 1518, in uvloop.loop.Loop.run_until_complete
api  |   File "/usr/local/lib/python3.13/site-packages/uvicorn/server.py", line 70, in serve
api  |     await self._serve(sockets)
api  |   File "/usr/local/lib/python3.13/site-packages/uvicorn/server.py", line 77, in _serve
api  |     config.load()
api  |     ~~~~~~~~~~~^^
api  |   File "/usr/local/lib/python3.13/site-packages/uvicorn/config.py", line 435, in load
api  |     self.loaded_app = import_from_string(self.app)
api  |                       ~~~~~~~~~~~~~~~~~~^^^^^^^^^^
api  |   File "/usr/local/lib/python3.13/site-packages/uvicorn/importer.py", line 19, in import_from_string
api  |     module = importlib.import_module(module_str)
api  |   File "/usr/local/lib/python3.13/importlib/__init__.py", line 88, in import_module
api  |     return _bootstrap._gcd_import(name[level:], package, level)
api  |            ~~~~~~~~~~~~~~~~~~~~~~^^^^^^^^^^^^^^^^^^^^^^^^^^^^^^
api  |   File "<frozen importlib._bootstrap>", line 1395, in _gcd_import
api  |   File "<frozen importlib._bootstrap>", line 1360, in _find_and_load
api  |   File "<frozen importlib._bootstrap>", line 1331, in _find_and_load_unlocked
api  |   File "<frozen importlib._bootstrap>", line 935, in _load_unlocked
api  |   File "<frozen importlib._bootstrap_external>", line 1023, in exec_module
api  |   File "<frozen importlib._bootstrap>", line 488, in _call_with_frames_removed
api  |   File "/app/app/main.py", line 9, in <module>
api  |     from app.rabbitmq import rabbitmq_publisher
api  | ImportError: cannot import name 'rabbitmq_publisher' from 'app.rabbitmq' (/app/app/rabbitmq.py)
api  | Process SpawnProcess-8:
api  | Traceback (most recent call last):
api  |   File "/usr/local/lib/python3.13/multiprocessing/process.py", line 313, in _bootstrap
api  |     self.run()
api  |     ~~~~~~~~^^
api  |   File "/usr/local/lib/python3.13/multiprocessing/process.py", line 108, in run
api  |     self._target(*self._args, **self._kwargs)
api  |     ~~~~~~~~~~~~^^^^^^^^^^^^^^^^^^^^^^^^^^^^^
api  |   File "/usr/local/lib/python3.13/site-packages/uvicorn/_subprocess.py", line 80, in subprocess_started
api  |     target(sockets=sockets)
api  |     ~~~~~~^^^^^^^^^^^^^^^^^
api  |   File "/usr/local/lib/python3.13/site-packages/uvicorn/supervisors/multiprocess.py", line 63, in target
api  |     return self.real_target(sockets)
api  |            ~~~~~~~~~~~~~~~~^^^^^^^^^
api  |   File "/usr/local/lib/python3.13/site-packages/uvicorn/server.py", line 66, in run
api  |     return asyncio.run(self.serve(sockets=sockets))
api  |            ~~~~~~~~~~~^^^^^^^^^^^^^^^^^^^^^^^^^^^^^
api  |   File "/usr/local/lib/python3.13/asyncio/runners.py", line 195, in run
api  |     return runner.run(main)
api  |            ~~~~~~~~~~^^^^^^
api  |   File "/usr/local/lib/python3.13/asyncio/runners.py", line 118, in run
api  |     return self._loop.run_until_complete(task)
api  |            ~~~~~~~~~~~~~~~~~~~~~~~~~~~~~^^^^^^
api  |   File "uvloop/loop.pyx", line 1518, in uvloop.loop.Loop.run_until_complete
api  |   File "/usr/local/lib/python3.13/site-packages/uvicorn/server.py", line 70, in serve
api  |     await self._serve(sockets)
api  |   File "/usr/local/lib/python3.13/site-packages/uvicorn/server.py", line 77, in _serve
api  |     config.load()
api  |     ~~~~~~~~~~~^^
api  |   File "/usr/local/lib/python3.13/site-packages/uvicorn/config.py", line 435, in load
api  |     self.loaded_app = import_from_string(self.app)
api  |                       ~~~~~~~~~~~~~~~~~~^^^^^^^^^^
api  |   File "/usr/local/lib/python3.13/site-packages/uvicorn/importer.py", line 19, in import_from_string
api  |     module = importlib.import_module(module_str)
api  |   File "/usr/local/lib/python3.13/importlib/__init__.py", line 88, in import_module
api  |     return _bootstrap._gcd_import(name[level:], package, level)
api  |            ~~~~~~~~~~~~~~~~~~~~~~^^^^^^^^^^^^^^^^^^^^^^^^^^^^^^
api  |   File "<frozen importlib._bootstrap>", line 1395, in _gcd_import
api  |   File "<frozen importlib._bootstrap>", line 1360, in _find_and_load
api  |   File "<frozen importlib._bootstrap>", line 1331, in _find_and_load_unlocked
api  |   File "<frozen importlib._bootstrap>", line 935, in _load_unlocked
api  |   File "<frozen importlib._bootstrap_external>", line 1023, in exec_module
api  |   File "<frozen importlib._bootstrap>", line 488, in _call_with_frames_removed
api  |   File "/app/app/main.py", line 9, in <module>
api  |     from app.rabbitmq import rabbitmq_publisher
api  | ImportError: cannot import name 'rabbitmq_publisher' from 'app.rabbitmq' (/app/app/rabbitmq.py)
api  | Process SpawnProcess-9:
api  | Traceback (most recent call last):
api  |   File "/usr/local/lib/python3.13/multiprocessing/process.py", line 313, in _bootstrap
api  |     self.run()
api  |     ~~~~~~~~^^
api  |   File "/usr/local/lib/python3.13/multiprocessing/process.py", line 108, in run
api  |     self._target(*self._args, **self._kwargs)
api  |     ~~~~~~~~~~~~^^^^^^^^^^^^^^^^^^^^^^^^^^^^^
api  |   File "/usr/local/lib/python3.13/site-packages/uvicorn/_subprocess.py", line 80, in subprocess_started
api  |     target(sockets=sockets)
api  |     ~~~~~~^^^^^^^^^^^^^^^^^
api  |   File "/usr/local/lib/python3.13/site-packages/uvicorn/supervisors/multiprocess.py", line 63, in target
api  |     return self.real_target(sockets)
api  |            ~~~~~~~~~~~~~~~~^^^^^^^^^
api  |   File "/usr/local/lib/python3.13/site-packages/uvicorn/server.py", line 66, in run
api  |     return asyncio.run(self.serve(sockets=sockets))
api  |            ~~~~~~~~~~~^^^^^^^^^^^^^^^^^^^^^^^^^^^^^
api  |   File "/usr/local/lib/python3.13/asyncio/runners.py", line 195, in run
api  |     return runner.run(main)
api  |            ~~~~~~~~~~^^^^^^
api  |   File "/usr/local/lib/python3.13/asyncio/runners.py", line 118, in run
api  |     return self._loop.run_until_complete(task)
api  |            ~~~~~~~~~~~~~~~~~~~~~~~~~~~~~^^^^^^
api  |   File "uvloop/loop.pyx", line 1518, in uvloop.loop.Loop.run_until_complete
api  |   File "/usr/local/lib/python3.13/site-packages/uvicorn/server.py", line 70, in serve
api  |     await self._serve(sockets)
api  |   File "/usr/local/lib/python3.13/site-packages/uvicorn/server.py", line 77, in _serve
api  |     config.load()
api  |     ~~~~~~~~~~~^^
api  |   File "/usr/local/lib/python3.13/site-packages/uvicorn/config.py", line 435, in load
api  |     self.loaded_app = import_from_string(self.app)
api  |                       ~~~~~~~~~~~~~~~~~~^^^^^^^^^^
api  |   File "/usr/local/lib/python3.13/site-packages/uvicorn/importer.py", line 19, in import_from_string
api  |     module = importlib.import_module(module_str)
api  |   File "/usr/local/lib/python3.13/importlib/__init__.py", line 88, in import_module
api  |     return _bootstrap._gcd_import(name[level:], package, level)
api  |            ~~~~~~~~~~~~~~~~~~~~~~^^^^^^^^^^^^^^^^^^^^^^^^^^^^^^
api  |   File "<frozen importlib._bootstrap>", line 1395, in _gcd_import
api  |   File "<frozen importlib._bootstrap>", line 1360, in _find_and_load
api  |   File "<frozen importlib._bootstrap>", line 1331, in _find_and_load_unlocked
api  |   File "<frozen importlib._bootstrap>", line 935, in _load_unlocked
api  |   File "<frozen importlib._bootstrap_external>", line 1023, in exec_module
api  |   File "<frozen importlib._bootstrap>", line 488, in _call_with_frames_removed
api  |   File "/app/app/main.py", line 9, in <module>
api  |     from app.rabbitmq import rabbitmq_publisher
api  | ImportError: cannot import name 'rabbitmq_publisher' from 'app.rabbitmq' (/app/app/rabbitmq.py)
api  | INFO:     Waiting for child process [17]
api  | INFO:     Child process [17] died
api  | INFO:     Waiting for child process [18]
api  | INFO:     Child process [18] died
api  | INFO:     Waiting for child process [19]
api  | INFO:     Child process [19] died
api  | INFO:     Waiting for child process [20]
api  | INFO:     Child process [20] died
api  | Process SpawnProcess-11:
api  | Traceback (most recent call last):
api  |   File "/usr/local/lib/python3.13/multiprocessing/process.py", line 313, in _bootstrap
api  |     self.run()
api  |     ~~~~~~~~^^
api  |   File "/usr/local/lib/python3.13/multiprocessing/process.py", line 108, in run
api  |     self._target(*self._args, **self._kwargs)
api  |     ~~~~~~~~~~~~^^^^^^^^^^^^^^^^^^^^^^^^^^^^^
api  |   File "/usr/local/lib/python3.13/site-packages/uvicorn/_subprocess.py", line 80, in subprocess_started
api  |     target(sockets=sockets)
api  |     ~~~~~~^^^^^^^^^^^^^^^^^
api  |   File "/usr/local/lib/python3.13/site-packages/uvicorn/supervisors/multiprocess.py", line 63, in target
api  |     return self.real_target(sockets)
api  |            ~~~~~~~~~~~~~~~~^^^^^^^^^
api  |   File "/usr/local/lib/python3.13/site-packages/uvicorn/server.py", line 66, in run
api  |     return asyncio.run(self.serve(sockets=sockets))
api  |            ~~~~~~~~~~~^^^^^^^^^^^^^^^^^^^^^^^^^^^^^
api  |   File "/usr/local/lib/python3.13/asyncio/runners.py", line 195, in run
api  |     return runner.run(main)
api  |            ~~~~~~~~~~^^^^^^
api  |   File "/usr/local/lib/python3.13/asyncio/runners.py", line 118, in run
api  |     return self._loop.run_until_complete(task)
api  |            ~~~~~~~~~~~~~~~~~~~~~~~~~~~~~^^^^^^
api  |   File "uvloop/loop.pyx", line 1518, in uvloop.loop.Loop.run_until_complete
api  |   File "/usr/local/lib/python3.13/site-packages/uvicorn/server.py", line 70, in serve
api  |     await self._serve(sockets)
api  |   File "/usr/local/lib/python3.13/site-packages/uvicorn/server.py", line 77, in _serve
api  |     config.load()
api  |     ~~~~~~~~~~~^^
api  |   File "/usr/local/lib/python3.13/site-packages/uvicorn/config.py", line 435, in load
api  |     self.loaded_app = import_from_string(self.app)
api  |                       ~~~~~~~~~~~~~~~~~~^^^^^^^^^^
api  |   File "/usr/local/lib/python3.13/site-packages/uvicorn/importer.py", line 19, in import_from_string
api  |     module = importlib.import_module(module_str)
api  |   File "/usr/local/lib/python3.13/importlib/__init__.py", line 88, in import_module
api  |     return _bootstrap._gcd_import(name[level:], package, level)
api  |            ~~~~~~~~~~~~~~~~~~~~~~^^^^^^^^^^^^^^^^^^^^^^^^^^^^^^
api  |   File "<frozen importlib._bootstrap>", line 1395, in _gcd_import
api  |   File "<frozen importlib._bootstrap>", line 1360, in _find_and_load
api  |   File "<frozen importlib._bootstrap>", line 1331, in _find_and_load_unlocked
api  |   File "<frozen importlib._bootstrap>", line 935, in _load_unlocked
api  |   File "<frozen importlib._bootstrap_external>", line 1023, in exec_module
api  |   File "<frozen importlib._bootstrap>", line 488, in _call_with_frames_removed
api  |   File "/app/app/main.py", line 9, in <module>
api  |     from app.rabbitmq import rabbitmq_publisher
api  | ImportError: cannot import name 'rabbitmq_publisher' from 'app.rabbitmq' (/app/app/rabbitmq.py)
api  | Process SpawnProcess-10:
api  | Traceback (most recent call last):
api  |   File "/usr/local/lib/python3.13/multiprocessing/process.py", line 313, in _bootstrap
api  |     self.run()
api  |     ~~~~~~~~^^
api  |   File "/usr/local/lib/python3.13/multiprocessing/process.py", line 108, in run
api  |     self._target(*self._args, **self._kwargs)
api  |     ~~~~~~~~~~~~^^^^^^^^^^^^^^^^^^^^^^^^^^^^^
api  |   File "/usr/local/lib/python3.13/site-packages/uvicorn/_subprocess.py", line 80, in subprocess_started
api  |     target(sockets=sockets)
api  |     ~~~~~~^^^^^^^^^^^^^^^^^
api  |   File "/usr/local/lib/python3.13/site-packages/uvicorn/supervisors/multiprocess.py", line 63, in target
api  |     return self.real_target(sockets)
api  |            ~~~~~~~~~~~~~~~~^^^^^^^^^
api  |   File "/usr/local/lib/python3.13/site-packages/uvicorn/server.py", line 66, in run
api  |     return asyncio.run(self.serve(sockets=sockets))
api  |            ~~~~~~~~~~~^^^^^^^^^^^^^^^^^^^^^^^^^^^^^
api  |   File "/usr/local/lib/python3.13/asyncio/runners.py", line 195, in run
api  |     return runner.run(main)
api  |            ~~~~~~~~~~^^^^^^
api  |   File "/usr/local/lib/python3.13/asyncio/runners.py", line 118, in run
api  |     return self._loop.run_until_complete(task)
api  |            ~~~~~~~~~~~~~~~~~~~~~~~~~~~~~^^^^^^
api  |   File "uvloop/loop.pyx", line 1518, in uvloop.loop.Loop.run_until_complete
api  |   File "/usr/local/lib/python3.13/site-packages/uvicorn/server.py", line 70, in serve
api  |     await self._serve(sockets)
api  |   File "/usr/local/lib/python3.13/site-packages/uvicorn/server.py", line 77, in _serve
api  |     config.load()
api  |     ~~~~~~~~~~~^^
api  |   File "/usr/local/lib/python3.13/site-packages/uvicorn/config.py", line 435, in load
api  |     self.loaded_app = import_from_string(self.app)
api  |                       ~~~~~~~~~~~~~~~~~~^^^^^^^^^^
api  |   File "/usr/local/lib/python3.13/site-packages/uvicorn/importer.py", line 19, in import_from_string
api  |     module = importlib.import_module(module_str)
api  |   File "/usr/local/lib/python3.13/importlib/__init__.py", line 88, in import_module
api  |     return _bootstrap._gcd_import(name[level:], package, level)
api  |            ~~~~~~~~~~~~~~~~~~~~~~^^^^^^^^^^^^^^^^^^^^^^^^^^^^^^
api  |   File "<frozen importlib._bootstrap>", line 1395, in _gcd_import
api  |   File "<frozen importlib._bootstrap>", line 1360, in _find_and_load
api  |   File "<frozen importlib._bootstrap>", line 1331, in _find_and_load_unlocked
api  |   File "<frozen importlib._bootstrap>", line 935, in _load_unlocked
api  |   File "<frozen importlib._bootstrap_external>", line 1023, in exec_module
api  |   File "<frozen importlib._bootstrap>", line 488, in _call_with_frames_removed
api  |   File "/app/app/main.py", line 9, in <module>
api  |     from app.rabbitmq import rabbitmq_publisher
api  | ImportError: cannot import name 'rabbitmq_publisher' from 'app.rabbitmq' (/app/app/rabbitmq.py)
api  | Process SpawnProcess-12:
api  | Traceback (most recent call last):
api  |   File "/usr/local/lib/python3.13/multiprocessing/process.py", line 313, in _bootstrap
api  |     self.run()
api  |     ~~~~~~~~^^
api  |   File "/usr/local/lib/python3.13/multiprocessing/process.py", line 108, in run
api  |     self._target(*self._args, **self._kwargs)
api  |     ~~~~~~~~~~~~^^^^^^^^^^^^^^^^^^^^^^^^^^^^^
api  |   File "/usr/local/lib/python3.13/site-packages/uvicorn/_subprocess.py", line 80, in subprocess_started
api  |     target(sockets=sockets)
api  |     ~~~~~~^^^^^^^^^^^^^^^^^
api  |   File "/usr/local/lib/python3.13/site-packages/uvicorn/supervisors/multiprocess.py", line 63, in target
api  |     return self.real_target(sockets)
api  |            ~~~~~~~~~~~~~~~~^^^^^^^^^
api  |   File "/usr/local/lib/python3.13/site-packages/uvicorn/server.py", line 66, in run
api  |     return asyncio.run(self.serve(sockets=sockets))
api  |            ~~~~~~~~~~~^^^^^^^^^^^^^^^^^^^^^^^^^^^^^
api  |   File "/usr/local/lib/python3.13/asyncio/runners.py", line 195, in run
api  |     return runner.run(main)
api  |            ~~~~~~~~~~^^^^^^
api  |   File "/usr/local/lib/python3.13/asyncio/runners.py", line 118, in run
api  |     return self._loop.run_until_complete(task)
api  |            ~~~~~~~~~~~~~~~~~~~~~~~~~~~~~^^^^^^
api  |   File "uvloop/loop.pyx", line 1518, in uvloop.loop.Loop.run_until_complete
api  |   File "/usr/local/lib/python3.13/site-packages/uvicorn/server.py", line 70, in serve
api  |     await self._serve(sockets)
api  |   File "/usr/local/lib/python3.13/site-packages/uvicorn/server.py", line 77, in _serve
api  |     config.load()
api  |     ~~~~~~~~~~~^^
api  |   File "/usr/local/lib/python3.13/site-packages/uvicorn/config.py", line 435, in load
api  |     self.loaded_app = import_from_string(self.app)
api  |                       ~~~~~~~~~~~~~~~~~~^^^^^^^^^^
api  |   File "/usr/local/lib/python3.13/site-packages/uvicorn/importer.py", line 19, in import_from_string
api  |     module = importlib.import_module(module_str)
api  |   File "/usr/local/lib/python3.13/importlib/__init__.py", line 88, in import_module
api  |     return _bootstrap._gcd_import(name[level:], package, level)
api  |            ~~~~~~~~~~~~~~~~~~~~~~^^^^^^^^^^^^^^^^^^^^^^^^^^^^^^
api  |   File "<frozen importlib._bootstrap>", line 1395, in _gcd_import
api  |   File "<frozen importlib._bootstrap>", line 1360, in _find_and_load
api  |   File "<frozen importlib._bootstrap>", line 1331, in _find_and_load_unlocked
api  |   File "<frozen importlib._bootstrap>", line 935, in _load_unlocked
api  |   File "<frozen importlib._bootstrap_external>", line 1023, in exec_module
api  |   File "<frozen importlib._bootstrap>", line 488, in _call_with_frames_removed
api  |   File "/app/app/main.py", line 9, in <module>
api  |     from app.rabbitmq import rabbitmq_publisher
api  | ImportError: cannot import name 'rabbitmq_publisher' from 'app.rabbitmq' (/app/app/rabbitmq.py)
api  | INFO:     Waiting for child process [25]
api  | INFO:     Child process [25] died
api  | INFO:     Waiting for child process [26]
api  | INFO:     Child process [26] died
api  | INFO:     Waiting for child process [27]
api  | INFO:     Child process [27] died
api  | Process SpawnProcess-13:
api  | Traceback (most recent call last):
api  |   File "/usr/local/lib/python3.13/multiprocessing/process.py", line 313, in _bootstrap
api  |     self.run()
api  |     ~~~~~~~~^^
api  |   File "/usr/local/lib/python3.13/multiprocessing/process.py", line 108, in run
api  |     self._target(*self._args, **self._kwargs)
api  |     ~~~~~~~~~~~~^^^^^^^^^^^^^^^^^^^^^^^^^^^^^
api  |   File "/usr/local/lib/python3.13/site-packages/uvicorn/_subprocess.py", line 80, in subprocess_started
api  |     target(sockets=sockets)
api  |     ~~~~~~^^^^^^^^^^^^^^^^^
api  |   File "/usr/local/lib/python3.13/site-packages/uvicorn/supervisors/multiprocess.py", line 63, in target
api  |     return self.real_target(sockets)
api  |            ~~~~~~~~~~~~~~~~^^^^^^^^^
api  |   File "/usr/local/lib/python3.13/site-packages/uvicorn/server.py", line 66, in run
api  |     return asyncio.run(self.serve(sockets=sockets))
api  |            ~~~~~~~~~~~^^^^^^^^^^^^^^^^^^^^^^^^^^^^^
api  |   File "/usr/local/lib/python3.13/asyncio/runners.py", line 195, in run
api  |     return runner.run(main)
api  |            ~~~~~~~~~~^^^^^^
api  |   File "/usr/local/lib/python3.13/asyncio/runners.py", line 118, in run
api  |     return self._loop.run_until_complete(task)
api  |            ~~~~~~~~~~~~~~~~~~~~~~~~~~~~~^^^^^^
api  |   File "uvloop/loop.pyx", line 1518, in uvloop.loop.Loop.run_until_complete
api  |   File "/usr/local/lib/python3.13/site-packages/uvicorn/server.py", line 70, in serve
api  |     await self._serve(sockets)
api  |   File "/usr/local/lib/python3.13/site-packages/uvicorn/server.py", line 77, in _serve
api  |     config.load()
api  |     ~~~~~~~~~~~^^
api  |   File "/usr/local/lib/python3.13/site-packages/uvicorn/config.py", line 435, in load
api  |     self.loaded_app = import_from_string(self.app)
api  |                       ~~~~~~~~~~~~~~~~~~^^^^^^^^^^
api  |   File "/usr/local/lib/python3.13/site-packages/uvicorn/importer.py", line 19, in import_from_string
api  |     module = importlib.import_module(module_str)
api  |   File "/usr/local/lib/python3.13/importlib/__init__.py", line 88, in import_module
api  |     return _bootstrap._gcd_import(name[level:], package, level)
api  |            ~~~~~~~~~~~~~~~~~~~~~~^^^^^^^^^^^^^^^^^^^^^^^^^^^^^^
api  |   File "<frozen importlib._bootstrap>", line 1395, in _gcd_import
api  |   File "<frozen importlib._bootstrap>", line 1360, in _find_and_load
api  |   File "<frozen importlib._bootstrap>", line 1331, in _find_and_load_unlocked
api  |   File "<frozen importlib._bootstrap>", line 935, in _load_unlocked
api  |   File "<frozen importlib._bootstrap_external>", line 1023, in exec_module
api  |   File "<frozen importlib._bootstrap>", line 488, in _call_with_frames_removed
api  |   File "/app/app/main.py", line 9, in <module>
api  |     from app.rabbitmq import rabbitmq_publisher
api  | ImportError: cannot import name 'rabbitmq_publisher' from 'app.rabbitmq' (/app/app/rabbitmq.py)
api  | INFO:     Waiting for child process [28]
api  | INFO:     Child process [28] died
api  | Process SpawnProcess-16:
api  | Process SpawnProcess-14:
api  | Traceback (most recent call last):
api  |   File "/usr/local/lib/python3.13/multiprocessing/process.py", line 313, in _bootstrap
api  |     self.run()
api  |     ~~~~~~~~^^
api  |   File "/usr/local/lib/python3.13/multiprocessing/process.py", line 108, in run
api  |     self._target(*self._args, **self._kwargs)
api  |     ~~~~~~~~~~~~^^^^^^^^^^^^^^^^^^^^^^^^^^^^^
api  |   File "/usr/local/lib/python3.13/site-packages/uvicorn/_subprocess.py", line 80, in subprocess_started
api  |     target(sockets=sockets)
api  |     ~~~~~~^^^^^^^^^^^^^^^^^
api  |   File "/usr/local/lib/python3.13/site-packages/uvicorn/supervisors/multiprocess.py", line 63, in target
api  |     return self.real_target(sockets)
api  |            ~~~~~~~~~~~~~~~~^^^^^^^^^
api  |   File "/usr/local/lib/python3.13/site-packages/uvicorn/server.py", line 66, in run
api  |     return asyncio.run(self.serve(sockets=sockets))
api  |            ~~~~~~~~~~~^^^^^^^^^^^^^^^^^^^^^^^^^^^^^
api  |   File "/usr/local/lib/python3.13/asyncio/runners.py", line 195, in run
api  |     return runner.run(main)
api  |            ~~~~~~~~~~^^^^^^
api  |   File "/usr/local/lib/python3.13/asyncio/runners.py", line 118, in run
api  |     return self._loop.run_until_complete(task)
api  |            ~~~~~~~~~~~~~~~~~~~~~~~~~~~~~^^^^^^
api  |   File "uvloop/loop.pyx", line 1518, in uvloop.loop.Loop.run_until_complete
api  |   File "/usr/local/lib/python3.13/site-packages/uvicorn/server.py", line 70, in serve
api  |     await self._serve(sockets)
api  |   File "/usr/local/lib/python3.13/site-packages/uvicorn/server.py", line 77, in _serve
api  |     config.load()
api  |     ~~~~~~~~~~~^^
api  |   File "/usr/local/lib/python3.13/site-packages/uvicorn/config.py", line 435, in load
api  |     self.loaded_app = import_from_string(self.app)
api  |                       ~~~~~~~~~~~~~~~~~~^^^^^^^^^^
api  |   File "/usr/local/lib/python3.13/site-packages/uvicorn/importer.py", line 19, in import_from_string
api  |     module = importlib.import_module(module_str)
api  |   File "/usr/local/lib/python3.13/importlib/__init__.py", line 88, in import_module
api  |     return _bootstrap._gcd_import(name[level:], package, level)
api  |            ~~~~~~~~~~~~~~~~~~~~~~^^^^^^^^^^^^^^^^^^^^^^^^^^^^^^
api  |   File "<frozen importlib._bootstrap>", line 1395, in _gcd_import
api  |   File "<frozen importlib._bootstrap>", line 1360, in _find_and_load
api  |   File "<frozen importlib._bootstrap>", line 1331, in _find_and_load_unlocked
api  |   File "<frozen importlib._bootstrap>", line 935, in _load_unlocked
api  |   File "<frozen importlib._bootstrap_external>", line 1023, in exec_module
api  |   File "<frozen importlib._bootstrap>", line 488, in _call_with_frames_removed
api  |   File "/app/app/main.py", line 9, in <module>
api  |     from app.rabbitmq import rabbitmq_publisher
api  | ImportError: cannot import name 'rabbitmq_publisher' from 'app.rabbitmq' (/app/app/rabbitmq.py)
api  | Traceback (most recent call last):
api  |   File "/usr/local/lib/python3.13/multiprocessing/process.py", line 313, in _bootstrap
api  |     self.run()
api  |     ~~~~~~~~^^
api  |   File "/usr/local/lib/python3.13/multiprocessing/process.py", line 108, in run
api  |     self._target(*self._args, **self._kwargs)
api  |     ~~~~~~~~~~~~^^^^^^^^^^^^^^^^^^^^^^^^^^^^^
api  |   File "/usr/local/lib/python3.13/site-packages/uvicorn/_subprocess.py", line 80, in subprocess_started
api  |     target(sockets=sockets)
api  |     ~~~~~~^^^^^^^^^^^^^^^^^
api  |   File "/usr/local/lib/python3.13/site-packages/uvicorn/supervisors/multiprocess.py", line 63, in target
api  |     return self.real_target(sockets)
api  |            ~~~~~~~~~~~~~~~~^^^^^^^^^
api  |   File "/usr/local/lib/python3.13/site-packages/uvicorn/server.py", line 66, in run
api  |     return asyncio.run(self.serve(sockets=sockets))
api  |            ~~~~~~~~~~~^^^^^^^^^^^^^^^^^^^^^^^^^^^^^
api  |   File "/usr/local/lib/python3.13/asyncio/runners.py", line 195, in run
api  |     return runner.run(main)
api  |            ~~~~~~~~~~^^^^^^
api  |   File "/usr/local/lib/python3.13/asyncio/runners.py", line 118, in run
api  |     return self._loop.run_until_complete(task)
api  |            ~~~~~~~~~~~~~~~~~~~~~~~~~~~~~^^^^^^
api  |   File "uvloop/loop.pyx", line 1518, in uvloop.loop.Loop.run_until_complete
api  |   File "/usr/local/lib/python3.13/site-packages/uvicorn/server.py", line 70, in serve
api  |     await self._serve(sockets)
api  |   File "/usr/local/lib/python3.13/site-packages/uvicorn/server.py", line 77, in _serve
api  |     config.load()
api  |     ~~~~~~~~~~~^^
api  |   File "/usr/local/lib/python3.13/site-packages/uvicorn/config.py", line 435, in load
api  |     self.loaded_app = import_from_string(self.app)
api  |                       ~~~~~~~~~~~~~~~~~~^^^^^^^^^^
api  |   File "/usr/local/lib/python3.13/site-packages/uvicorn/importer.py", line 19, in import_from_string
api  |     module = importlib.import_module(module_str)
api  |   File "/usr/local/lib/python3.13/importlib/__init__.py", line 88, in import_module
api  |     return _bootstrap._gcd_import(name[level:], package, level)
api  |            ~~~~~~~~~~~~~~~~~~~~~~^^^^^^^^^^^^^^^^^^^^^^^^^^^^^^
api  |   File "<frozen importlib._bootstrap>", line 1395, in _gcd_import
api  |   File "<frozen importlib._bootstrap>", line 1360, in _find_and_load
api  |   File "<frozen importlib._bootstrap>", line 1331, in _find_and_load_unlocked
api  |   File "<frozen importlib._bootstrap>", line 935, in _load_unlocked
api  |   File "<frozen importlib._bootstrap_external>", line 1023, in exec_module
api  |   File "<frozen importlib._bootstrap>", line 488, in _call_with_frames_removed
api  |   File "/app/app/main.py", line 9, in <module>
api  |     from app.rabbitmq import rabbitmq_publisher
api  | ImportError: cannot import name 'rabbitmq_publisher' from 'app.rabbitmq' (/app/app/rabbitmq.py)
api  | Process SpawnProcess-15:
api  | Traceback (most recent call last):
api  |   File "/usr/local/lib/python3.13/multiprocessing/process.py", line 313, in _bootstrap
api  |     self.run()
api  |     ~~~~~~~~^^
api  |   File "/usr/local/lib/python3.13/multiprocessing/process.py", line 108, in run
api  |     self._target(*self._args, **self._kwargs)
api  |     ~~~~~~~~~~~~^^^^^^^^^^^^^^^^^^^^^^^^^^^^^
api  |   File "/usr/local/lib/python3.13/site-packages/uvicorn/_subprocess.py", line 80, in subprocess_started
api  |     target(sockets=sockets)
api  |     ~~~~~~^^^^^^^^^^^^^^^^^
api  |   File "/usr/local/lib/python3.13/site-packages/uvicorn/supervisors/multiprocess.py", line 63, in target
api  |     return self.real_target(sockets)
api  |            ~~~~~~~~~~~~~~~~^^^^^^^^^
api  |   File "/usr/local/lib/python3.13/site-packages/uvicorn/server.py", line 66, in run
api  |     return asyncio.run(self.serve(sockets=sockets))
api  |            ~~~~~~~~~~~^^^^^^^^^^^^^^^^^^^^^^^^^^^^^
api  |   File "/usr/local/lib/python3.13/asyncio/runners.py", line 195, in run
api  |     return runner.run(main)
api  |            ~~~~~~~~~~^^^^^^
api  |   File "/usr/local/lib/python3.13/asyncio/runners.py", line 118, in run
api  |     return self._loop.run_until_complete(task)
api  |            ~~~~~~~~~~~~~~~~~~~~~~~~~~~~~^^^^^^
api  |   File "uvloop/loop.pyx", line 1518, in uvloop.loop.Loop.run_until_complete
api  |   File "/usr/local/lib/python3.13/site-packages/uvicorn/server.py", line 70, in serve
api  |     await self._serve(sockets)
api  |   File "/usr/local/lib/python3.13/site-packages/uvicorn/server.py", line 77, in _serve
api  |     config.load()
api  |     ~~~~~~~~~~~^^
api  |   File "/usr/local/lib/python3.13/site-packages/uvicorn/config.py", line 435, in load
api  |     self.loaded_app = import_from_string(self.app)
api  |                       ~~~~~~~~~~~~~~~~~~^^^^^^^^^^
api  |   File "/usr/local/lib/python3.13/site-packages/uvicorn/importer.py", line 19, in import_from_string
api  |     module = importlib.import_module(module_str)
api  |   File "/usr/local/lib/python3.13/importlib/__init__.py", line 88, in import_module
api  |     return _bootstrap._gcd_import(name[level:], package, level)
api  |            ~~~~~~~~~~~~~~~~~~~~~~^^^^^^^^^^^^^^^^^^^^^^^^^^^^^^
api  |   File "<frozen importlib._bootstrap>", line 1395, in _gcd_import
api  |   File "<frozen importlib._bootstrap>", line 1360, in _find_and_load
api  |   File "<frozen importlib._bootstrap>", line 1331, in _find_and_load_unlocked
api  |   File "<frozen importlib._bootstrap>", line 935, in _load_unlocked
api  |   File "<frozen importlib._bootstrap_external>", line 1023, in exec_module
api  |   File "<frozen importlib._bootstrap>", line 488, in _call_with_frames_removed
api  |   File "/app/app/main.py", line 9, in <module>
api  |     from app.rabbitmq import rabbitmq_publisher
api  | ImportError: cannot import name 'rabbitmq_publisher' from 'app.rabbitmq' (/app/app/rabbitmq.py)
api  | INFO:     Waiting for child process [33]
api  | INFO:     Child process [33] died
api  | INFO:     Waiting for child process [34]
api  | INFO:     Child process [34] died
api  | INFO:     Waiting for child process [35]
api  | INFO:     Child process [35] died
api  | Process SpawnProcess-17:
api  | Traceback (most recent call last):
api  |   File "/usr/local/lib/python3.13/multiprocessing/process.py", line 313, in _bootstrap
api  |     self.run()
api  |     ~~~~~~~~^^
api  |   File "/usr/local/lib/python3.13/multiprocessing/process.py", line 108, in run
api  |     self._target(*self._args, **self._kwargs)
api  |     ~~~~~~~~~~~~^^^^^^^^^^^^^^^^^^^^^^^^^^^^^
api  |   File "/usr/local/lib/python3.13/site-packages/uvicorn/_subprocess.py", line 80, in subprocess_started
api  |     target(sockets=sockets)
api  |     ~~~~~~^^^^^^^^^^^^^^^^^
api  |   File "/usr/local/lib/python3.13/site-packages/uvicorn/supervisors/multiprocess.py", line 63, in target
api  |     return self.real_target(sockets)
api  |            ~~~~~~~~~~~~~~~~^^^^^^^^^
api  |   File "/usr/local/lib/python3.13/site-packages/uvicorn/server.py", line 66, in run
api  |     return asyncio.run(self.serve(sockets=sockets))
api  |            ~~~~~~~~~~~^^^^^^^^^^^^^^^^^^^^^^^^^^^^^
api  |   File "/usr/local/lib/python3.13/asyncio/runners.py", line 195, in run
api  |     return runner.run(main)
api  |            ~~~~~~~~~~^^^^^^
api  |   File "/usr/local/lib/python3.13/asyncio/runners.py", line 118, in run
api  |     return self._loop.run_until_complete(task)
api  |            ~~~~~~~~~~~~~~~~~~~~~~~~~~~~~^^^^^^
api  |   File "uvloop/loop.pyx", line 1518, in uvloop.loop.Loop.run_until_complete
api  |   File "/usr/local/lib/python3.13/site-packages/uvicorn/server.py", line 70, in serve
api  |     await self._serve(sockets)
api  |   File "/usr/local/lib/python3.13/site-packages/uvicorn/server.py", line 77, in _serve
api  |     config.load()
api  |     ~~~~~~~~~~~^^
api  |   File "/usr/local/lib/python3.13/site-packages/uvicorn/config.py", line 435, in load
api  |     self.loaded_app = import_from_string(self.app)
api  |                       ~~~~~~~~~~~~~~~~~~^^^^^^^^^^
api  |   File "/usr/local/lib/python3.13/site-packages/uvicorn/importer.py", line 19, in import_from_string
api  |     module = importlib.import_module(module_str)
api  |   File "/usr/local/lib/python3.13/importlib/__init__.py", line 88, in import_module
api  |     return _bootstrap._gcd_import(name[level:], package, level)
api  |            ~~~~~~~~~~~~~~~~~~~~~~^^^^^^^^^^^^^^^^^^^^^^^^^^^^^^
api  |   File "<frozen importlib._bootstrap>", line 1395, in _gcd_import
api  |   File "<frozen importlib._bootstrap>", line 1360, in _find_and_load
api  |   File "<frozen importlib._bootstrap>", line 1331, in _find_and_load_unlocked
api  |   File "<frozen importlib._bootstrap>", line 935, in _load_unlocked
api  |   File "<frozen importlib._bootstrap_external>", line 1023, in exec_module
api  |   File "<frozen importlib._bootstrap>", line 488, in _call_with_frames_removed
api  |   File "/app/app/main.py", line 9, in <module>
api  |     from app.rabbitmq import rabbitmq_publisher
api  | ImportError: cannot import name 'rabbitmq_publisher' from 'app.rabbitmq' (/app/app/rabbitmq.py)
api  | INFO:     Waiting for child process [36]
api  | INFO:     Child process [36] died
api  | Process SpawnProcess-18:
api  | Traceback (most recent call last):
api  |   File "/usr/local/lib/python3.13/multiprocessing/process.py", line 313, in _bootstrap
api  |     self.run()
api  |     ~~~~~~~~^^
api  |   File "/usr/local/lib/python3.13/multiprocessing/process.py", line 108, in run
api  |     self._target(*self._args, **self._kwargs)
api  |     ~~~~~~~~~~~~^^^^^^^^^^^^^^^^^^^^^^^^^^^^^
api  |   File "/usr/local/lib/python3.13/site-packages/uvicorn/_subprocess.py", line 80, in subprocess_started
api  |     target(sockets=sockets)
api  |     ~~~~~~^^^^^^^^^^^^^^^^^
api  |   File "/usr/local/lib/python3.13/site-packages/uvicorn/supervisors/multiprocess.py", line 63, in target
api  |     return self.real_target(sockets)
api  |            ~~~~~~~~~~~~~~~~^^^^^^^^^
api  |   File "/usr/local/lib/python3.13/site-packages/uvicorn/server.py", line 66, in run
api  |     return asyncio.run(self.serve(sockets=sockets))
api  |            ~~~~~~~~~~~^^^^^^^^^^^^^^^^^^^^^^^^^^^^^
api  |   File "/usr/local/lib/python3.13/asyncio/runners.py", line 195, in run
api  |     return runner.run(main)
api  |            ~~~~~~~~~~^^^^^^
api  |   File "/usr/local/lib/python3.13/asyncio/runners.py", line 118, in run
api  |     return self._loop.run_until_complete(task)
api  |            ~~~~~~~~~~~~~~~~~~~~~~~~~~~~~^^^^^^
api  |   File "uvloop/loop.pyx", line 1518, in uvloop.loop.Loop.run_until_complete
api  |   File "/usr/local/lib/python3.13/site-packages/uvicorn/server.py", line 70, in serve
api  |     await self._serve(sockets)
api  |   File "/usr/local/lib/python3.13/site-packages/uvicorn/server.py", line 77, in _serve
api  |     config.load()
api  |     ~~~~~~~~~~~^^
api  |   File "/usr/local/lib/python3.13/site-packages/uvicorn/config.py", line 435, in load
api  |     self.loaded_app = import_from_string(self.app)
api  |                       ~~~~~~~~~~~~~~~~~~^^^^^^^^^^
api  |   File "/usr/local/lib/python3.13/site-packages/uvicorn/importer.py", line 19, in import_from_string
api  |     module = importlib.import_module(module_str)
api  |   File "/usr/local/lib/python3.13/importlib/__init__.py", line 88, in import_module
api  |     return _bootstrap._gcd_import(name[level:], package, level)
api  |            ~~~~~~~~~~~~~~~~~~~~~~^^^^^^^^^^^^^^^^^^^^^^^^^^^^^^
api  |   File "<frozen importlib._bootstrap>", line 1395, in _gcd_import
api  |   File "<frozen importlib._bootstrap>", line 1360, in _find_and_load
api  |   File "<frozen importlib._bootstrap>", line 1331, in _find_and_load_unlocked
api  |   File "<frozen importlib._bootstrap>", line 935, in _load_unlocked
api  |   File "<frozen importlib._bootstrap_external>", line 1023, in exec_module
api  |   File "<frozen importlib._bootstrap>", line 488, in _call_with_frames_removed
api  |   File "/app/app/main.py", line 9, in <module>
api  |     from app.rabbitmq import rabbitmq_publisher
api  | ImportError: cannot import name 'rabbitmq_publisher' from 'app.rabbitmq' (/app/app/rabbitmq.py)
api  | Process SpawnProcess-20:
api  | Traceback (most recent call last):
api  |   File "/usr/local/lib/python3.13/multiprocessing/process.py", line 313, in _bootstrap
api  |     self.run()
api  |     ~~~~~~~~^^
api  |   File "/usr/local/lib/python3.13/multiprocessing/process.py", line 108, in run
api  |     self._target(*self._args, **self._kwargs)
api  |     ~~~~~~~~~~~~^^^^^^^^^^^^^^^^^^^^^^^^^^^^^
api  |   File "/usr/local/lib/python3.13/site-packages/uvicorn/_subprocess.py", line 80, in subprocess_started
api  |     target(sockets=sockets)
api  |     ~~~~~~^^^^^^^^^^^^^^^^^
api  |   File "/usr/local/lib/python3.13/site-packages/uvicorn/supervisors/multiprocess.py", line 63, in target
api  |     return self.real_target(sockets)
api  |            ~~~~~~~~~~~~~~~~^^^^^^^^^
api  |   File "/usr/local/lib/python3.13/site-packages/uvicorn/server.py", line 66, in run
api  |     return asyncio.run(self.serve(sockets=sockets))
api  |            ~~~~~~~~~~~^^^^^^^^^^^^^^^^^^^^^^^^^^^^^
api  |   File "/usr/local/lib/python3.13/asyncio/runners.py", line 195, in run
api  |     return runner.run(main)
api  |            ~~~~~~~~~~^^^^^^
api  |   File "/usr/local/lib/python3.13/asyncio/runners.py", line 118, in run
api  |     return self._loop.run_until_complete(task)
api  |            ~~~~~~~~~~~~~~~~~~~~~~~~~~~~~^^^^^^
api  |   File "uvloop/loop.pyx", line 1518, in uvloop.loop.Loop.run_until_complete
api  |   File "/usr/local/lib/python3.13/site-packages/uvicorn/server.py", line 70, in serve
api  |     await self._serve(sockets)
api  |   File "/usr/local/lib/python3.13/site-packages/uvicorn/server.py", line 77, in _serve
api  |     config.load()
api  |     ~~~~~~~~~~~^^
api  |   File "/usr/local/lib/python3.13/site-packages/uvicorn/config.py", line 435, in load
api  |     self.loaded_app = import_from_string(self.app)
api  |                       ~~~~~~~~~~~~~~~~~~^^^^^^^^^^
api  |   File "/usr/local/lib/python3.13/site-packages/uvicorn/importer.py", line 19, in import_from_string
api  |     module = importlib.import_module(module_str)
api  |   File "/usr/local/lib/python3.13/importlib/__init__.py", line 88, in import_module
api  |     return _bootstrap._gcd_import(name[level:], package, level)
api  |            ~~~~~~~~~~~~~~~~~~~~~~^^^^^^^^^^^^^^^^^^^^^^^^^^^^^^
api  |   File "<frozen importlib._bootstrap>", line 1395, in _gcd_import
api  |   File "<frozen importlib._bootstrap>", line 1360, in _find_and_load
api  |   File "<frozen importlib._bootstrap>", line 1331, in _find_and_load_unlocked
api  |   File "<frozen importlib._bootstrap>", line 935, in _load_unlocked
api  |   File "<frozen importlib._bootstrap_external>", line 1023, in exec_module
api  |   File "<frozen importlib._bootstrap>", line 488, in _call_with_frames_removed
api  |   File "/app/app/main.py", line 9, in <module>
api  |     from app.rabbitmq import rabbitmq_publisher
api  | ImportError: cannot import name 'rabbitmq_publisher' from 'app.rabbitmq' (/app/app/rabbitmq.py)
api  | Process SpawnProcess-19:
api  | Traceback (most recent call last):
api  |   File "/usr/local/lib/python3.13/multiprocessing/process.py", line 313, in _bootstrap
api  |     self.run()
api  |     ~~~~~~~~^^
api  |   File "/usr/local/lib/python3.13/multiprocessing/process.py", line 108, in run
api  |     self._target(*self._args, **self._kwargs)
api  |     ~~~~~~~~~~~~^^^^^^^^^^^^^^^^^^^^^^^^^^^^^
api  |   File "/usr/local/lib/python3.13/site-packages/uvicorn/_subprocess.py", line 80, in subprocess_started
api  |     target(sockets=sockets)
api  |     ~~~~~~^^^^^^^^^^^^^^^^^
api  |   File "/usr/local/lib/python3.13/site-packages/uvicorn/supervisors/multiprocess.py", line 63, in target
api  |     return self.real_target(sockets)
api  |            ~~~~~~~~~~~~~~~~^^^^^^^^^
api  |   File "/usr/local/lib/python3.13/site-packages/uvicorn/server.py", line 66, in run
api  |     return asyncio.run(self.serve(sockets=sockets))
api  |            ~~~~~~~~~~~^^^^^^^^^^^^^^^^^^^^^^^^^^^^^
api  |   File "/usr/local/lib/python3.13/asyncio/runners.py", line 195, in run
api  |     return runner.run(main)
api  |            ~~~~~~~~~~^^^^^^
api  |   File "/usr/local/lib/python3.13/asyncio/runners.py", line 118, in run
api  |     return self._loop.run_until_complete(task)
api  |            ~~~~~~~~~~~~~~~~~~~~~~~~~~~~~^^^^^^
api  |   File "uvloop/loop.pyx", line 1518, in uvloop.loop.Loop.run_until_complete
api  |   File "/usr/local/lib/python3.13/site-packages/uvicorn/server.py", line 70, in serve
api  |     await self._serve(sockets)
api  |   File "/usr/local/lib/python3.13/site-packages/uvicorn/server.py", line 77, in _serve
api  |     config.load()
api  |     ~~~~~~~~~~~^^
api  |   File "/usr/local/lib/python3.13/site-packages/uvicorn/config.py", line 435, in load
api  |     self.loaded_app = import_from_string(self.app)
api  |                       ~~~~~~~~~~~~~~~~~~^^^^^^^^^^
api  |   File "/usr/local/lib/python3.13/site-packages/uvicorn/importer.py", line 19, in import_from_string
api  |     module = importlib.import_module(module_str)
api  |   File "/usr/local/lib/python3.13/importlib/__init__.py", line 88, in import_module
api  |     return _bootstrap._gcd_import(name[level:], package, level)
api  |            ~~~~~~~~~~~~~~~~~~~~~~^^^^^^^^^^^^^^^^^^^^^^^^^^^^^^
api  |   File "<frozen importlib._bootstrap>", line 1395, in _gcd_import
api  |   File "<frozen importlib._bootstrap>", line 1360, in _find_and_load
api  |   File "<frozen importlib._bootstrap>", line 1331, in _find_and_load_unlocked
api  |   File "<frozen importlib._bootstrap>", line 935, in _load_unlocked
api  |   File "<frozen importlib._bootstrap_external>", line 1023, in exec_module
api  |   File "<frozen importlib._bootstrap>", line 488, in _call_with_frames_removed
api  |   File "/app/app/main.py", line 9, in <module>
api  |     from app.rabbitmq import rabbitmq_publisher
api  | ImportError: cannot import name 'rabbitmq_publisher' from 'app.rabbitmq' (/app/app/rabbitmq.py)
api  | INFO:     Waiting for child process [41]
api  | INFO:     Child process [41] died
api  | INFO:     Waiting for child process [42]
api  | INFO:     Child process [42] died
api  | INFO:     Waiting for child process [43]
api  | INFO:     Child process [43] died
api  | Process SpawnProcess-21:
api  | Traceback (most recent call last):
api  |   File "/usr/local/lib/python3.13/multiprocessing/process.py", line 313, in _bootstrap
api  |     self.run()
api  |     ~~~~~~~~^^
api  |   File "/usr/local/lib/python3.13/multiprocessing/process.py", line 108, in run
api  |     self._target(*self._args, **self._kwargs)
api  |     ~~~~~~~~~~~~^^^^^^^^^^^^^^^^^^^^^^^^^^^^^
api  |   File "/usr/local/lib/python3.13/site-packages/uvicorn/_subprocess.py", line 80, in subprocess_started
api  |     target(sockets=sockets)
api  |     ~~~~~~^^^^^^^^^^^^^^^^^
api  |   File "/usr/local/lib/python3.13/site-packages/uvicorn/supervisors/multiprocess.py", line 63, in target
api  |     return self.real_target(sockets)
api  |            ~~~~~~~~~~~~~~~~^^^^^^^^^
api  |   File "/usr/local/lib/python3.13/site-packages/uvicorn/server.py", line 66, in run
api  |     return asyncio.run(self.serve(sockets=sockets))
api  |            ~~~~~~~~~~~^^^^^^^^^^^^^^^^^^^^^^^^^^^^^
api  |   File "/usr/local/lib/python3.13/asyncio/runners.py", line 195, in run
api  |     return runner.run(main)
api  |            ~~~~~~~~~~^^^^^^
api  |   File "/usr/local/lib/python3.13/asyncio/runners.py", line 118, in run
api  |     return self._loop.run_until_complete(task)
api  |            ~~~~~~~~~~~~~~~~~~~~~~~~~~~~~^^^^^^
api  |   File "uvloop/loop.pyx", line 1518, in uvloop.loop.Loop.run_until_complete
api  |   File "/usr/local/lib/python3.13/site-packages/uvicorn/server.py", line 70, in serve
api  |     await self._serve(sockets)
api  |   File "/usr/local/lib/python3.13/site-packages/uvicorn/server.py", line 77, in _serve
api  |     config.load()
api  |     ~~~~~~~~~~~^^
api  |   File "/usr/local/lib/python3.13/site-packages/uvicorn/config.py", line 435, in load
api  |     self.loaded_app = import_from_string(self.app)
api  |                       ~~~~~~~~~~~~~~~~~~^^^^^^^^^^
api  |   File "/usr/local/lib/python3.13/site-packages/uvicorn/importer.py", line 19, in import_from_string
api  |     module = importlib.import_module(module_str)
api  |   File "/usr/local/lib/python3.13/importlib/__init__.py", line 88, in import_module
api  |     return _bootstrap._gcd_import(name[level:], package, level)
api  |            ~~~~~~~~~~~~~~~~~~~~~~^^^^^^^^^^^^^^^^^^^^^^^^^^^^^^
api  |   File "<frozen importlib._bootstrap>", line 1395, in _gcd_import
api  |   File "<frozen importlib._bootstrap>", line 1360, in _find_and_load
api  |   File "<frozen importlib._bootstrap>", line 1331, in _find_and_load_unlocked
api  |   File "<frozen importlib._bootstrap>", line 935, in _load_unlocked
api  |   File "<frozen importlib._bootstrap_external>", line 1023, in exec_module
api  |   File "<frozen importlib._bootstrap>", line 488, in _call_with_frames_removed
api  |   File "/app/app/main.py", line 9, in <module>
api  |     from app.rabbitmq import rabbitmq_publisher
api  | ImportError: cannot import name 'rabbitmq_publisher' from 'app.rabbitmq' (/app/app/rabbitmq.py)
api  | INFO:     Waiting for child process [44]
api  | INFO:     Child process [44] died
api  | Process SpawnProcess-23:
api  | Traceback (most recent call last):
api  |   File "/usr/local/lib/python3.13/multiprocessing/process.py", line 313, in _bootstrap
api  |     self.run()
api  |     ~~~~~~~~^^
api  |   File "/usr/local/lib/python3.13/multiprocessing/process.py", line 108, in run
api  |     self._target(*self._args, **self._kwargs)
api  |     ~~~~~~~~~~~~^^^^^^^^^^^^^^^^^^^^^^^^^^^^^
api  |   File "/usr/local/lib/python3.13/site-packages/uvicorn/_subprocess.py", line 80, in subprocess_started
api  |     target(sockets=sockets)
api  |     ~~~~~~^^^^^^^^^^^^^^^^^
api  |   File "/usr/local/lib/python3.13/site-packages/uvicorn/supervisors/multiprocess.py", line 63, in target
api  |     return self.real_target(sockets)
api  |            ~~~~~~~~~~~~~~~~^^^^^^^^^
api  |   File "/usr/local/lib/python3.13/site-packages/uvicorn/server.py", line 66, in run
api  |     return asyncio.run(self.serve(sockets=sockets))
api  |            ~~~~~~~~~~~^^^^^^^^^^^^^^^^^^^^^^^^^^^^^
api  |   File "/usr/local/lib/python3.13/asyncio/runners.py", line 195, in run
api  |     return runner.run(main)
api  |            ~~~~~~~~~~^^^^^^
api  |   File "/usr/local/lib/python3.13/asyncio/runners.py", line 118, in run
api  |     return self._loop.run_until_complete(task)
api  |            ~~~~~~~~~~~~~~~~~~~~~~~~~~~~~^^^^^^
api  |   File "uvloop/loop.pyx", line 1518, in uvloop.loop.Loop.run_until_complete
api  |   File "/usr/local/lib/python3.13/site-packages/uvicorn/server.py", line 70, in serve
api  |     await self._serve(sockets)
api  |   File "/usr/local/lib/python3.13/site-packages/uvicorn/server.py", line 77, in _serve
api  |     config.load()
api  |     ~~~~~~~~~~~^^
api  |   File "/usr/local/lib/python3.13/site-packages/uvicorn/config.py", line 435, in load
api  |     self.loaded_app = import_from_string(self.app)
api  |                       ~~~~~~~~~~~~~~~~~~^^^^^^^^^^
api  |   File "/usr/local/lib/python3.13/site-packages/uvicorn/importer.py", line 19, in import_from_string
api  |     module = importlib.import_module(module_str)
api  |   File "/usr/local/lib/python3.13/importlib/__init__.py", line 88, in import_module
api  |     return _bootstrap._gcd_import(name[level:], package, level)
api  |            ~~~~~~~~~~~~~~~~~~~~~~^^^^^^^^^^^^^^^^^^^^^^^^^^^^^^
api  |   File "<frozen importlib._bootstrap>", line 1395, in _gcd_import
api  |   File "<frozen importlib._bootstrap>", line 1360, in _find_and_load
api  |   File "<frozen importlib._bootstrap>", line 1331, in _find_and_load_unlocked
api  |   File "<frozen importlib._bootstrap>", line 935, in _load_unlocked
api  |   File "<frozen importlib._bootstrap_external>", line 1023, in exec_module
api  |   File "<frozen importlib._bootstrap>", line 488, in _call_with_frames_removed
api  |   File "/app/app/main.py", line 9, in <module>
api  |     from app.rabbitmq import rabbitmq_publisher
api  | ImportError: cannot import name 'rabbitmq_publisher' from 'app.rabbitmq' (/app/app/rabbitmq.py)
api  | Process SpawnProcess-24:
api  | Traceback (most recent call last):
api  |   File "/usr/local/lib/python3.13/multiprocessing/process.py", line 313, in _bootstrap
api  |     self.run()
api  |     ~~~~~~~~^^
api  |   File "/usr/local/lib/python3.13/multiprocessing/process.py", line 108, in run
api  |     self._target(*self._args, **self._kwargs)
api  |     ~~~~~~~~~~~~^^^^^^^^^^^^^^^^^^^^^^^^^^^^^
api  |   File "/usr/local/lib/python3.13/site-packages/uvicorn/_subprocess.py", line 80, in subprocess_started
api  |     target(sockets=sockets)
api  |     ~~~~~~^^^^^^^^^^^^^^^^^
api  |   File "/usr/local/lib/python3.13/site-packages/uvicorn/supervisors/multiprocess.py", line 63, in target
api  |     return self.real_target(sockets)
api  |            ~~~~~~~~~~~~~~~~^^^^^^^^^
api  |   File "/usr/local/lib/python3.13/site-packages/uvicorn/server.py", line 66, in run
api  |     return asyncio.run(self.serve(sockets=sockets))
api  |            ~~~~~~~~~~~^^^^^^^^^^^^^^^^^^^^^^^^^^^^^
api  |   File "/usr/local/lib/python3.13/asyncio/runners.py", line 195, in run
api  |     return runner.run(main)
api  |            ~~~~~~~~~~^^^^^^
api  |   File "/usr/local/lib/python3.13/asyncio/runners.py", line 118, in run
api  |     return self._loop.run_until_complete(task)
api  |            ~~~~~~~~~~~~~~~~~~~~~~~~~~~~~^^^^^^
api  |   File "uvloop/loop.pyx", line 1518, in uvloop.loop.Loop.run_until_complete
api  |   File "/usr/local/lib/python3.13/site-packages/uvicorn/server.py", line 70, in serve
api  |     await self._serve(sockets)
api  |   File "/usr/local/lib/python3.13/site-packages/uvicorn/server.py", line 77, in _serve
api  |     config.load()
api  |     ~~~~~~~~~~~^^
api  |   File "/usr/local/lib/python3.13/site-packages/uvicorn/config.py", line 435, in load
api  |     self.loaded_app = import_from_string(self.app)
api  |                       ~~~~~~~~~~~~~~~~~~^^^^^^^^^^
api  |   File "/usr/local/lib/python3.13/site-packages/uvicorn/importer.py", line 19, in import_from_string
api  |     module = importlib.import_module(module_str)
api  |   File "/usr/local/lib/python3.13/importlib/__init__.py", line 88, in import_module
api  |     return _bootstrap._gcd_import(name[level:], package, level)
api  |            ~~~~~~~~~~~~~~~~~~~~~~^^^^^^^^^^^^^^^^^^^^^^^^^^^^^^
api  |   File "<frozen importlib._bootstrap>", line 1395, in _gcd_import
api  |   File "<frozen importlib._bootstrap>", line 1360, in _find_and_load
api  |   File "<frozen importlib._bootstrap>", line 1331, in _find_and_load_unlocked
api  |   File "<frozen importlib._bootstrap>", line 935, in _load_unlocked
api  |   File "<frozen importlib._bootstrap_external>", line 1023, in exec_module
api  |   File "<frozen importlib._bootstrap>", line 488, in _call_with_frames_removed
api  |   File "/app/app/main.py", line 9, in <module>
api  |     from app.rabbitmq import rabbitmq_publisher
api  | ImportError: cannot import name 'rabbitmq_publisher' from 'app.rabbitmq' (/app/app/rabbitmq.py)
api  | Process SpawnProcess-22:
api  | Traceback (most recent call last):
api  |   File "/usr/local/lib/python3.13/multiprocessing/process.py", line 313, in _bootstrap
api  |     self.run()
api  |     ~~~~~~~~^^
api  |   File "/usr/local/lib/python3.13/multiprocessing/process.py", line 108, in run
api  |     self._target(*self._args, **self._kwargs)
api  |     ~~~~~~~~~~~~^^^^^^^^^^^^^^^^^^^^^^^^^^^^^
api  |   File "/usr/local/lib/python3.13/site-packages/uvicorn/_subprocess.py", line 80, in subprocess_started
api  |     target(sockets=sockets)
api  |     ~~~~~~^^^^^^^^^^^^^^^^^
api  |   File "/usr/local/lib/python3.13/site-packages/uvicorn/supervisors/multiprocess.py", line 63, in target
api  |     return self.real_target(sockets)
api  |            ~~~~~~~~~~~~~~~~^^^^^^^^^
api  |   File "/usr/local/lib/python3.13/site-packages/uvicorn/server.py", line 66, in run
api  |     return asyncio.run(self.serve(sockets=sockets))
api  |            ~~~~~~~~~~~^^^^^^^^^^^^^^^^^^^^^^^^^^^^^
api  |   File "/usr/local/lib/python3.13/asyncio/runners.py", line 195, in run
api  |     return runner.run(main)
api  |            ~~~~~~~~~~^^^^^^
api  |   File "/usr/local/lib/python3.13/asyncio/runners.py", line 118, in run
api  |     return self._loop.run_until_complete(task)
api  |            ~~~~~~~~~~~~~~~~~~~~~~~~~~~~~^^^^^^
api  |   File "uvloop/loop.pyx", line 1518, in uvloop.loop.Loop.run_until_complete
api  |   File "/usr/local/lib/python3.13/site-packages/uvicorn/server.py", line 70, in serve
api  |     await self._serve(sockets)
api  |   File "/usr/local/lib/python3.13/site-packages/uvicorn/server.py", line 77, in _serve
api  |     config.load()
api  |     ~~~~~~~~~~~^^
api  |   File "/usr/local/lib/python3.13/site-packages/uvicorn/config.py", line 435, in load
api  |     self.loaded_app = import_from_string(self.app)
api  |                       ~~~~~~~~~~~~~~~~~~^^^^^^^^^^
api  |   File "/usr/local/lib/python3.13/site-packages/uvicorn/importer.py", line 19, in import_from_string
api  |     module = importlib.import_module(module_str)
api  |   File "/usr/local/lib/python3.13/importlib/__init__.py", line 88, in import_module
api  |     return _bootstrap._gcd_import(name[level:], package, level)
api  |            ~~~~~~~~~~~~~~~~~~~~~~^^^^^^^^^^^^^^^^^^^^^^^^^^^^^^
api  |   File "<frozen importlib._bootstrap>", line 1395, in _gcd_import
api  |   File "<frozen importlib._bootstrap>", line 1360, in _find_and_load
api  |   File "<frozen importlib._bootstrap>", line 1331, in _find_and_load_unlocked
api  |   File "<frozen importlib._bootstrap>", line 935, in _load_unlocked
api  |   File "<frozen importlib._bootstrap_external>", line 1023, in exec_module
api  |   File "<frozen importlib._bootstrap>", line 488, in _call_with_frames_removed
api  |   File "/app/app/main.py", line 9, in <module>
api  |     from app.rabbitmq import rabbitmq_publisher
api  | ImportError: cannot import name 'rabbitmq_publisher' from 'app.rabbitmq' (/app/app/rabbitmq.py)
api  | INFO:     Waiting for child process [49]
api  | INFO:     Child process [49] died
api  | INFO:     Waiting for child process [50]
api  | INFO:     Child process [50] died
api  | INFO:     Waiting for child process [51]
api  | INFO:     Child process [51] died
api  | Process SpawnProcess-25:
api  | Traceback (most recent call last):
api  |   File "/usr/local/lib/python3.13/multiprocessing/process.py", line 313, in _bootstrap
api  |     self.run()
api  |     ~~~~~~~~^^
api  |   File "/usr/local/lib/python3.13/multiprocessing/process.py", line 108, in run
api  |     self._target(*self._args, **self._kwargs)
api  |     ~~~~~~~~~~~~^^^^^^^^^^^^^^^^^^^^^^^^^^^^^
api  |   File "/usr/local/lib/python3.13/site-packages/uvicorn/_subprocess.py", line 80, in subprocess_started
api  |     target(sockets=sockets)
api  |     ~~~~~~^^^^^^^^^^^^^^^^^
api  |   File "/usr/local/lib/python3.13/site-packages/uvicorn/supervisors/multiprocess.py", line 63, in target
api  |     return self.real_target(sockets)
api  |            ~~~~~~~~~~~~~~~~^^^^^^^^^
api  |   File "/usr/local/lib/python3.13/site-packages/uvicorn/server.py", line 66, in run
api  |     return asyncio.run(self.serve(sockets=sockets))
api  |            ~~~~~~~~~~~^^^^^^^^^^^^^^^^^^^^^^^^^^^^^
api  |   File "/usr/local/lib/python3.13/asyncio/runners.py", line 195, in run
api  |     return runner.run(main)
api  |            ~~~~~~~~~~^^^^^^
api  |   File "/usr/local/lib/python3.13/asyncio/runners.py", line 118, in run
api  |     return self._loop.run_until_complete(task)
api  |            ~~~~~~~~~~~~~~~~~~~~~~~~~~~~~^^^^^^
api  |   File "uvloop/loop.pyx", line 1518, in uvloop.loop.Loop.run_until_complete
api  |   File "/usr/local/lib/python3.13/site-packages/uvicorn/server.py", line 70, in serve
api  |     await self._serve(sockets)
api  |   File "/usr/local/lib/python3.13/site-packages/uvicorn/server.py", line 77, in _serve
api  |     config.load()
api  |     ~~~~~~~~~~~^^
api  |   File "/usr/local/lib/python3.13/site-packages/uvicorn/config.py", line 435, in load
api  |     self.loaded_app = import_from_string(self.app)
api  |                       ~~~~~~~~~~~~~~~~~~^^^^^^^^^^
api  |   File "/usr/local/lib/python3.13/site-packages/uvicorn/importer.py", line 19, in import_from_string
api  |     module = importlib.import_module(module_str)
api  |   File "/usr/local/lib/python3.13/importlib/__init__.py", line 88, in import_module
api  |     return _bootstrap._gcd_import(name[level:], package, level)
api  |            ~~~~~~~~~~~~~~~~~~~~~~^^^^^^^^^^^^^^^^^^^^^^^^^^^^^^
api  |   File "<frozen importlib._bootstrap>", line 1395, in _gcd_import
api  |   File "<frozen importlib._bootstrap>", line 1360, in _find_and_load
api  |   File "<frozen importlib._bootstrap>", line 1331, in _find_and_load_unlocked
api  |   File "<frozen importlib._bootstrap>", line 935, in _load_unlocked
api  |   File "<frozen importlib._bootstrap_external>", line 1023, in exec_module
api  |   File "<frozen importlib._bootstrap>", line 488, in _call_with_frames_removed
api  |   File "/app/app/main.py", line 9, in <module>
api  |     from app.rabbitmq import rabbitmq_publisher
api  | ImportError: cannot import name 'rabbitmq_publisher' from 'app.rabbitmq' (/app/app/rabbitmq.py)
api  | INFO:     Waiting for child process [52]
api  | INFO:     Child process [52] died
api  | Process SpawnProcess-27:
api  | Traceback (most recent call last):
api  |   File "/usr/local/lib/python3.13/multiprocessing/process.py", line 313, in _bootstrap
api  |     self.run()
api  |     ~~~~~~~~^^
api  |   File "/usr/local/lib/python3.13/multiprocessing/process.py", line 108, in run
api  |     self._target(*self._args, **self._kwargs)
api  |     ~~~~~~~~~~~~^^^^^^^^^^^^^^^^^^^^^^^^^^^^^
api  |   File "/usr/local/lib/python3.13/site-packages/uvicorn/_subprocess.py", line 80, in subprocess_started
api  |     target(sockets=sockets)
api  |     ~~~~~~^^^^^^^^^^^^^^^^^
api  |   File "/usr/local/lib/python3.13/site-packages/uvicorn/supervisors/multiprocess.py", line 63, in target
api  |     return self.real_target(sockets)
api  |            ~~~~~~~~~~~~~~~~^^^^^^^^^
api  |   File "/usr/local/lib/python3.13/site-packages/uvicorn/server.py", line 66, in run
api  |     return asyncio.run(self.serve(sockets=sockets))
api  |            ~~~~~~~~~~~^^^^^^^^^^^^^^^^^^^^^^^^^^^^^
api  |   File "/usr/local/lib/python3.13/asyncio/runners.py", line 195, in run
api  |     return runner.run(main)
api  |            ~~~~~~~~~~^^^^^^
api  |   File "/usr/local/lib/python3.13/asyncio/runners.py", line 118, in run
api  |     return self._loop.run_until_complete(task)
api  |            ~~~~~~~~~~~~~~~~~~~~~~~~~~~~~^^^^^^
api  |   File "uvloop/loop.pyx", line 1518, in uvloop.loop.Loop.run_until_complete
api  |   File "/usr/local/lib/python3.13/site-packages/uvicorn/server.py", line 70, in serve
api  |     await self._serve(sockets)
api  |   File "/usr/local/lib/python3.13/site-packages/uvicorn/server.py", line 77, in _serve
api  |     config.load()
api  |     ~~~~~~~~~~~^^
api  |   File "/usr/local/lib/python3.13/site-packages/uvicorn/config.py", line 435, in load
api  |     self.loaded_app = import_from_string(self.app)
api  |                       ~~~~~~~~~~~~~~~~~~^^^^^^^^^^
api  |   File "/usr/local/lib/python3.13/site-packages/uvicorn/importer.py", line 19, in import_from_string
api  |     module = importlib.import_module(module_str)
api  |   File "/usr/local/lib/python3.13/importlib/__init__.py", line 88, in import_module
api  |     return _bootstrap._gcd_import(name[level:], package, level)
api  |            ~~~~~~~~~~~~~~~~~~~~~~^^^^^^^^^^^^^^^^^^^^^^^^^^^^^^
api  |   File "<frozen importlib._bootstrap>", line 1395, in _gcd_import
api  |   File "<frozen importlib._bootstrap>", line 1360, in _find_and_load
api  |   File "<frozen importlib._bootstrap>", line 1331, in _find_and_load_unlocked
api  |   File "<frozen importlib._bootstrap>", line 935, in _load_unlocked
api  |   File "<frozen importlib._bootstrap_external>", line 1023, in exec_module
api  |   File "<frozen importlib._bootstrap>", line 488, in _call_with_frames_removed
api  |   File "/app/app/main.py", line 9, in <module>
api  |     from app.rabbitmq import rabbitmq_publisher
api  | ImportError: cannot import name 'rabbitmq_publisher' from 'app.rabbitmq' (/app/app/rabbitmq.py)
api  | Process SpawnProcess-28:
api  | Traceback (most recent call last):
api  |   File "/usr/local/lib/python3.13/multiprocessing/process.py", line 313, in _bootstrap
api  |     self.run()
api  |     ~~~~~~~~^^
api  |   File "/usr/local/lib/python3.13/multiprocessing/process.py", line 108, in run
api  |     self._target(*self._args, **self._kwargs)
api  |     ~~~~~~~~~~~~^^^^^^^^^^^^^^^^^^^^^^^^^^^^^
api  |   File "/usr/local/lib/python3.13/site-packages/uvicorn/_subprocess.py", line 80, in subprocess_started
api  |     target(sockets=sockets)
api  |     ~~~~~~^^^^^^^^^^^^^^^^^
api  |   File "/usr/local/lib/python3.13/site-packages/uvicorn/supervisors/multiprocess.py", line 63, in target
api  |     return self.real_target(sockets)
api  |            ~~~~~~~~~~~~~~~~^^^^^^^^^
api  | Process SpawnProcess-26:
api  |   File "/usr/local/lib/python3.13/site-packages/uvicorn/server.py", line 66, in run
api  |     return asyncio.run(self.serve(sockets=sockets))
api  |            ~~~~~~~~~~~^^^^^^^^^^^^^^^^^^^^^^^^^^^^^
api  |   File "/usr/local/lib/python3.13/asyncio/runners.py", line 195, in run
api  |     return runner.run(main)
api  |            ~~~~~~~~~~^^^^^^
api  |   File "/usr/local/lib/python3.13/asyncio/runners.py", line 118, in run
api  |     return self._loop.run_until_complete(task)
api  |            ~~~~~~~~~~~~~~~~~~~~~~~~~~~~~^^^^^^
api  |   File "uvloop/loop.pyx", line 1518, in uvloop.loop.Loop.run_until_complete
api  |   File "/usr/local/lib/python3.13/site-packages/uvicorn/server.py", line 70, in serve
api  |     await self._serve(sockets)
api  |   File "/usr/local/lib/python3.13/site-packages/uvicorn/server.py", line 77, in _serve
api  |     config.load()
api  |     ~~~~~~~~~~~^^
api  |   File "/usr/local/lib/python3.13/site-packages/uvicorn/config.py", line 435, in load
api  |     self.loaded_app = import_from_string(self.app)
api  |                       ~~~~~~~~~~~~~~~~~~^^^^^^^^^^
api  |   File "/usr/local/lib/python3.13/site-packages/uvicorn/importer.py", line 19, in import_from_string
api  |     module = importlib.import_module(module_str)
api  |   File "/usr/local/lib/python3.13/importlib/__init__.py", line 88, in import_module
api  |     return _bootstrap._gcd_import(name[level:], package, level)
api  |            ~~~~~~~~~~~~~~~~~~~~~~^^^^^^^^^^^^^^^^^^^^^^^^^^^^^^
api  |   File "<frozen importlib._bootstrap>", line 1395, in _gcd_import
api  |   File "<frozen importlib._bootstrap>", line 1360, in _find_and_load
api  |   File "<frozen importlib._bootstrap>", line 1331, in _find_and_load_unlocked
api  |   File "<frozen importlib._bootstrap>", line 935, in _load_unlocked
api  |   File "<frozen importlib._bootstrap_external>", line 1023, in exec_module
api  |   File "<frozen importlib._bootstrap>", line 488, in _call_with_frames_removed
api  |   File "/app/app/main.py", line 9, in <module>
api  |     from app.rabbitmq import rabbitmq_publisher
api  | ImportError: cannot import name 'rabbitmq_publisher' from 'app.rabbitmq' (/app/app/rabbitmq.py)
api  | Traceback (most recent call last):
api  |   File "/usr/local/lib/python3.13/multiprocessing/process.py", line 313, in _bootstrap
api  |     self.run()
api  |     ~~~~~~~~^^
api  |   File "/usr/local/lib/python3.13/multiprocessing/process.py", line 108, in run
api  |     self._target(*self._args, **self._kwargs)
api  |     ~~~~~~~~~~~~^^^^^^^^^^^^^^^^^^^^^^^^^^^^^
api  |   File "/usr/local/lib/python3.13/site-packages/uvicorn/_subprocess.py", line 80, in subprocess_started
api  |     target(sockets=sockets)
api  |     ~~~~~~^^^^^^^^^^^^^^^^^
api  |   File "/usr/local/lib/python3.13/site-packages/uvicorn/supervisors/multiprocess.py", line 63, in target
api  |     return self.real_target(sockets)
api  |            ~~~~~~~~~~~~~~~~^^^^^^^^^
api  |   File "/usr/local/lib/python3.13/site-packages/uvicorn/server.py", line 66, in run
api  |     return asyncio.run(self.serve(sockets=sockets))
api  |            ~~~~~~~~~~~^^^^^^^^^^^^^^^^^^^^^^^^^^^^^
api  |   File "/usr/local/lib/python3.13/asyncio/runners.py", line 195, in run
api  |     return runner.run(main)
api  |            ~~~~~~~~~~^^^^^^
api  |   File "/usr/local/lib/python3.13/asyncio/runners.py", line 118, in run
api  |     return self._loop.run_until_complete(task)
api  |            ~~~~~~~~~~~~~~~~~~~~~~~~~~~~~^^^^^^
api  |   File "uvloop/loop.pyx", line 1518, in uvloop.loop.Loop.run_until_complete
api  |   File "/usr/local/lib/python3.13/site-packages/uvicorn/server.py", line 70, in serve
api  |     await self._serve(sockets)
api  |   File "/usr/local/lib/python3.13/site-packages/uvicorn/server.py", line 77, in _serve
api  |     config.load()
api  |     ~~~~~~~~~~~^^
api  |   File "/usr/local/lib/python3.13/site-packages/uvicorn/config.py", line 435, in load
api  |     self.loaded_app = import_from_string(self.app)
api  |                       ~~~~~~~~~~~~~~~~~~^^^^^^^^^^
api  |   File "/usr/local/lib/python3.13/site-packages/uvicorn/importer.py", line 19, in import_from_string
api  |     module = importlib.import_module(module_str)
api  |   File "/usr/local/lib/python3.13/importlib/__init__.py", line 88, in import_module
api  |     return _bootstrap._gcd_import(name[level:], package, level)
api  |            ~~~~~~~~~~~~~~~~~~~~~~^^^^^^^^^^^^^^^^^^^^^^^^^^^^^^
api  |   File "<frozen importlib._bootstrap>", line 1395, in _gcd_import
api  |   File "<frozen importlib._bootstrap>", line 1360, in _find_and_load
api  |   File "<frozen importlib._bootstrap>", line 1331, in _find_and_load_unlocked
api  |   File "<frozen importlib._bootstrap>", line 935, in _load_unlocked
api  |   File "<frozen importlib._bootstrap_external>", line 1023, in exec_module
api  |   File "<frozen importlib._bootstrap>", line 488, in _call_with_frames_removed
api  |   File "/app/app/main.py", line 9, in <module>
api  |     from app.rabbitmq import rabbitmq_publisher
api  | ImportError: cannot import name 'rabbitmq_publisher' from 'app.rabbitmq' (/app/app/rabbitmq.py)
api  | Process SpawnProcess-29:
api  | Traceback (most recent call last):
api  |   File "/usr/local/lib/python3.13/multiprocessing/process.py", line 313, in _bootstrap
api  |     self.run()
api  |     ~~~~~~~~^^
api  |   File "/usr/local/lib/python3.13/multiprocessing/process.py", line 108, in run
api  |     self._target(*self._args, **self._kwargs)
api  |     ~~~~~~~~~~~~^^^^^^^^^^^^^^^^^^^^^^^^^^^^^
api  |   File "/usr/local/lib/python3.13/site-packages/uvicorn/_subprocess.py", line 80, in subprocess_started
api  |     target(sockets=sockets)
api  |     ~~~~~~^^^^^^^^^^^^^^^^^
api  |   File "/usr/local/lib/python3.13/site-packages/uvicorn/supervisors/multiprocess.py", line 63, in target
api  |     return self.real_target(sockets)
api  |            ~~~~~~~~~~~~~~~~^^^^^^^^^
api  |   File "/usr/local/lib/python3.13/site-packages/uvicorn/server.py", line 66, in run
api  |     return asyncio.run(self.serve(sockets=sockets))
api  |            ~~~~~~~~~~~^^^^^^^^^^^^^^^^^^^^^^^^^^^^^
api  |   File "/usr/local/lib/python3.13/asyncio/runners.py", line 195, in run
api  |     return runner.run(main)
api  |            ~~~~~~~~~~^^^^^^
api  |   File "/usr/local/lib/python3.13/asyncio/runners.py", line 118, in run
api  |     return self._loop.run_until_complete(task)
api  |            ~~~~~~~~~~~~~~~~~~~~~~~~~~~~~^^^^^^
api  |   File "uvloop/loop.pyx", line 1518, in uvloop.loop.Loop.run_until_complete
api  |   File "/usr/local/lib/python3.13/site-packages/uvicorn/server.py", line 70, in serve
api  |     await self._serve(sockets)
api  |   File "/usr/local/lib/python3.13/site-packages/uvicorn/server.py", line 77, in _serve
api  |     config.load()
api  |     ~~~~~~~~~~~^^
api  |   File "/usr/local/lib/python3.13/site-packages/uvicorn/config.py", line 435, in load
api  |     self.loaded_app = import_from_string(self.app)
api  |                       ~~~~~~~~~~~~~~~~~~^^^^^^^^^^
api  |   File "/usr/local/lib/python3.13/site-packages/uvicorn/importer.py", line 19, in import_from_string
api  |     module = importlib.import_module(module_str)
api  |   File "/usr/local/lib/python3.13/importlib/__init__.py", line 88, in import_module
api  |     return _bootstrap._gcd_import(name[level:], package, level)
api  |            ~~~~~~~~~~~~~~~~~~~~~~^^^^^^^^^^^^^^^^^^^^^^^^^^^^^^
api  |   File "<frozen importlib._bootstrap>", line 1395, in _gcd_import
api  |   File "<frozen importlib._bootstrap>", line 1360, in _find_and_load
api  |   File "<frozen importlib._bootstrap>", line 1331, in _find_and_load_unlocked
api  |   File "<frozen importlib._bootstrap>", line 935, in _load_unlocked
api  |   File "<frozen importlib._bootstrap_external>", line 1023, in exec_module
api  |   File "<frozen importlib._bootstrap>", line 488, in _call_with_frames_removed
api  |   File "/app/app/main.py", line 9, in <module>
api  |     from app.rabbitmq import rabbitmq_publisher
api  | ImportError: cannot import name 'rabbitmq_publisher' from 'app.rabbitmq' (/app/app/rabbitmq.py)
api  | INFO:     Waiting for child process [57]
api  | INFO:     Child process [57] died
api  | INFO:     Waiting for child process [58]
api  | INFO:     Child process [58] died
api  | INFO:     Waiting for child process [59]
api  | INFO:     Child process [59] died
api  | INFO:     Waiting for child process [60]
api  | INFO:     Child process [60] died
api  | Process SpawnProcess-31:
api  | Traceback (most recent call last):
api  |   File "/usr/local/lib/python3.13/multiprocessing/process.py", line 313, in _bootstrap
api  |     self.run()
api  |     ~~~~~~~~^^
api  |   File "/usr/local/lib/python3.13/multiprocessing/process.py", line 108, in run
api  |     self._target(*self._args, **self._kwargs)
api  |     ~~~~~~~~~~~~^^^^^^^^^^^^^^^^^^^^^^^^^^^^^
api  |   File "/usr/local/lib/python3.13/site-packages/uvicorn/_subprocess.py", line 80, in subprocess_started
api  |     target(sockets=sockets)
api  |     ~~~~~~^^^^^^^^^^^^^^^^^
api  |   File "/usr/local/lib/python3.13/site-packages/uvicorn/supervisors/multiprocess.py", line 63, in target
api  |     return self.real_target(sockets)
api  |            ~~~~~~~~~~~~~~~~^^^^^^^^^
api  |   File "/usr/local/lib/python3.13/site-packages/uvicorn/server.py", line 66, in run
api  |     return asyncio.run(self.serve(sockets=sockets))
api  |            ~~~~~~~~~~~^^^^^^^^^^^^^^^^^^^^^^^^^^^^^
api  |   File "/usr/local/lib/python3.13/asyncio/runners.py", line 195, in run
api  |     return runner.run(main)
api  |            ~~~~~~~~~~^^^^^^
api  |   File "/usr/local/lib/python3.13/asyncio/runners.py", line 118, in run
api  |     return self._loop.run_until_complete(task)
api  |            ~~~~~~~~~~~~~~~~~~~~~~~~~~~~~^^^^^^
api  |   File "uvloop/loop.pyx", line 1518, in uvloop.loop.Loop.run_until_complete
api  |   File "/usr/local/lib/python3.13/site-packages/uvicorn/server.py", line 70, in serve
api  |     await self._serve(sockets)
api  |   File "/usr/local/lib/python3.13/site-packages/uvicorn/server.py", line 77, in _serve
api  |     config.load()
api  |     ~~~~~~~~~~~^^
api  |   File "/usr/local/lib/python3.13/site-packages/uvicorn/config.py", line 435, in load
api  |     self.loaded_app = import_from_string(self.app)
api  |                       ~~~~~~~~~~~~~~~~~~^^^^^^^^^^
api  |   File "/usr/local/lib/python3.13/site-packages/uvicorn/importer.py", line 19, in import_from_string
api  |     module = importlib.import_module(module_str)
api  |   File "/usr/local/lib/python3.13/importlib/__init__.py", line 88, in import_module
api  |     return _bootstrap._gcd_import(name[level:], package, level)
api  |            ~~~~~~~~~~~~~~~~~~~~~~^^^^^^^^^^^^^^^^^^^^^^^^^^^^^^
api  |   File "<frozen importlib._bootstrap>", line 1395, in _gcd_import
api  |   File "<frozen importlib._bootstrap>", line 1360, in _find_and_load
api  |   File "<frozen importlib._bootstrap>", line 1331, in _find_and_load_unlocked
api  |   File "<frozen importlib._bootstrap>", line 935, in _load_unlocked
api  |   File "<frozen importlib._bootstrap_external>", line 1023, in exec_module
api  |   File "<frozen importlib._bootstrap>", line 488, in _call_with_frames_removed
api  |   File "/app/app/main.py", line 9, in <module>
api  |     from app.rabbitmq import rabbitmq_publisher
api  | ImportError: cannot import name 'rabbitmq_publisher' from 'app.rabbitmq' (/app/app/rabbitmq.py)
api  | Process SpawnProcess-32:
api  | Process SpawnProcess-30:
api  | Traceback (most recent call last):
api  |   File "/usr/local/lib/python3.13/multiprocessing/process.py", line 313, in _bootstrap
api  |     self.run()
api  |     ~~~~~~~~^^
api  |   File "/usr/local/lib/python3.13/multiprocessing/process.py", line 108, in run
api  |     self._target(*self._args, **self._kwargs)
api  |     ~~~~~~~~~~~~^^^^^^^^^^^^^^^^^^^^^^^^^^^^^
api  |   File "/usr/local/lib/python3.13/site-packages/uvicorn/_subprocess.py", line 80, in subprocess_started
api  |     target(sockets=sockets)
api  |     ~~~~~~^^^^^^^^^^^^^^^^^
api  |   File "/usr/local/lib/python3.13/site-packages/uvicorn/supervisors/multiprocess.py", line 63, in target
api  |     return self.real_target(sockets)
api  |            ~~~~~~~~~~~~~~~~^^^^^^^^^
api  |   File "/usr/local/lib/python3.13/site-packages/uvicorn/server.py", line 66, in run
api  |     return asyncio.run(self.serve(sockets=sockets))
api  |            ~~~~~~~~~~~^^^^^^^^^^^^^^^^^^^^^^^^^^^^^
api  |   File "/usr/local/lib/python3.13/asyncio/runners.py", line 195, in run
api  |     return runner.run(main)
api  |            ~~~~~~~~~~^^^^^^
api  |   File "/usr/local/lib/python3.13/asyncio/runners.py", line 118, in run
api  |     return self._loop.run_until_complete(task)
api  |            ~~~~~~~~~~~~~~~~~~~~~~~~~~~~~^^^^^^
api  |   File "uvloop/loop.pyx", line 1518, in uvloop.loop.Loop.run_until_complete
api  |   File "/usr/local/lib/python3.13/site-packages/uvicorn/server.py", line 70, in serve
api  |     await self._serve(sockets)
api  |   File "/usr/local/lib/python3.13/site-packages/uvicorn/server.py", line 77, in _serve
api  |     config.load()
api  |     ~~~~~~~~~~~^^
api  |   File "/usr/local/lib/python3.13/site-packages/uvicorn/config.py", line 435, in load
api  |     self.loaded_app = import_from_string(self.app)
api  |                       ~~~~~~~~~~~~~~~~~~^^^^^^^^^^
api  |   File "/usr/local/lib/python3.13/site-packages/uvicorn/importer.py", line 19, in import_from_string
api  |     module = importlib.import_module(module_str)
api  |   File "/usr/local/lib/python3.13/importlib/__init__.py", line 88, in import_module
api  |     return _bootstrap._gcd_import(name[level:], package, level)
api  |            ~~~~~~~~~~~~~~~~~~~~~~^^^^^^^^^^^^^^^^^^^^^^^^^^^^^^
api  |   File "<frozen importlib._bootstrap>", line 1395, in _gcd_import
api  |   File "<frozen importlib._bootstrap>", line 1360, in _find_and_load
api  |   File "<frozen importlib._bootstrap>", line 1331, in _find_and_load_unlocked
api  |   File "<frozen importlib._bootstrap>", line 935, in _load_unlocked
api  |   File "<frozen importlib._bootstrap_external>", line 1023, in exec_module
api  |   File "<frozen importlib._bootstrap>", line 488, in _call_with_frames_removed
api  |   File "/app/app/main.py", line 9, in <module>
api  |     from app.rabbitmq import rabbitmq_publisher
api  | ImportError: cannot import name 'rabbitmq_publisher' from 'app.rabbitmq' (/app/app/rabbitmq.py)
api  | Traceback (most recent call last):
api  |   File "/usr/local/lib/python3.13/multiprocessing/process.py", line 313, in _bootstrap
api  |     self.run()
api  |     ~~~~~~~~^^
api  |   File "/usr/local/lib/python3.13/multiprocessing/process.py", line 108, in run
api  |     self._target(*self._args, **self._kwargs)
api  |     ~~~~~~~~~~~~^^^^^^^^^^^^^^^^^^^^^^^^^^^^^
api  |   File "/usr/local/lib/python3.13/site-packages/uvicorn/_subprocess.py", line 80, in subprocess_started
api  |     target(sockets=sockets)
api  |     ~~~~~~^^^^^^^^^^^^^^^^^
api  |   File "/usr/local/lib/python3.13/site-packages/uvicorn/supervisors/multiprocess.py", line 63, in target
api  |     return self.real_target(sockets)
api  |            ~~~~~~~~~~~~~~~~^^^^^^^^^
api  |   File "/usr/local/lib/python3.13/site-packages/uvicorn/server.py", line 66, in run
api  |     return asyncio.run(self.serve(sockets=sockets))
api  |            ~~~~~~~~~~~^^^^^^^^^^^^^^^^^^^^^^^^^^^^^
api  |   File "/usr/local/lib/python3.13/asyncio/runners.py", line 195, in run
api  |     return runner.run(main)
api  |            ~~~~~~~~~~^^^^^^
api  |   File "/usr/local/lib/python3.13/asyncio/runners.py", line 118, in run
api  |     return self._loop.run_until_complete(task)
api  |            ~~~~~~~~~~~~~~~~~~~~~~~~~~~~~^^^^^^
api  |   File "uvloop/loop.pyx", line 1518, in uvloop.loop.Loop.run_until_complete
api  |   File "/usr/local/lib/python3.13/site-packages/uvicorn/server.py", line 70, in serve
api  |     await self._serve(sockets)
api  |   File "/usr/local/lib/python3.13/site-packages/uvicorn/server.py", line 77, in _serve
api  |     config.load()
api  |     ~~~~~~~~~~~^^
api  |   File "/usr/local/lib/python3.13/site-packages/uvicorn/config.py", line 435, in load
api  |     self.loaded_app = import_from_string(self.app)
api  |                       ~~~~~~~~~~~~~~~~~~^^^^^^^^^^
api  |   File "/usr/local/lib/python3.13/site-packages/uvicorn/importer.py", line 19, in import_from_string
api  |     module = importlib.import_module(module_str)
api  |   File "/usr/local/lib/python3.13/importlib/__init__.py", line 88, in import_module
api  |     return _bootstrap._gcd_import(name[level:], package, level)
api  |            ~~~~~~~~~~~~~~~~~~~~~~^^^^^^^^^^^^^^^^^^^^^^^^^^^^^^
api  |   File "<frozen importlib._bootstrap>", line 1395, in _gcd_import
api  |   File "<frozen importlib._bootstrap>", line 1360, in _find_and_load
api  |   File "<frozen importlib._bootstrap>", line 1331, in _find_and_load_unlocked
api  |   File "<frozen importlib._bootstrap>", line 935, in _load_unlocked
api  |   File "<frozen importlib._bootstrap_external>", line 1023, in exec_module
api  |   File "<frozen importlib._bootstrap>", line 488, in _call_with_frames_removed
api  |   File "/app/app/main.py", line 9, in <module>
api  |     from app.rabbitmq import rabbitmq_publisher
api  | ImportError: cannot import name 'rabbitmq_publisher' from 'app.rabbitmq' (/app/app/rabbitmq.py)
api  | INFO:     Waiting for child process [65]
api  | INFO:     Child process [65] died
api  | INFO:     Waiting for child process [66]
api  | INFO:     Child process [66] died
api  | INFO:     Waiting for child process [67]
api  | INFO:     Child process [67] died
api  | Process SpawnProcess-33:
api  | Traceback (most recent call last):
api  |   File "/usr/local/lib/python3.13/multiprocessing/process.py", line 313, in _bootstrap
api  |     self.run()
api  |     ~~~~~~~~^^
api  |   File "/usr/local/lib/python3.13/multiprocessing/process.py", line 108, in run
api  |     self._target(*self._args, **self._kwargs)
api  |     ~~~~~~~~~~~~^^^^^^^^^^^^^^^^^^^^^^^^^^^^^
api  |   File "/usr/local/lib/python3.13/site-packages/uvicorn/_subprocess.py", line 80, in subprocess_started
api  |     target(sockets=sockets)
api  |     ~~~~~~^^^^^^^^^^^^^^^^^
api  |   File "/usr/local/lib/python3.13/site-packages/uvicorn/supervisors/multiprocess.py", line 63, in target
api  |     return self.real_target(sockets)
api  |            ~~~~~~~~~~~~~~~~^^^^^^^^^
api  |   File "/usr/local/lib/python3.13/site-packages/uvicorn/server.py", line 66, in run
api  |     return asyncio.run(self.serve(sockets=sockets))
api  |            ~~~~~~~~~~~^^^^^^^^^^^^^^^^^^^^^^^^^^^^^
api  |   File "/usr/local/lib/python3.13/asyncio/runners.py", line 195, in run
api  |     return runner.run(main)
api  |            ~~~~~~~~~~^^^^^^
api  |   File "/usr/local/lib/python3.13/asyncio/runners.py", line 118, in run
api  |     return self._loop.run_until_complete(task)
api  |            ~~~~~~~~~~~~~~~~~~~~~~~~~~~~~^^^^^^
api  |   File "uvloop/loop.pyx", line 1518, in uvloop.loop.Loop.run_until_complete
api  |   File "/usr/local/lib/python3.13/site-packages/uvicorn/server.py", line 70, in serve
api  |     await self._serve(sockets)
api  |   File "/usr/local/lib/python3.13/site-packages/uvicorn/server.py", line 77, in _serve
api  |     config.load()
api  |     ~~~~~~~~~~~^^
api  |   File "/usr/local/lib/python3.13/site-packages/uvicorn/config.py", line 435, in load
api  |     self.loaded_app = import_from_string(self.app)
api  |                       ~~~~~~~~~~~~~~~~~~^^^^^^^^^^
api  |   File "/usr/local/lib/python3.13/site-packages/uvicorn/importer.py", line 19, in import_from_string
api  |     module = importlib.import_module(module_str)
api  |   File "/usr/local/lib/python3.13/importlib/__init__.py", line 88, in import_module
api  |     return _bootstrap._gcd_import(name[level:], package, level)
api  |            ~~~~~~~~~~~~~~~~~~~~~~^^^^^^^^^^^^^^^^^^^^^^^^^^^^^^
api  |   File "<frozen importlib._bootstrap>", line 1395, in _gcd_import
api  |   File "<frozen importlib._bootstrap>", line 1360, in _find_and_load
api  |   File "<frozen importlib._bootstrap>", line 1331, in _find_and_load_unlocked
api  |   File "<frozen importlib._bootstrap>", line 935, in _load_unlocked
api  |   File "<frozen importlib._bootstrap_external>", line 1023, in exec_module
api  |   File "<frozen importlib._bootstrap>", line 488, in _call_with_frames_removed
api  |   File "/app/app/main.py", line 9, in <module>
api  |     from app.rabbitmq import rabbitmq_publisher
api  | ImportError: cannot import name 'rabbitmq_publisher' from 'app.rabbitmq' (/app/app/rabbitmq.py)
api  | INFO:     Waiting for child process [68]
api  | INFO:     Child process [68] died
api  | Process SpawnProcess-34:
api  | Traceback (most recent call last):
api  |   File "/usr/local/lib/python3.13/multiprocessing/process.py", line 313, in _bootstrap
api  |     self.run()
api  |     ~~~~~~~~^^
api  |   File "/usr/local/lib/python3.13/multiprocessing/process.py", line 108, in run
api  |     self._target(*self._args, **self._kwargs)
api  |     ~~~~~~~~~~~~^^^^^^^^^^^^^^^^^^^^^^^^^^^^^
api  |   File "/usr/local/lib/python3.13/site-packages/uvicorn/_subprocess.py", line 80, in subprocess_started
api  |     target(sockets=sockets)
api  |     ~~~~~~^^^^^^^^^^^^^^^^^
api  |   File "/usr/local/lib/python3.13/site-packages/uvicorn/supervisors/multiprocess.py", line 63, in target
api  |     return self.real_target(sockets)
api  |            ~~~~~~~~~~~~~~~~^^^^^^^^^
api  |   File "/usr/local/lib/python3.13/site-packages/uvicorn/server.py", line 66, in run
api  |     return asyncio.run(self.serve(sockets=sockets))
api  |            ~~~~~~~~~~~^^^^^^^^^^^^^^^^^^^^^^^^^^^^^
api  |   File "/usr/local/lib/python3.13/asyncio/runners.py", line 195, in run
api  |     return runner.run(main)
api  |            ~~~~~~~~~~^^^^^^
api  |   File "/usr/local/lib/python3.13/asyncio/runners.py", line 118, in run
api  |     return self._loop.run_until_complete(task)
api  |            ~~~~~~~~~~~~~~~~~~~~~~~~~~~~~^^^^^^
api  |   File "uvloop/loop.pyx", line 1518, in uvloop.loop.Loop.run_until_complete
api  |   File "/usr/local/lib/python3.13/site-packages/uvicorn/server.py", line 70, in serve
api  |     await self._serve(sockets)
api  |   File "/usr/local/lib/python3.13/site-packages/uvicorn/server.py", line 77, in _serve
api  |     config.load()
api  |     ~~~~~~~~~~~^^
api  |   File "/usr/local/lib/python3.13/site-packages/uvicorn/config.py", line 435, in load
api  |     self.loaded_app = import_from_string(self.app)
api  |                       ~~~~~~~~~~~~~~~~~~^^^^^^^^^^
api  |   File "/usr/local/lib/python3.13/site-packages/uvicorn/importer.py", line 19, in import_from_string
api  |     module = importlib.import_module(module_str)
api  |   File "/usr/local/lib/python3.13/importlib/__init__.py", line 88, in import_module
api  |     return _bootstrap._gcd_import(name[level:], package, level)
api  |            ~~~~~~~~~~~~~~~~~~~~~~^^^^^^^^^^^^^^^^^^^^^^^^^^^^^^
api  |   File "<frozen importlib._bootstrap>", line 1395, in _gcd_import
api  |   File "<frozen importlib._bootstrap>", line 1360, in _find_and_load
api  |   File "<frozen importlib._bootstrap>", line 1331, in _find_and_load_unlocked
api  |   File "<frozen importlib._bootstrap>", line 935, in _load_unlocked
api  |   File "<frozen importlib._bootstrap_external>", line 1023, in exec_module
api  |   File "<frozen importlib._bootstrap>", line 488, in _call_with_frames_removed
api  |   File "/app/app/main.py", line 9, in <module>
api  |     from app.rabbitmq import rabbitmq_publisher
api  | ImportError: cannot import name 'rabbitmq_publisher' from 'app.rabbitmq' (/app/app/rabbitmq.py)
api  | Process SpawnProcess-35:
api  | Process SpawnProcess-36:
api  | Traceback (most recent call last):
api  |   File "/usr/local/lib/python3.13/multiprocessing/process.py", line 313, in _bootstrap
api  |     self.run()
api  |     ~~~~~~~~^^
api  |   File "/usr/local/lib/python3.13/multiprocessing/process.py", line 108, in run
api  |     self._target(*self._args, **self._kwargs)
api  |     ~~~~~~~~~~~~^^^^^^^^^^^^^^^^^^^^^^^^^^^^^
api  |   File "/usr/local/lib/python3.13/site-packages/uvicorn/_subprocess.py", line 80, in subprocess_started
api  |     target(sockets=sockets)
api  |     ~~~~~~^^^^^^^^^^^^^^^^^
api  |   File "/usr/local/lib/python3.13/site-packages/uvicorn/supervisors/multiprocess.py", line 63, in target
api  |     return self.real_target(sockets)
api  |            ~~~~~~~~~~~~~~~~^^^^^^^^^
api  |   File "/usr/local/lib/python3.13/site-packages/uvicorn/server.py", line 66, in run
api  |     return asyncio.run(self.serve(sockets=sockets))
api  |            ~~~~~~~~~~~^^^^^^^^^^^^^^^^^^^^^^^^^^^^^
api  |   File "/usr/local/lib/python3.13/asyncio/runners.py", line 195, in run
api  |     return runner.run(main)
api  |            ~~~~~~~~~~^^^^^^
api  |   File "/usr/local/lib/python3.13/asyncio/runners.py", line 118, in run
api  |     return self._loop.run_until_complete(task)
api  |            ~~~~~~~~~~~~~~~~~~~~~~~~~~~~~^^^^^^
api  |   File "uvloop/loop.pyx", line 1518, in uvloop.loop.Loop.run_until_complete
api  |   File "/usr/local/lib/python3.13/site-packages/uvicorn/server.py", line 70, in serve
api  |     await self._serve(sockets)
api  |   File "/usr/local/lib/python3.13/site-packages/uvicorn/server.py", line 77, in _serve
api  |     config.load()
api  |     ~~~~~~~~~~~^^
api  |   File "/usr/local/lib/python3.13/site-packages/uvicorn/config.py", line 435, in load
api  |     self.loaded_app = import_from_string(self.app)
api  |                       ~~~~~~~~~~~~~~~~~~^^^^^^^^^^
api  |   File "/usr/local/lib/python3.13/site-packages/uvicorn/importer.py", line 19, in import_from_string
api  |     module = importlib.import_module(module_str)
api  |   File "/usr/local/lib/python3.13/importlib/__init__.py", line 88, in import_module
api  |     return _bootstrap._gcd_import(name[level:], package, level)
api  |            ~~~~~~~~~~~~~~~~~~~~~~^^^^^^^^^^^^^^^^^^^^^^^^^^^^^^
api  |   File "<frozen importlib._bootstrap>", line 1395, in _gcd_import
api  |   File "<frozen importlib._bootstrap>", line 1360, in _find_and_load
api  |   File "<frozen importlib._bootstrap>", line 1331, in _find_and_load_unlocked
api  |   File "<frozen importlib._bootstrap>", line 935, in _load_unlocked
api  |   File "<frozen importlib._bootstrap_external>", line 1023, in exec_module
api  |   File "<frozen importlib._bootstrap>", line 488, in _call_with_frames_removed
api  |   File "/app/app/main.py", line 9, in <module>
api  |     from app.rabbitmq import rabbitmq_publisher
api  | ImportError: cannot import name 'rabbitmq_publisher' from 'app.rabbitmq' (/app/app/rabbitmq.py)
api  | Traceback (most recent call last):
api  |   File "/usr/local/lib/python3.13/multiprocessing/process.py", line 313, in _bootstrap
api  |     self.run()
api  |     ~~~~~~~~^^
api  |   File "/usr/local/lib/python3.13/multiprocessing/process.py", line 108, in run
api  |     self._target(*self._args, **self._kwargs)
api  |     ~~~~~~~~~~~~^^^^^^^^^^^^^^^^^^^^^^^^^^^^^
api  |   File "/usr/local/lib/python3.13/site-packages/uvicorn/_subprocess.py", line 80, in subprocess_started
api  |     target(sockets=sockets)
api  |     ~~~~~~^^^^^^^^^^^^^^^^^
api  |   File "/usr/local/lib/python3.13/site-packages/uvicorn/supervisors/multiprocess.py", line 63, in target
api  |     return self.real_target(sockets)
api  |            ~~~~~~~~~~~~~~~~^^^^^^^^^
api  |   File "/usr/local/lib/python3.13/site-packages/uvicorn/server.py", line 66, in run
api  |     return asyncio.run(self.serve(sockets=sockets))
api  |            ~~~~~~~~~~~^^^^^^^^^^^^^^^^^^^^^^^^^^^^^
api  |   File "/usr/local/lib/python3.13/asyncio/runners.py", line 195, in run
api  |     return runner.run(main)
api  |            ~~~~~~~~~~^^^^^^
api  |   File "/usr/local/lib/python3.13/asyncio/runners.py", line 118, in run
api  |     return self._loop.run_until_complete(task)
api  |            ~~~~~~~~~~~~~~~~~~~~~~~~~~~~~^^^^^^
api  |   File "uvloop/loop.pyx", line 1518, in uvloop.loop.Loop.run_until_complete
api  |   File "/usr/local/lib/python3.13/site-packages/uvicorn/server.py", line 70, in serve
api  |     await self._serve(sockets)
api  |   File "/usr/local/lib/python3.13/site-packages/uvicorn/server.py", line 77, in _serve
api  |     config.load()
api  |     ~~~~~~~~~~~^^
api  |   File "/usr/local/lib/python3.13/site-packages/uvicorn/config.py", line 435, in load
api  |     self.loaded_app = import_from_string(self.app)
api  |                       ~~~~~~~~~~~~~~~~~~^^^^^^^^^^
api  |   File "/usr/local/lib/python3.13/site-packages/uvicorn/importer.py", line 19, in import_from_string
api  |     module = importlib.import_module(module_str)
api  |   File "/usr/local/lib/python3.13/importlib/__init__.py", line 88, in import_module
api  |     return _bootstrap._gcd_import(name[level:], package, level)
api  |            ~~~~~~~~~~~~~~~~~~~~~~^^^^^^^^^^^^^^^^^^^^^^^^^^^^^^
api  |   File "<frozen importlib._bootstrap>", line 1395, in _gcd_import
api  |   File "<frozen importlib._bootstrap>", line 1360, in _find_and_load
api  |   File "<frozen importlib._bootstrap>", line 1331, in _find_and_load_unlocked
api  |   File "<frozen importlib._bootstrap>", line 935, in _load_unlocked
api  |   File "<frozen importlib._bootstrap_external>", line 1023, in exec_module
api  |   File "<frozen importlib._bootstrap>", line 488, in _call_with_frames_removed
api  |   File "/app/app/main.py", line 9, in <module>
api  |     from app.rabbitmq import rabbitmq_publisher
api  | ImportError: cannot import name 'rabbitmq_publisher' from 'app.rabbitmq' (/app/app/rabbitmq.py)
api  | INFO:     Waiting for child process [73]
api  | INFO:     Child process [73] died
api  | INFO:     Waiting for child process [74]
api  | INFO:     Child process [74] died
api  | INFO:     Waiting for child process [75]
api  | INFO:     Child process [75] died
api  | Process SpawnProcess-37:
api  | Traceback (most recent call last):
api  |   File "/usr/local/lib/python3.13/multiprocessing/process.py", line 313, in _bootstrap
api  |     self.run()
api  |     ~~~~~~~~^^
api  |   File "/usr/local/lib/python3.13/multiprocessing/process.py", line 108, in run
api  |     self._target(*self._args, **self._kwargs)
api  |     ~~~~~~~~~~~~^^^^^^^^^^^^^^^^^^^^^^^^^^^^^
api  |   File "/usr/local/lib/python3.13/site-packages/uvicorn/_subprocess.py", line 80, in subprocess_started
api  |     target(sockets=sockets)
api  |     ~~~~~~^^^^^^^^^^^^^^^^^
api  |   File "/usr/local/lib/python3.13/site-packages/uvicorn/supervisors/multiprocess.py", line 63, in target
api  |     return self.real_target(sockets)
api  |            ~~~~~~~~~~~~~~~~^^^^^^^^^
api  |   File "/usr/local/lib/python3.13/site-packages/uvicorn/server.py", line 66, in run
api  |     return asyncio.run(self.serve(sockets=sockets))
api  |            ~~~~~~~~~~~^^^^^^^^^^^^^^^^^^^^^^^^^^^^^
api  |   File "/usr/local/lib/python3.13/asyncio/runners.py", line 195, in run
api  |     return runner.run(main)
api  |            ~~~~~~~~~~^^^^^^
api  |   File "/usr/local/lib/python3.13/asyncio/runners.py", line 118, in run
api  |     return self._loop.run_until_complete(task)
api  |            ~~~~~~~~~~~~~~~~~~~~~~~~~~~~~^^^^^^
api  |   File "uvloop/loop.pyx", line 1518, in uvloop.loop.Loop.run_until_complete
api  |   File "/usr/local/lib/python3.13/site-packages/uvicorn/server.py", line 70, in serve
api  |     await self._serve(sockets)
api  |   File "/usr/local/lib/python3.13/site-packages/uvicorn/server.py", line 77, in _serve
api  |     config.load()
api  |     ~~~~~~~~~~~^^
api  |   File "/usr/local/lib/python3.13/site-packages/uvicorn/config.py", line 435, in load
api  |     self.loaded_app = import_from_string(self.app)
api  |                       ~~~~~~~~~~~~~~~~~~^^^^^^^^^^
api  |   File "/usr/local/lib/python3.13/site-packages/uvicorn/importer.py", line 19, in import_from_string
api  |     module = importlib.import_module(module_str)
api  |   File "/usr/local/lib/python3.13/importlib/__init__.py", line 88, in import_module
api  |     return _bootstrap._gcd_import(name[level:], package, level)
api  |            ~~~~~~~~~~~~~~~~~~~~~~^^^^^^^^^^^^^^^^^^^^^^^^^^^^^^
api  |   File "<frozen importlib._bootstrap>", line 1395, in _gcd_import
api  |   File "<frozen importlib._bootstrap>", line 1360, in _find_and_load
api  |   File "<frozen importlib._bootstrap>", line 1331, in _find_and_load_unlocked
api  |   File "<frozen importlib._bootstrap>", line 935, in _load_unlocked
api  |   File "<frozen importlib._bootstrap_external>", line 1023, in exec_module
api  |   File "<frozen importlib._bootstrap>", line 488, in _call_with_frames_removed
api  |   File "/app/app/main.py", line 9, in <module>
api  |     from app.rabbitmq import rabbitmq_publisher
api  | ImportError: cannot import name 'rabbitmq_publisher' from 'app.rabbitmq' (/app/app/rabbitmq.py)
api  | INFO:     Waiting for child process [76]
api  | INFO:     Child process [76] died
api  | Process SpawnProcess-38:
api  | Traceback (most recent call last):
api  |   File "/usr/local/lib/python3.13/multiprocessing/process.py", line 313, in _bootstrap
api  |     self.run()
api  |     ~~~~~~~~^^
api  |   File "/usr/local/lib/python3.13/multiprocessing/process.py", line 108, in run
api  |     self._target(*self._args, **self._kwargs)
api  |     ~~~~~~~~~~~~^^^^^^^^^^^^^^^^^^^^^^^^^^^^^
api  |   File "/usr/local/lib/python3.13/site-packages/uvicorn/_subprocess.py", line 80, in subprocess_started
api  |     target(sockets=sockets)
api  |     ~~~~~~^^^^^^^^^^^^^^^^^
api  |   File "/usr/local/lib/python3.13/site-packages/uvicorn/supervisors/multiprocess.py", line 63, in target
api  |     return self.real_target(sockets)
api  |            ~~~~~~~~~~~~~~~~^^^^^^^^^
api  |   File "/usr/local/lib/python3.13/site-packages/uvicorn/server.py", line 66, in run
api  |     return asyncio.run(self.serve(sockets=sockets))
api  |            ~~~~~~~~~~~^^^^^^^^^^^^^^^^^^^^^^^^^^^^^
api  |   File "/usr/local/lib/python3.13/asyncio/runners.py", line 195, in run
api  |     return runner.run(main)
api  |            ~~~~~~~~~~^^^^^^
api  |   File "/usr/local/lib/python3.13/asyncio/runners.py", line 118, in run
api  |     return self._loop.run_until_complete(task)
api  |            ~~~~~~~~~~~~~~~~~~~~~~~~~~~~~^^^^^^
api  |   File "uvloop/loop.pyx", line 1518, in uvloop.loop.Loop.run_until_complete
api  |   File "/usr/local/lib/python3.13/site-packages/uvicorn/server.py", line 70, in serve
api  |     await self._serve(sockets)
api  |   File "/usr/local/lib/python3.13/site-packages/uvicorn/server.py", line 77, in _serve
api  |     config.load()
api  |     ~~~~~~~~~~~^^
api  |   File "/usr/local/lib/python3.13/site-packages/uvicorn/config.py", line 435, in load
api  |     self.loaded_app = import_from_string(self.app)
api  |                       ~~~~~~~~~~~~~~~~~~^^^^^^^^^^
api  |   File "/usr/local/lib/python3.13/site-packages/uvicorn/importer.py", line 19, in import_from_string
api  |     module = importlib.import_module(module_str)
api  |   File "/usr/local/lib/python3.13/importlib/__init__.py", line 88, in import_module
api  |     return _bootstrap._gcd_import(name[level:], package, level)
api  |            ~~~~~~~~~~~~~~~~~~~~~~^^^^^^^^^^^^^^^^^^^^^^^^^^^^^^
api  |   File "<frozen importlib._bootstrap>", line 1395, in _gcd_import
api  |   File "<frozen importlib._bootstrap>", line 1360, in _find_and_load
api  |   File "<frozen importlib._bootstrap>", line 1331, in _find_and_load_unlocked
api  |   File "<frozen importlib._bootstrap>", line 935, in _load_unlocked
api  |   File "<frozen importlib._bootstrap_external>", line 1023, in exec_module
api  |   File "<frozen importlib._bootstrap>", line 488, in _call_with_frames_removed
api  |   File "/app/app/main.py", line 9, in <module>
api  |     from app.rabbitmq import rabbitmq_publisher
api  | ImportError: cannot import name 'rabbitmq_publisher' from 'app.rabbitmq' (/app/app/rabbitmq.py)
api  | Process SpawnProcess-40:
api  | Process SpawnProcess-39:
api  | Traceback (most recent call last):
api  |   File "/usr/local/lib/python3.13/multiprocessing/process.py", line 313, in _bootstrap
api  |     self.run()
api  |     ~~~~~~~~^^
api  |   File "/usr/local/lib/python3.13/multiprocessing/process.py", line 108, in run
api  |     self._target(*self._args, **self._kwargs)
api  |     ~~~~~~~~~~~~^^^^^^^^^^^^^^^^^^^^^^^^^^^^^
api  |   File "/usr/local/lib/python3.13/site-packages/uvicorn/_subprocess.py", line 80, in subprocess_started
api  |     target(sockets=sockets)
api  |     ~~~~~~^^^^^^^^^^^^^^^^^
api  |   File "/usr/local/lib/python3.13/site-packages/uvicorn/supervisors/multiprocess.py", line 63, in target
api  |     return self.real_target(sockets)
api  |            ~~~~~~~~~~~~~~~~^^^^^^^^^
api  |   File "/usr/local/lib/python3.13/site-packages/uvicorn/server.py", line 66, in run
api  |     return asyncio.run(self.serve(sockets=sockets))
api  |            ~~~~~~~~~~~^^^^^^^^^^^^^^^^^^^^^^^^^^^^^
api  |   File "/usr/local/lib/python3.13/asyncio/runners.py", line 195, in run
api  |     return runner.run(main)
api  |            ~~~~~~~~~~^^^^^^
api  |   File "/usr/local/lib/python3.13/asyncio/runners.py", line 118, in run
api  |     return self._loop.run_until_complete(task)
api  |            ~~~~~~~~~~~~~~~~~~~~~~~~~~~~~^^^^^^
api  |   File "uvloop/loop.pyx", line 1518, in uvloop.loop.Loop.run_until_complete
api  |   File "/usr/local/lib/python3.13/site-packages/uvicorn/server.py", line 70, in serve
api  |     await self._serve(sockets)
api  |   File "/usr/local/lib/python3.13/site-packages/uvicorn/server.py", line 77, in _serve
api  |     config.load()
api  |     ~~~~~~~~~~~^^
api  |   File "/usr/local/lib/python3.13/site-packages/uvicorn/config.py", line 435, in load
api  |     self.loaded_app = import_from_string(self.app)
api  |                       ~~~~~~~~~~~~~~~~~~^^^^^^^^^^
api  |   File "/usr/local/lib/python3.13/site-packages/uvicorn/importer.py", line 19, in import_from_string
api  |     module = importlib.import_module(module_str)
api  |   File "/usr/local/lib/python3.13/importlib/__init__.py", line 88, in import_module
api  |     return _bootstrap._gcd_import(name[level:], package, level)
api  |            ~~~~~~~~~~~~~~~~~~~~~~^^^^^^^^^^^^^^^^^^^^^^^^^^^^^^
api  |   File "<frozen importlib._bootstrap>", line 1395, in _gcd_import
api  |   File "<frozen importlib._bootstrap>", line 1360, in _find_and_load
api  |   File "<frozen importlib._bootstrap>", line 1331, in _find_and_load_unlocked
api  |   File "<frozen importlib._bootstrap>", line 935, in _load_unlocked
api  |   File "<frozen importlib._bootstrap_external>", line 1023, in exec_module
api  |   File "<frozen importlib._bootstrap>", line 488, in _call_with_frames_removed
api  |   File "/app/app/main.py", line 9, in <module>
api  |     from app.rabbitmq import rabbitmq_publisher
api  | ImportError: cannot import name 'rabbitmq_publisher' from 'app.rabbitmq' (/app/app/rabbitmq.py)
api  | Traceback (most recent call last):
api  |   File "/usr/local/lib/python3.13/multiprocessing/process.py", line 313, in _bootstrap
api  |     self.run()
api  |     ~~~~~~~~^^
api  |   File "/usr/local/lib/python3.13/multiprocessing/process.py", line 108, in run
api  |     self._target(*self._args, **self._kwargs)
api  |     ~~~~~~~~~~~~^^^^^^^^^^^^^^^^^^^^^^^^^^^^^
api  |   File "/usr/local/lib/python3.13/site-packages/uvicorn/_subprocess.py", line 80, in subprocess_started
api  |     target(sockets=sockets)
api  |     ~~~~~~^^^^^^^^^^^^^^^^^
api  |   File "/usr/local/lib/python3.13/site-packages/uvicorn/supervisors/multiprocess.py", line 63, in target
api  |     return self.real_target(sockets)
api  |            ~~~~~~~~~~~~~~~~^^^^^^^^^
api  |   File "/usr/local/lib/python3.13/site-packages/uvicorn/server.py", line 66, in run
api  |     return asyncio.run(self.serve(sockets=sockets))
api  |            ~~~~~~~~~~~^^^^^^^^^^^^^^^^^^^^^^^^^^^^^
api  |   File "/usr/local/lib/python3.13/asyncio/runners.py", line 195, in run
api  |     return runner.run(main)
api  |            ~~~~~~~~~~^^^^^^
api  |   File "/usr/local/lib/python3.13/asyncio/runners.py", line 118, in run
api  |     return self._loop.run_until_complete(task)
api  |            ~~~~~~~~~~~~~~~~~~~~~~~~~~~~~^^^^^^
api  |   File "uvloop/loop.pyx", line 1518, in uvloop.loop.Loop.run_until_complete
api  |   File "/usr/local/lib/python3.13/site-packages/uvicorn/server.py", line 70, in serve
api  |     await self._serve(sockets)
api  |   File "/usr/local/lib/python3.13/site-packages/uvicorn/server.py", line 77, in _serve
api  |     config.load()
api  |     ~~~~~~~~~~~^^
api  |   File "/usr/local/lib/python3.13/site-packages/uvicorn/config.py", line 435, in load
api  |     self.loaded_app = import_from_string(self.app)
api  |                       ~~~~~~~~~~~~~~~~~~^^^^^^^^^^
api  |   File "/usr/local/lib/python3.13/site-packages/uvicorn/importer.py", line 19, in import_from_string
api  |     module = importlib.import_module(module_str)
api  |   File "/usr/local/lib/python3.13/importlib/__init__.py", line 88, in import_module
api  |     return _bootstrap._gcd_import(name[level:], package, level)
api  |            ~~~~~~~~~~~~~~~~~~~~~~^^^^^^^^^^^^^^^^^^^^^^^^^^^^^^
api  |   File "<frozen importlib._bootstrap>", line 1395, in _gcd_import
api  |   File "<frozen importlib._bootstrap>", line 1360, in _find_and_load
api  |   File "<frozen importlib._bootstrap>", line 1331, in _find_and_load_unlocked
api  |   File "<frozen importlib._bootstrap>", line 935, in _load_unlocked
api  |   File "<frozen importlib._bootstrap_external>", line 1023, in exec_module
api  |   File "<frozen importlib._bootstrap>", line 488, in _call_with_frames_removed
api  |   File "/app/app/main.py", line 9, in <module>
api  |     from app.rabbitmq import rabbitmq_publisher
api  | ImportError: cannot import name 'rabbitmq_publisher' from 'app.rabbitmq' (/app/app/rabbitmq.py)
api  | INFO:     Waiting for child process [81]
api  | INFO:     Child process [81] died
api  | Process SpawnProcess-41:
api  | Traceback (most recent call last):
api  |   File "/usr/local/lib/python3.13/multiprocessing/process.py", line 313, in _bootstrap
api  |     self.run()
api  |     ~~~~~~~~^^
api  |   File "/usr/local/lib/python3.13/multiprocessing/process.py", line 108, in run
api  |     self._target(*self._args, **self._kwargs)
api  |     ~~~~~~~~~~~~^^^^^^^^^^^^^^^^^^^^^^^^^^^^^
api  |   File "/usr/local/lib/python3.13/site-packages/uvicorn/_subprocess.py", line 80, in subprocess_started
api  |     target(sockets=sockets)
api  |     ~~~~~~^^^^^^^^^^^^^^^^^
api  |   File "/usr/local/lib/python3.13/site-packages/uvicorn/supervisors/multiprocess.py", line 63, in target
api  |     return self.real_target(sockets)
api  |            ~~~~~~~~~~~~~~~~^^^^^^^^^
api  |   File "/usr/local/lib/python3.13/site-packages/uvicorn/server.py", line 66, in run
api  |     return asyncio.run(self.serve(sockets=sockets))
api  |            ~~~~~~~~~~~^^^^^^^^^^^^^^^^^^^^^^^^^^^^^
api  |   File "/usr/local/lib/python3.13/asyncio/runners.py", line 195, in run
api  |     return runner.run(main)
api  |            ~~~~~~~~~~^^^^^^
api  |   File "/usr/local/lib/python3.13/asyncio/runners.py", line 118, in run
api  |     return self._loop.run_until_complete(task)
api  |            ~~~~~~~~~~~~~~~~~~~~~~~~~~~~~^^^^^^
api  |   File "uvloop/loop.pyx", line 1518, in uvloop.loop.Loop.run_until_complete
api  |   File "/usr/local/lib/python3.13/site-packages/uvicorn/server.py", line 70, in serve
api  |     await self._serve(sockets)
api  |   File "/usr/local/lib/python3.13/site-packages/uvicorn/server.py", line 77, in _serve
api  |     config.load()
api  |     ~~~~~~~~~~~^^
api  |   File "/usr/local/lib/python3.13/site-packages/uvicorn/config.py", line 435, in load
api  |     self.loaded_app = import_from_string(self.app)
api  |                       ~~~~~~~~~~~~~~~~~~^^^^^^^^^^
api  |   File "/usr/local/lib/python3.13/site-packages/uvicorn/importer.py", line 19, in import_from_string
api  |     module = importlib.import_module(module_str)
api  |   File "/usr/local/lib/python3.13/importlib/__init__.py", line 88, in import_module
api  |     return _bootstrap._gcd_import(name[level:], package, level)
api  |            ~~~~~~~~~~~~~~~~~~~~~~^^^^^^^^^^^^^^^^^^^^^^^^^^^^^^
api  |   File "<frozen importlib._bootstrap>", line 1395, in _gcd_import
api  |   File "<frozen importlib._bootstrap>", line 1360, in _find_and_load
api  |   File "<frozen importlib._bootstrap>", line 1331, in _find_and_load_unlocked
api  |   File "<frozen importlib._bootstrap>", line 935, in _load_unlocked
api  |   File "<frozen importlib._bootstrap_external>", line 1023, in exec_module
api  |   File "<frozen importlib._bootstrap>", line 488, in _call_with_frames_removed
api  |   File "/app/app/main.py", line 9, in <module>
api  |     from app.rabbitmq import rabbitmq_publisher
api  | ImportError: cannot import name 'rabbitmq_publisher' from 'app.rabbitmq' (/app/app/rabbitmq.py)
api  | Process SpawnProcess-42:
api  | Traceback (most recent call last):
api  |   File "/usr/local/lib/python3.13/multiprocessing/process.py", line 313, in _bootstrap
api  |     self.run()
api  |     ~~~~~~~~^^
api  |   File "/usr/local/lib/python3.13/multiprocessing/process.py", line 108, in run
api  |     self._target(*self._args, **self._kwargs)
api  |     ~~~~~~~~~~~~^^^^^^^^^^^^^^^^^^^^^^^^^^^^^
api  |   File "/usr/local/lib/python3.13/site-packages/uvicorn/_subprocess.py", line 80, in subprocess_started
api  |     target(sockets=sockets)
api  |     ~~~~~~^^^^^^^^^^^^^^^^^
api  |   File "/usr/local/lib/python3.13/site-packages/uvicorn/supervisors/multiprocess.py", line 63, in target
api  |     return self.real_target(sockets)
api  |            ~~~~~~~~~~~~~~~~^^^^^^^^^
api  |   File "/usr/local/lib/python3.13/site-packages/uvicorn/server.py", line 66, in run
api  |     return asyncio.run(self.serve(sockets=sockets))
api  |            ~~~~~~~~~~~^^^^^^^^^^^^^^^^^^^^^^^^^^^^^
api  |   File "/usr/local/lib/python3.13/asyncio/runners.py", line 195, in run
api  |     return runner.run(main)
api  |            ~~~~~~~~~~^^^^^^
api  |   File "/usr/local/lib/python3.13/asyncio/runners.py", line 118, in run
api  |     return self._loop.run_until_complete(task)
api  |            ~~~~~~~~~~~~~~~~~~~~~~~~~~~~~^^^^^^
api  |   File "uvloop/loop.pyx", line 1518, in uvloop.loop.Loop.run_until_complete
api  |   File "/usr/local/lib/python3.13/site-packages/uvicorn/server.py", line 70, in serve
api  |     await self._serve(sockets)
api  |   File "/usr/local/lib/python3.13/site-packages/uvicorn/server.py", line 77, in _serve
api  |     config.load()
api  |     ~~~~~~~~~~~^^
api  |   File "/usr/local/lib/python3.13/site-packages/uvicorn/config.py", line 435, in load
api  |     self.loaded_app = import_from_string(self.app)
api  |                       ~~~~~~~~~~~~~~~~~~^^^^^^^^^^
api  |   File "/usr/local/lib/python3.13/site-packages/uvicorn/importer.py", line 19, in import_from_string
api  |     module = importlib.import_module(module_str)
api  |   File "/usr/local/lib/python3.13/importlib/__init__.py", line 88, in import_module
api  |     return _bootstrap._gcd_import(name[level:], package, level)
api  |            ~~~~~~~~~~~~~~~~~~~~~~^^^^^^^^^^^^^^^^^^^^^^^^^^^^^^
api  |   File "<frozen importlib._bootstrap>", line 1395, in _gcd_import
api  |   File "<frozen importlib._bootstrap>", line 1360, in _find_and_load
api  |   File "<frozen importlib._bootstrap>", line 1331, in _find_and_load_unlocked
api  |   File "<frozen importlib._bootstrap>", line 935, in _load_unlocked
api  |   File "<frozen importlib._bootstrap_external>", line 1023, in exec_module
api  |   File "<frozen importlib._bootstrap>", line 488, in _call_with_frames_removed
api  |   File "/app/app/main.py", line 9, in <module>
api  |     from app.rabbitmq import rabbitmq_publisher
api  | ImportError: cannot import name 'rabbitmq_publisher' from 'app.rabbitmq' (/app/app/rabbitmq.py)
api  | INFO:     Waiting for child process [82]
api  | INFO:     Child process [82] died
api  | INFO:     Waiting for child process [83]
api  | INFO:     Child process [83] died
api  | INFO:     Waiting for child process [84]
api  | INFO:     Child process [84] died
api  | INFO:     Waiting for child process [89]
api  | INFO:     Child process [89] died
api  | Process SpawnProcess-44:
api  | Traceback (most recent call last):
api  |   File "/usr/local/lib/python3.13/multiprocessing/process.py", line 313, in _bootstrap
api  |     self.run()
api  |     ~~~~~~~~^^
api  |   File "/usr/local/lib/python3.13/multiprocessing/process.py", line 108, in run
api  |     self._target(*self._args, **self._kwargs)
api  |     ~~~~~~~~~~~~^^^^^^^^^^^^^^^^^^^^^^^^^^^^^
api  |   File "/usr/local/lib/python3.13/site-packages/uvicorn/_subprocess.py", line 80, in subprocess_started
api  |     target(sockets=sockets)
api  |     ~~~~~~^^^^^^^^^^^^^^^^^
api  |   File "/usr/local/lib/python3.13/site-packages/uvicorn/supervisors/multiprocess.py", line 63, in target
api  |     return self.real_target(sockets)
api  |            ~~~~~~~~~~~~~~~~^^^^^^^^^
api  |   File "/usr/local/lib/python3.13/site-packages/uvicorn/server.py", line 66, in run
api  |     return asyncio.run(self.serve(sockets=sockets))
api  |            ~~~~~~~~~~~^^^^^^^^^^^^^^^^^^^^^^^^^^^^^
api  |   File "/usr/local/lib/python3.13/asyncio/runners.py", line 195, in run
api  |     return runner.run(main)
api  |            ~~~~~~~~~~^^^^^^
api  |   File "/usr/local/lib/python3.13/asyncio/runners.py", line 118, in run
api  |     return self._loop.run_until_complete(task)
api  |            ~~~~~~~~~~~~~~~~~~~~~~~~~~~~~^^^^^^
api  |   File "uvloop/loop.pyx", line 1518, in uvloop.loop.Loop.run_until_complete
api  |   File "/usr/local/lib/python3.13/site-packages/uvicorn/server.py", line 70, in serve
api  |     await self._serve(sockets)
api  |   File "/usr/local/lib/python3.13/site-packages/uvicorn/server.py", line 77, in _serve
api  |     config.load()
api  |     ~~~~~~~~~~~^^
api  |   File "/usr/local/lib/python3.13/site-packages/uvicorn/config.py", line 435, in load
api  |     self.loaded_app = import_from_string(self.app)
api  |                       ~~~~~~~~~~~~~~~~~~^^^^^^^^^^
api  |   File "/usr/local/lib/python3.13/site-packages/uvicorn/importer.py", line 19, in import_from_string
api  |     module = importlib.import_module(module_str)
api  |   File "/usr/local/lib/python3.13/importlib/__init__.py", line 88, in import_module
api  |     return _bootstrap._gcd_import(name[level:], package, level)
api  |            ~~~~~~~~~~~~~~~~~~~~~~^^^^^^^^^^^^^^^^^^^^^^^^^^^^^^
api  |   File "<frozen importlib._bootstrap>", line 1395, in _gcd_import
api  |   File "<frozen importlib._bootstrap>", line 1360, in _find_and_load
api  |   File "<frozen importlib._bootstrap>", line 1331, in _find_and_load_unlocked
api  |   File "<frozen importlib._bootstrap>", line 935, in _load_unlocked
api  |   File "<frozen importlib._bootstrap_external>", line 1023, in exec_module
api  |   File "<frozen importlib._bootstrap>", line 488, in _call_with_frames_removed
api  |   File "/app/app/main.py", line 9, in <module>
api  |     from app.rabbitmq import rabbitmq_publisher
api  | ImportError: cannot import name 'rabbitmq_publisher' from 'app.rabbitmq' (/app/app/rabbitmq.py)
api  | Process SpawnProcess-43:
api  | Traceback (most recent call last):
api  |   File "/usr/local/lib/python3.13/multiprocessing/process.py", line 313, in _bootstrap
api  |     self.run()
api  |     ~~~~~~~~^^
api  |   File "/usr/local/lib/python3.13/multiprocessing/process.py", line 108, in run
api  |     self._target(*self._args, **self._kwargs)
api  |     ~~~~~~~~~~~~^^^^^^^^^^^^^^^^^^^^^^^^^^^^^
api  |   File "/usr/local/lib/python3.13/site-packages/uvicorn/_subprocess.py", line 80, in subprocess_started
api  |     target(sockets=sockets)
api  |     ~~~~~~^^^^^^^^^^^^^^^^^
api  |   File "/usr/local/lib/python3.13/site-packages/uvicorn/supervisors/multiprocess.py", line 63, in target
api  |     return self.real_target(sockets)
api  |            ~~~~~~~~~~~~~~~~^^^^^^^^^
api  |   File "/usr/local/lib/python3.13/site-packages/uvicorn/server.py", line 66, in run
api  |     return asyncio.run(self.serve(sockets=sockets))
api  |            ~~~~~~~~~~~^^^^^^^^^^^^^^^^^^^^^^^^^^^^^
api  |   File "/usr/local/lib/python3.13/asyncio/runners.py", line 195, in run
api  |     return runner.run(main)
api  |            ~~~~~~~~~~^^^^^^
api  |   File "/usr/local/lib/python3.13/asyncio/runners.py", line 118, in run
api  |     return self._loop.run_until_complete(task)
api  |            ~~~~~~~~~~~~~~~~~~~~~~~~~~~~~^^^^^^
api  |   File "uvloop/loop.pyx", line 1518, in uvloop.loop.Loop.run_until_complete
api  |   File "/usr/local/lib/python3.13/site-packages/uvicorn/server.py", line 70, in serve
api  |     await self._serve(sockets)
api  |   File "/usr/local/lib/python3.13/site-packages/uvicorn/server.py", line 77, in _serve
api  |     config.load()
api  |     ~~~~~~~~~~~^^
api  |   File "/usr/local/lib/python3.13/site-packages/uvicorn/config.py", line 435, in load
api  |     self.loaded_app = import_from_string(self.app)
api  |                       ~~~~~~~~~~~~~~~~~~^^^^^^^^^^
api  |   File "/usr/local/lib/python3.13/site-packages/uvicorn/importer.py", line 19, in import_from_string
api  |     module = importlib.import_module(module_str)
api  |   File "/usr/local/lib/python3.13/importlib/__init__.py", line 88, in import_module
api  |     return _bootstrap._gcd_import(name[level:], package, level)
api  |            ~~~~~~~~~~~~~~~~~~~~~~^^^^^^^^^^^^^^^^^^^^^^^^^^^^^^
api  |   File "<frozen importlib._bootstrap>", line 1395, in _gcd_import
api  |   File "<frozen importlib._bootstrap>", line 1360, in _find_and_load
api  |   File "<frozen importlib._bootstrap>", line 1331, in _find_and_load_unlocked
api  |   File "<frozen importlib._bootstrap>", line 935, in _load_unlocked
api  |   File "<frozen importlib._bootstrap_external>", line 1023, in exec_module
api  |   File "<frozen importlib._bootstrap>", line 488, in _call_with_frames_removed
api  |   File "/app/app/main.py", line 9, in <module>
api  |     from app.rabbitmq import rabbitmq_publisher
api  | ImportError: cannot import name 'rabbitmq_publisher' from 'app.rabbitmq' (/app/app/rabbitmq.py)
api  | INFO:     Waiting for child process [91]
api  | INFO:     Child process [91] died
api  | INFO:     Waiting for child process [92]
api  | INFO:     Child process [92] died
api  | Process SpawnProcess-46:
api  | Traceback (most recent call last):
api  |   File "/usr/local/lib/python3.13/multiprocessing/process.py", line 313, in _bootstrap
api  |     self.run()
api  |     ~~~~~~~~^^
api  |   File "/usr/local/lib/python3.13/multiprocessing/process.py", line 108, in run
api  |     self._target(*self._args, **self._kwargs)
api  |     ~~~~~~~~~~~~^^^^^^^^^^^^^^^^^^^^^^^^^^^^^
api  |   File "/usr/local/lib/python3.13/site-packages/uvicorn/_subprocess.py", line 80, in subprocess_started
api  |     target(sockets=sockets)
api  |     ~~~~~~^^^^^^^^^^^^^^^^^
api  |   File "/usr/local/lib/python3.13/site-packages/uvicorn/supervisors/multiprocess.py", line 63, in target
api  |     return self.real_target(sockets)
api  |            ~~~~~~~~~~~~~~~~^^^^^^^^^
api  |   File "/usr/local/lib/python3.13/site-packages/uvicorn/server.py", line 66, in run
api  |     return asyncio.run(self.serve(sockets=sockets))
api  |            ~~~~~~~~~~~^^^^^^^^^^^^^^^^^^^^^^^^^^^^^
api  |   File "/usr/local/lib/python3.13/asyncio/runners.py", line 195, in run
api  |     return runner.run(main)
api  |            ~~~~~~~~~~^^^^^^
api  |   File "/usr/local/lib/python3.13/asyncio/runners.py", line 118, in run
api  |     return self._loop.run_until_complete(task)
api  |            ~~~~~~~~~~~~~~~~~~~~~~~~~~~~~^^^^^^
api  |   File "uvloop/loop.pyx", line 1518, in uvloop.loop.Loop.run_until_complete
api  |   File "/usr/local/lib/python3.13/site-packages/uvicorn/server.py", line 70, in serve
api  |     await self._serve(sockets)
api  |   File "/usr/local/lib/python3.13/site-packages/uvicorn/server.py", line 77, in _serve
api  |     config.load()
api  |     ~~~~~~~~~~~^^
api  |   File "/usr/local/lib/python3.13/site-packages/uvicorn/config.py", line 435, in load
api  |     self.loaded_app = import_from_string(self.app)
api  |                       ~~~~~~~~~~~~~~~~~~^^^^^^^^^^
api  |   File "/usr/local/lib/python3.13/site-packages/uvicorn/importer.py", line 19, in import_from_string
api  |     module = importlib.import_module(module_str)
api  |   File "/usr/local/lib/python3.13/importlib/__init__.py", line 88, in import_module
api  |     return _bootstrap._gcd_import(name[level:], package, level)
api  |            ~~~~~~~~~~~~~~~~~~~~~~^^^^^^^^^^^^^^^^^^^^^^^^^^^^^^
api  |   File "<frozen importlib._bootstrap>", line 1395, in _gcd_import
api  |   File "<frozen importlib._bootstrap>", line 1360, in _find_and_load
api  |   File "<frozen importlib._bootstrap>", line 1331, in _find_and_load_unlocked
api  |   File "<frozen importlib._bootstrap>", line 935, in _load_unlocked
api  |   File "<frozen importlib._bootstrap_external>", line 1023, in exec_module
api  |   File "<frozen importlib._bootstrap>", line 488, in _call_with_frames_removed
api  |   File "/app/app/main.py", line 9, in <module>
api  |     from app.rabbitmq import rabbitmq_publisher
api  | ImportError: cannot import name 'rabbitmq_publisher' from 'app.rabbitmq' (/app/app/rabbitmq.py)
api  | Process SpawnProcess-45:
api  | Traceback (most recent call last):
api  |   File "/usr/local/lib/python3.13/multiprocessing/process.py", line 313, in _bootstrap
api  |     self.run()
api  |     ~~~~~~~~^^
api  |   File "/usr/local/lib/python3.13/multiprocessing/process.py", line 108, in run
api  |     self._target(*self._args, **self._kwargs)
api  |     ~~~~~~~~~~~~^^^^^^^^^^^^^^^^^^^^^^^^^^^^^
api  |   File "/usr/local/lib/python3.13/site-packages/uvicorn/_subprocess.py", line 80, in subprocess_started
api  |     target(sockets=sockets)
api  |     ~~~~~~^^^^^^^^^^^^^^^^^
api  |   File "/usr/local/lib/python3.13/site-packages/uvicorn/supervisors/multiprocess.py", line 63, in target
api  |     return self.real_target(sockets)
api  |            ~~~~~~~~~~~~~~~~^^^^^^^^^
api  |   File "/usr/local/lib/python3.13/site-packages/uvicorn/server.py", line 66, in run
api  |     return asyncio.run(self.serve(sockets=sockets))
api  |            ~~~~~~~~~~~^^^^^^^^^^^^^^^^^^^^^^^^^^^^^
api  |   File "/usr/local/lib/python3.13/asyncio/runners.py", line 195, in run
api  |     return runner.run(main)
api  |            ~~~~~~~~~~^^^^^^
api  |   File "/usr/local/lib/python3.13/asyncio/runners.py", line 118, in run
api  |     return self._loop.run_until_complete(task)
api  |            ~~~~~~~~~~~~~~~~~~~~~~~~~~~~~^^^^^^
api  |   File "uvloop/loop.pyx", line 1518, in uvloop.loop.Loop.run_until_complete
api  |   File "/usr/local/lib/python3.13/site-packages/uvicorn/server.py", line 70, in serve
api  |     await self._serve(sockets)
api  |   File "/usr/local/lib/python3.13/site-packages/uvicorn/server.py", line 77, in _serve
api  |     config.load()
api  |     ~~~~~~~~~~~^^
api  |   File "/usr/local/lib/python3.13/site-packages/uvicorn/config.py", line 435, in load
api  |     self.loaded_app = import_from_string(self.app)
api  |                       ~~~~~~~~~~~~~~~~~~^^^^^^^^^^
api  |   File "/usr/local/lib/python3.13/site-packages/uvicorn/importer.py", line 19, in import_from_string
api  |     module = importlib.import_module(module_str)
api  |   File "/usr/local/lib/python3.13/importlib/__init__.py", line 88, in import_module
api  |     return _bootstrap._gcd_import(name[level:], package, level)
api  |            ~~~~~~~~~~~~~~~~~~~~~~^^^^^^^^^^^^^^^^^^^^^^^^^^^^^^
api  |   File "<frozen importlib._bootstrap>", line 1395, in _gcd_import
api  |   File "<frozen importlib._bootstrap>", line 1360, in _find_and_load
api  |   File "<frozen importlib._bootstrap>", line 1331, in _find_and_load_unlocked
api  |   File "<frozen importlib._bootstrap>", line 935, in _load_unlocked
api  |   File "<frozen importlib._bootstrap_external>", line 1023, in exec_module
api  |   File "<frozen importlib._bootstrap>", line 488, in _call_with_frames_removed
api  |   File "/app/app/main.py", line 9, in <module>
api  |     from app.rabbitmq import rabbitmq_publisher
api  | ImportError: cannot import name 'rabbitmq_publisher' from 'app.rabbitmq' (/app/app/rabbitmq.py)
api  | Process SpawnProcess-48:
api  | Traceback (most recent call last):
api  |   File "/usr/local/lib/python3.13/multiprocessing/process.py", line 313, in _bootstrap
api  |     self.run()
api  |     ~~~~~~~~^^
api  |   File "/usr/local/lib/python3.13/multiprocessing/process.py", line 108, in run
api  |     self._target(*self._args, **self._kwargs)
api  |     ~~~~~~~~~~~~^^^^^^^^^^^^^^^^^^^^^^^^^^^^^
api  |   File "/usr/local/lib/python3.13/site-packages/uvicorn/_subprocess.py", line 80, in subprocess_started
api  |     target(sockets=sockets)
api  |     ~~~~~~^^^^^^^^^^^^^^^^^
api  |   File "/usr/local/lib/python3.13/site-packages/uvicorn/supervisors/multiprocess.py", line 63, in target
api  |     return self.real_target(sockets)
api  |            ~~~~~~~~~~~~~~~~^^^^^^^^^
api  |   File "/usr/local/lib/python3.13/site-packages/uvicorn/server.py", line 66, in run
api  |     return asyncio.run(self.serve(sockets=sockets))
api  |            ~~~~~~~~~~~^^^^^^^^^^^^^^^^^^^^^^^^^^^^^
api  |   File "/usr/local/lib/python3.13/asyncio/runners.py", line 195, in run
api  |     return runner.run(main)
api  |            ~~~~~~~~~~^^^^^^
api  |   File "/usr/local/lib/python3.13/asyncio/runners.py", line 118, in run
api  |     return self._loop.run_until_complete(task)
api  |            ~~~~~~~~~~~~~~~~~~~~~~~~~~~~~^^^^^^
api  |   File "uvloop/loop.pyx", line 1518, in uvloop.loop.Loop.run_until_complete
api  |   File "/usr/local/lib/python3.13/site-packages/uvicorn/server.py", line 70, in serve
api  |     await self._serve(sockets)
api  |   File "/usr/local/lib/python3.13/site-packages/uvicorn/server.py", line 77, in _serve
api  |     config.load()
api  |     ~~~~~~~~~~~^^
api  |   File "/usr/local/lib/python3.13/site-packages/uvicorn/config.py", line 435, in load
api  |     self.loaded_app = import_from_string(self.app)
api  |                       ~~~~~~~~~~~~~~~~~~^^^^^^^^^^
api  |   File "/usr/local/lib/python3.13/site-packages/uvicorn/importer.py", line 19, in import_from_string
api  |     module = importlib.import_module(module_str)
api  |   File "/usr/local/lib/python3.13/importlib/__init__.py", line 88, in import_module
api  |     return _bootstrap._gcd_import(name[level:], package, level)
api  |            ~~~~~~~~~~~~~~~~~~~~~~^^^^^^^^^^^^^^^^^^^^^^^^^^^^^^
api  |   File "<frozen importlib._bootstrap>", line 1395, in _gcd_import
api  |   File "<frozen importlib._bootstrap>", line 1360, in _find_and_load
api  |   File "<frozen importlib._bootstrap>", line 1331, in _find_and_load_unlocked
api  |   File "<frozen importlib._bootstrap>", line 935, in _load_unlocked
api  |   File "<frozen importlib._bootstrap_external>", line 1023, in exec_module
api  |   File "<frozen importlib._bootstrap>", line 488, in _call_with_frames_removed
api  |   File "/app/app/main.py", line 9, in <module>
api  |     from app.rabbitmq import rabbitmq_publisher
api  | ImportError: cannot import name 'rabbitmq_publisher' from 'app.rabbitmq' (/app/app/rabbitmq.py)
api  | Process SpawnProcess-47:
api  | Traceback (most recent call last):
api  |   File "/usr/local/lib/python3.13/multiprocessing/process.py", line 313, in _bootstrap
api  |     self.run()
api  |     ~~~~~~~~^^
api  |   File "/usr/local/lib/python3.13/multiprocessing/process.py", line 108, in run
api  |     self._target(*self._args, **self._kwargs)
api  |     ~~~~~~~~~~~~^^^^^^^^^^^^^^^^^^^^^^^^^^^^^
api  |   File "/usr/local/lib/python3.13/site-packages/uvicorn/_subprocess.py", line 80, in subprocess_started
api  |     target(sockets=sockets)
api  |     ~~~~~~^^^^^^^^^^^^^^^^^
api  |   File "/usr/local/lib/python3.13/site-packages/uvicorn/supervisors/multiprocess.py", line 63, in target
api  |     return self.real_target(sockets)
api  |            ~~~~~~~~~~~~~~~~^^^^^^^^^
api  |   File "/usr/local/lib/python3.13/site-packages/uvicorn/server.py", line 66, in run
api  |     return asyncio.run(self.serve(sockets=sockets))
api  |            ~~~~~~~~~~~^^^^^^^^^^^^^^^^^^^^^^^^^^^^^
api  |   File "/usr/local/lib/python3.13/asyncio/runners.py", line 195, in run
api  |     return runner.run(main)
api  |            ~~~~~~~~~~^^^^^^
api  |   File "/usr/local/lib/python3.13/asyncio/runners.py", line 118, in run
api  |     return self._loop.run_until_complete(task)
api  |            ~~~~~~~~~~~~~~~~~~~~~~~~~~~~~^^^^^^
api  |   File "uvloop/loop.pyx", line 1518, in uvloop.loop.Loop.run_until_complete
api  |   File "/usr/local/lib/python3.13/site-packages/uvicorn/server.py", line 70, in serve
api  |     await self._serve(sockets)
api  |   File "/usr/local/lib/python3.13/site-packages/uvicorn/server.py", line 77, in _serve
api  |     config.load()
api  |     ~~~~~~~~~~~^^
api  |   File "/usr/local/lib/python3.13/site-packages/uvicorn/config.py", line 435, in load
api  |     self.loaded_app = import_from_string(self.app)
api  |                       ~~~~~~~~~~~~~~~~~~^^^^^^^^^^
api  |   File "/usr/local/lib/python3.13/site-packages/uvicorn/importer.py", line 19, in import_from_string
api  |     module = importlib.import_module(module_str)
api  |   File "/usr/local/lib/python3.13/importlib/__init__.py", line 88, in import_module
api  |     return _bootstrap._gcd_import(name[level:], package, level)
api  |            ~~~~~~~~~~~~~~~~~~~~~~^^^^^^^^^^^^^^^^^^^^^^^^^^^^^^
api  |   File "<frozen importlib._bootstrap>", line 1395, in _gcd_import
api  |   File "<frozen importlib._bootstrap>", line 1360, in _find_and_load
api  |   File "<frozen importlib._bootstrap>", line 1331, in _find_and_load_unlocked
api  |   File "<frozen importlib._bootstrap>", line 935, in _load_unlocked
api  |   File "<frozen importlib._bootstrap_external>", line 1023, in exec_module
api  |   File "<frozen importlib._bootstrap>", line 488, in _call_with_frames_removed
api  |   File "/app/app/main.py", line 9, in <module>
api  |     from app.rabbitmq import rabbitmq_publisher
api  | ImportError: cannot import name 'rabbitmq_publisher' from 'app.rabbitmq' (/app/app/rabbitmq.py)
api  | INFO:     Waiting for child process [93]
api  | INFO:     Child process [93] died
api  | INFO:     Waiting for child process [94]
api  | INFO:     Child process [94] died
api  | INFO:     Waiting for child process [99]
api  | INFO:     Child process [99] died
api  | INFO:     Waiting for child process [100]
api  | INFO:     Child process [100] died
api  | Process SpawnProcess-51:
api  | Traceback (most recent call last):
api  |   File "/usr/local/lib/python3.13/multiprocessing/process.py", line 313, in _bootstrap
api  |     self.run()
api  |     ~~~~~~~~^^
api  |   File "/usr/local/lib/python3.13/multiprocessing/process.py", line 108, in run
api  |     self._target(*self._args, **self._kwargs)
api  |     ~~~~~~~~~~~~^^^^^^^^^^^^^^^^^^^^^^^^^^^^^
api  |   File "/usr/local/lib/python3.13/site-packages/uvicorn/_subprocess.py", line 80, in subprocess_started
api  |     target(sockets=sockets)
api  |     ~~~~~~^^^^^^^^^^^^^^^^^
api  |   File "/usr/local/lib/python3.13/site-packages/uvicorn/supervisors/multiprocess.py", line 63, in target
api  |     return self.real_target(sockets)
api  |            ~~~~~~~~~~~~~~~~^^^^^^^^^
api  |   File "/usr/local/lib/python3.13/site-packages/uvicorn/server.py", line 66, in run
api  |     return asyncio.run(self.serve(sockets=sockets))
api  |            ~~~~~~~~~~~^^^^^^^^^^^^^^^^^^^^^^^^^^^^^
api  |   File "/usr/local/lib/python3.13/asyncio/runners.py", line 195, in run
api  |     return runner.run(main)
api  |            ~~~~~~~~~~^^^^^^
api  |   File "/usr/local/lib/python3.13/asyncio/runners.py", line 118, in run
api  |     return self._loop.run_until_complete(task)
api  |            ~~~~~~~~~~~~~~~~~~~~~~~~~~~~~^^^^^^
api  |   File "uvloop/loop.pyx", line 1518, in uvloop.loop.Loop.run_until_complete
api  |   File "/usr/local/lib/python3.13/site-packages/uvicorn/server.py", line 70, in serve
api  |     await self._serve(sockets)
api  |   File "/usr/local/lib/python3.13/site-packages/uvicorn/server.py", line 77, in _serve
api  |     config.load()
api  |     ~~~~~~~~~~~^^
api  |   File "/usr/local/lib/python3.13/site-packages/uvicorn/config.py", line 435, in load
api  |     self.loaded_app = import_from_string(self.app)
api  |                       ~~~~~~~~~~~~~~~~~~^^^^^^^^^^
api  |   File "/usr/local/lib/python3.13/site-packages/uvicorn/importer.py", line 19, in import_from_string
api  |     module = importlib.import_module(module_str)
api  |   File "/usr/local/lib/python3.13/importlib/__init__.py", line 88, in import_module
api  |     return _bootstrap._gcd_import(name[level:], package, level)
api  |            ~~~~~~~~~~~~~~~~~~~~~~^^^^^^^^^^^^^^^^^^^^^^^^^^^^^^
api  |   File "<frozen importlib._bootstrap>", line 1395, in _gcd_import
api  |   File "<frozen importlib._bootstrap>", line 1360, in _find_and_load
api  |   File "<frozen importlib._bootstrap>", line 1331, in _find_and_load_unlocked
api  |   File "<frozen importlib._bootstrap>", line 935, in _load_unlocked
api  |   File "<frozen importlib._bootstrap_external>", line 1023, in exec_module
api  |   File "<frozen importlib._bootstrap>", line 488, in _call_with_frames_removed
api  |   File "/app/app/main.py", line 9, in <module>
api  |     from app.rabbitmq import rabbitmq_publisher
api  | ImportError: cannot import name 'rabbitmq_publisher' from 'app.rabbitmq' (/app/app/rabbitmq.py)
api  | Process SpawnProcess-49:
api  | Traceback (most recent call last):
api  |   File "/usr/local/lib/python3.13/multiprocessing/process.py", line 313, in _bootstrap
api  |     self.run()
api  |     ~~~~~~~~^^
api  |   File "/usr/local/lib/python3.13/multiprocessing/process.py", line 108, in run
api  |     self._target(*self._args, **self._kwargs)
api  |     ~~~~~~~~~~~~^^^^^^^^^^^^^^^^^^^^^^^^^^^^^
api  |   File "/usr/local/lib/python3.13/site-packages/uvicorn/_subprocess.py", line 80, in subprocess_started
api  |     target(sockets=sockets)
api  |     ~~~~~~^^^^^^^^^^^^^^^^^
api  |   File "/usr/local/lib/python3.13/site-packages/uvicorn/supervisors/multiprocess.py", line 63, in target
api  |     return self.real_target(sockets)
api  |            ~~~~~~~~~~~~~~~~^^^^^^^^^
api  |   File "/usr/local/lib/python3.13/site-packages/uvicorn/server.py", line 66, in run
api  |     return asyncio.run(self.serve(sockets=sockets))
api  |            ~~~~~~~~~~~^^^^^^^^^^^^^^^^^^^^^^^^^^^^^
api  |   File "/usr/local/lib/python3.13/asyncio/runners.py", line 195, in run
api  |     return runner.run(main)
api  |            ~~~~~~~~~~^^^^^^
api  |   File "/usr/local/lib/python3.13/asyncio/runners.py", line 118, in run
api  |     return self._loop.run_until_complete(task)
api  |            ~~~~~~~~~~~~~~~~~~~~~~~~~~~~~^^^^^^
api  |   File "uvloop/loop.pyx", line 1518, in uvloop.loop.Loop.run_until_complete
api  |   File "/usr/local/lib/python3.13/site-packages/uvicorn/server.py", line 70, in serve
api  |     await self._serve(sockets)
api  |   File "/usr/local/lib/python3.13/site-packages/uvicorn/server.py", line 77, in _serve
api  |     config.load()
api  |     ~~~~~~~~~~~^^
api  |   File "/usr/local/lib/python3.13/site-packages/uvicorn/config.py", line 435, in load
api  |     self.loaded_app = import_from_string(self.app)
api  |                       ~~~~~~~~~~~~~~~~~~^^^^^^^^^^
api  |   File "/usr/local/lib/python3.13/site-packages/uvicorn/importer.py", line 19, in import_from_string
api  |     module = importlib.import_module(module_str)
api  |   File "/usr/local/lib/python3.13/importlib/__init__.py", line 88, in import_module
api  |     return _bootstrap._gcd_import(name[level:], package, level)
api  |            ~~~~~~~~~~~~~~~~~~~~~~^^^^^^^^^^^^^^^^^^^^^^^^^^^^^^
api  |   File "<frozen importlib._bootstrap>", line 1395, in _gcd_import
api  |   File "<frozen importlib._bootstrap>", line 1360, in _find_and_load
api  |   File "<frozen importlib._bootstrap>", line 1331, in _find_and_load_unlocked
api  |   File "<frozen importlib._bootstrap>", line 935, in _load_unlocked
api  |   File "<frozen importlib._bootstrap_external>", line 1023, in exec_module
api  |   File "<frozen importlib._bootstrap>", line 488, in _call_with_frames_removed
api  |   File "/app/app/main.py", line 9, in <module>
api  |     from app.rabbitmq import rabbitmq_publisher
api  | ImportError: cannot import name 'rabbitmq_publisher' from 'app.rabbitmq' (/app/app/rabbitmq.py)
api  | Process SpawnProcess-50:
api  | Traceback (most recent call last):
api  |   File "/usr/local/lib/python3.13/multiprocessing/process.py", line 313, in _bootstrap
api  |     self.run()
api  |     ~~~~~~~~^^
api  |   File "/usr/local/lib/python3.13/multiprocessing/process.py", line 108, in run
api  |     self._target(*self._args, **self._kwargs)
api  |     ~~~~~~~~~~~~^^^^^^^^^^^^^^^^^^^^^^^^^^^^^
api  |   File "/usr/local/lib/python3.13/site-packages/uvicorn/_subprocess.py", line 80, in subprocess_started
api  |     target(sockets=sockets)
api  |     ~~~~~~^^^^^^^^^^^^^^^^^
api  |   File "/usr/local/lib/python3.13/site-packages/uvicorn/supervisors/multiprocess.py", line 63, in target
api  |     return self.real_target(sockets)
api  |            ~~~~~~~~~~~~~~~~^^^^^^^^^
api  |   File "/usr/local/lib/python3.13/site-packages/uvicorn/server.py", line 66, in run
api  |     return asyncio.run(self.serve(sockets=sockets))
api  |            ~~~~~~~~~~~^^^^^^^^^^^^^^^^^^^^^^^^^^^^^
api  |   File "/usr/local/lib/python3.13/asyncio/runners.py", line 195, in run
api  |     return runner.run(main)
api  |            ~~~~~~~~~~^^^^^^
api  |   File "/usr/local/lib/python3.13/asyncio/runners.py", line 118, in run
api  |     return self._loop.run_until_complete(task)
api  |            ~~~~~~~~~~~~~~~~~~~~~~~~~~~~~^^^^^^
api  |   File "uvloop/loop.pyx", line 1518, in uvloop.loop.Loop.run_until_complete
api  |   File "/usr/local/lib/python3.13/site-packages/uvicorn/server.py", line 70, in serve
api  |     await self._serve(sockets)
api  |   File "/usr/local/lib/python3.13/site-packages/uvicorn/server.py", line 77, in _serve
api  |     config.load()
api  |     ~~~~~~~~~~~^^
api  |   File "/usr/local/lib/python3.13/site-packages/uvicorn/config.py", line 435, in load
api  |     self.loaded_app = import_from_string(self.app)
api  |                       ~~~~~~~~~~~~~~~~~~^^^^^^^^^^
api  |   File "/usr/local/lib/python3.13/site-packages/uvicorn/importer.py", line 19, in import_from_string
api  |     module = importlib.import_module(module_str)
api  |   File "/usr/local/lib/python3.13/importlib/__init__.py", line 88, in import_module
api  |     return _bootstrap._gcd_import(name[level:], package, level)
api  |            ~~~~~~~~~~~~~~~~~~~~~~^^^^^^^^^^^^^^^^^^^^^^^^^^^^^^
api  |   File "<frozen importlib._bootstrap>", line 1395, in _gcd_import
api  |   File "<frozen importlib._bootstrap>", line 1360, in _find_and_load
api  |   File "<frozen importlib._bootstrap>", line 1331, in _find_and_load_unlocked
api  |   File "<frozen importlib._bootstrap>", line 935, in _load_unlocked
api  |   File "<frozen importlib._bootstrap_external>", line 1023, in exec_module
api  |   File "<frozen importlib._bootstrap>", line 488, in _call_with_frames_removed
api  |   File "/app/app/main.py", line 9, in <module>
api  |     from app.rabbitmq import rabbitmq_publisher
api  | ImportError: cannot import name 'rabbitmq_publisher' from 'app.rabbitmq' (/app/app/rabbitmq.py)
api  | Process SpawnProcess-52:
api  | Traceback (most recent call last):
api  |   File "/usr/local/lib/python3.13/multiprocessing/process.py", line 313, in _bootstrap
api  |     self.run()
api  |     ~~~~~~~~^^
api  |   File "/usr/local/lib/python3.13/multiprocessing/process.py", line 108, in run
api  |     self._target(*self._args, **self._kwargs)
api  |     ~~~~~~~~~~~~^^^^^^^^^^^^^^^^^^^^^^^^^^^^^
api  |   File "/usr/local/lib/python3.13/site-packages/uvicorn/_subprocess.py", line 80, in subprocess_started
api  |     target(sockets=sockets)
api  |     ~~~~~~^^^^^^^^^^^^^^^^^
api  |   File "/usr/local/lib/python3.13/site-packages/uvicorn/supervisors/multiprocess.py", line 63, in target
api  |     return self.real_target(sockets)
api  |            ~~~~~~~~~~~~~~~~^^^^^^^^^
api  |   File "/usr/local/lib/python3.13/site-packages/uvicorn/server.py", line 66, in run
api  |     return asyncio.run(self.serve(sockets=sockets))
api  |            ~~~~~~~~~~~^^^^^^^^^^^^^^^^^^^^^^^^^^^^^
api  |   File "/usr/local/lib/python3.13/asyncio/runners.py", line 195, in run
api  |     return runner.run(main)
api  |            ~~~~~~~~~~^^^^^^
api  |   File "/usr/local/lib/python3.13/asyncio/runners.py", line 118, in run
api  |     return self._loop.run_until_complete(task)
api  |            ~~~~~~~~~~~~~~~~~~~~~~~~~~~~~^^^^^^
api  |   File "uvloop/loop.pyx", line 1518, in uvloop.loop.Loop.run_until_complete
api  |   File "/usr/local/lib/python3.13/site-packages/uvicorn/server.py", line 70, in serve
api  |     await self._serve(sockets)
api  |   File "/usr/local/lib/python3.13/site-packages/uvicorn/server.py", line 77, in _serve
api  |     config.load()
api  |     ~~~~~~~~~~~^^
api  |   File "/usr/local/lib/python3.13/site-packages/uvicorn/config.py", line 435, in load
api  |     self.loaded_app = import_from_string(self.app)
api  |                       ~~~~~~~~~~~~~~~~~~^^^^^^^^^^
api  |   File "/usr/local/lib/python3.13/site-packages/uvicorn/importer.py", line 19, in import_from_string
api  |     module = importlib.import_module(module_str)
api  |   File "/usr/local/lib/python3.13/importlib/__init__.py", line 88, in import_module
api  |     return _bootstrap._gcd_import(name[level:], package, level)
api  |            ~~~~~~~~~~~~~~~~~~~~~~^^^^^^^^^^^^^^^^^^^^^^^^^^^^^^
api  |   File "<frozen importlib._bootstrap>", line 1395, in _gcd_import
api  |   File "<frozen importlib._bootstrap>", line 1360, in _find_and_load
api  |   File "<frozen importlib._bootstrap>", line 1331, in _find_and_load_unlocked
api  |   File "<frozen importlib._bootstrap>", line 935, in _load_unlocked
api  |   File "<frozen importlib._bootstrap_external>", line 1023, in exec_module
api  |   File "<frozen importlib._bootstrap>", line 488, in _call_with_frames_removed
api  |   File "/app/app/main.py", line 9, in <module>
api  |     from app.rabbitmq import rabbitmq_publisher
api  | ImportError: cannot import name 'rabbitmq_publisher' from 'app.rabbitmq' (/app/app/rabbitmq.py)
api  | INFO:     Waiting for child process [105]
api  | INFO:     Child process [105] died
api  | INFO:     Waiting for child process [106]
api  | INFO:     Child process [106] died
api  | INFO:     Waiting for child process [103]
api  | INFO:     Child process [103] died
api  | INFO:     Waiting for child process [104]
api  | INFO:     Child process [104] died
api  | Process SpawnProcess-54:
api  | Traceback (most recent call last):
api  |   File "/usr/local/lib/python3.13/multiprocessing/process.py", line 313, in _bootstrap
api  |     self.run()
api  |     ~~~~~~~~^^
api  |   File "/usr/local/lib/python3.13/multiprocessing/process.py", line 108, in run
api  |     self._target(*self._args, **self._kwargs)
api  |     ~~~~~~~~~~~~^^^^^^^^^^^^^^^^^^^^^^^^^^^^^
api  |   File "/usr/local/lib/python3.13/site-packages/uvicorn/_subprocess.py", line 80, in subprocess_started
api  |     target(sockets=sockets)
api  |     ~~~~~~^^^^^^^^^^^^^^^^^
api  |   File "/usr/local/lib/python3.13/site-packages/uvicorn/supervisors/multiprocess.py", line 63, in target
api  |     return self.real_target(sockets)
api  |            ~~~~~~~~~~~~~~~~^^^^^^^^^
api  |   File "/usr/local/lib/python3.13/site-packages/uvicorn/server.py", line 66, in run
api  |     return asyncio.run(self.serve(sockets=sockets))
api  |            ~~~~~~~~~~~^^^^^^^^^^^^^^^^^^^^^^^^^^^^^
api  |   File "/usr/local/lib/python3.13/asyncio/runners.py", line 195, in run
api  |     return runner.run(main)
api  |            ~~~~~~~~~~^^^^^^
api  |   File "/usr/local/lib/python3.13/asyncio/runners.py", line 118, in run
api  |     return self._loop.run_until_complete(task)
api  |            ~~~~~~~~~~~~~~~~~~~~~~~~~~~~~^^^^^^
api  |   File "uvloop/loop.pyx", line 1518, in uvloop.loop.Loop.run_until_complete
api  |   File "/usr/local/lib/python3.13/site-packages/uvicorn/server.py", line 70, in serve
api  |     await self._serve(sockets)
api  |   File "/usr/local/lib/python3.13/site-packages/uvicorn/server.py", line 77, in _serve
api  |     config.load()
api  |     ~~~~~~~~~~~^^
api  |   File "/usr/local/lib/python3.13/site-packages/uvicorn/config.py", line 435, in load
api  |     self.loaded_app = import_from_string(self.app)
api  |                       ~~~~~~~~~~~~~~~~~~^^^^^^^^^^
api  |   File "/usr/local/lib/python3.13/site-packages/uvicorn/importer.py", line 19, in import_from_string
api  |     module = importlib.import_module(module_str)
api  |   File "/usr/local/lib/python3.13/importlib/__init__.py", line 88, in import_module
api  |     return _bootstrap._gcd_import(name[level:], package, level)
api  |            ~~~~~~~~~~~~~~~~~~~~~~^^^^^^^^^^^^^^^^^^^^^^^^^^^^^^
api  |   File "<frozen importlib._bootstrap>", line 1395, in _gcd_import
api  |   File "<frozen importlib._bootstrap>", line 1360, in _find_and_load
api  |   File "<frozen importlib._bootstrap>", line 1331, in _find_and_load_unlocked
api  |   File "<frozen importlib._bootstrap>", line 935, in _load_unlocked
api  |   File "<frozen importlib._bootstrap_external>", line 1023, in exec_module
api  |   File "<frozen importlib._bootstrap>", line 488, in _call_with_frames_removed
api  |   File "/app/app/main.py", line 9, in <module>
api  |     from app.rabbitmq import rabbitmq_publisher
api  | ImportError: cannot import name 'rabbitmq_publisher' from 'app.rabbitmq' (/app/app/rabbitmq.py)
api  | Process SpawnProcess-53:
api  | Traceback (most recent call last):
api  |   File "/usr/local/lib/python3.13/multiprocessing/process.py", line 313, in _bootstrap
api  |     self.run()
api  |     ~~~~~~~~^^
api  |   File "/usr/local/lib/python3.13/multiprocessing/process.py", line 108, in run
api  |     self._target(*self._args, **self._kwargs)
api  |     ~~~~~~~~~~~~^^^^^^^^^^^^^^^^^^^^^^^^^^^^^
api  |   File "/usr/local/lib/python3.13/site-packages/uvicorn/_subprocess.py", line 80, in subprocess_started
api  |     target(sockets=sockets)
api  |     ~~~~~~^^^^^^^^^^^^^^^^^
api  |   File "/usr/local/lib/python3.13/site-packages/uvicorn/supervisors/multiprocess.py", line 63, in target
api  |     return self.real_target(sockets)
api  |            ~~~~~~~~~~~~~~~~^^^^^^^^^
api  |   File "/usr/local/lib/python3.13/site-packages/uvicorn/server.py", line 66, in run
api  |     return asyncio.run(self.serve(sockets=sockets))
api  |            ~~~~~~~~~~~^^^^^^^^^^^^^^^^^^^^^^^^^^^^^
api  |   File "/usr/local/lib/python3.13/asyncio/runners.py", line 195, in run
api  |     return runner.run(main)
api  |            ~~~~~~~~~~^^^^^^
api  |   File "/usr/local/lib/python3.13/asyncio/runners.py", line 118, in run
api  |     return self._loop.run_until_complete(task)
api  |            ~~~~~~~~~~~~~~~~~~~~~~~~~~~~~^^^^^^
api  |   File "uvloop/loop.pyx", line 1518, in uvloop.loop.Loop.run_until_complete
api  |   File "/usr/local/lib/python3.13/site-packages/uvicorn/server.py", line 70, in serve
api  |     await self._serve(sockets)
api  |   File "/usr/local/lib/python3.13/site-packages/uvicorn/server.py", line 77, in _serve
api  |     config.load()
api  |     ~~~~~~~~~~~^^
api  |   File "/usr/local/lib/python3.13/site-packages/uvicorn/config.py", line 435, in load
api  |     self.loaded_app = import_from_string(self.app)
api  |                       ~~~~~~~~~~~~~~~~~~^^^^^^^^^^
api  |   File "/usr/local/lib/python3.13/site-packages/uvicorn/importer.py", line 19, in import_from_string
api  |     module = importlib.import_module(module_str)
api  |   File "/usr/local/lib/python3.13/importlib/__init__.py", line 88, in import_module
api  |     return _bootstrap._gcd_import(name[level:], package, level)
api  |            ~~~~~~~~~~~~~~~~~~~~~~^^^^^^^^^^^^^^^^^^^^^^^^^^^^^^
api  |   File "<frozen importlib._bootstrap>", line 1395, in _gcd_import
api  |   File "<frozen importlib._bootstrap>", line 1360, in _find_and_load
api  |   File "<frozen importlib._bootstrap>", line 1331, in _find_and_load_unlocked
api  |   File "<frozen importlib._bootstrap>", line 935, in _load_unlocked
api  |   File "<frozen importlib._bootstrap_external>", line 1023, in exec_module
api  |   File "<frozen importlib._bootstrap>", line 488, in _call_with_frames_removed
api  |   File "/app/app/main.py", line 9, in <module>
api  |     from app.rabbitmq import rabbitmq_publisher
api  | ImportError: cannot import name 'rabbitmq_publisher' from 'app.rabbitmq' (/app/app/rabbitmq.py)
api  | Process SpawnProcess-56:
api  | Traceback (most recent call last):
api  |   File "/usr/local/lib/python3.13/multiprocessing/process.py", line 313, in _bootstrap
api  |     self.run()
api  |     ~~~~~~~~^^
api  |   File "/usr/local/lib/python3.13/multiprocessing/process.py", line 108, in run
api  |     self._target(*self._args, **self._kwargs)
api  |     ~~~~~~~~~~~~^^^^^^^^^^^^^^^^^^^^^^^^^^^^^
api  |   File "/usr/local/lib/python3.13/site-packages/uvicorn/_subprocess.py", line 80, in subprocess_started
api  |     target(sockets=sockets)
api  |     ~~~~~~^^^^^^^^^^^^^^^^^
api  |   File "/usr/local/lib/python3.13/site-packages/uvicorn/supervisors/multiprocess.py", line 63, in target
api  |     return self.real_target(sockets)
api  |            ~~~~~~~~~~~~~~~~^^^^^^^^^
api  |   File "/usr/local/lib/python3.13/site-packages/uvicorn/server.py", line 66, in run
api  |     return asyncio.run(self.serve(sockets=sockets))
api  |            ~~~~~~~~~~~^^^^^^^^^^^^^^^^^^^^^^^^^^^^^
api  |   File "/usr/local/lib/python3.13/asyncio/runners.py", line 195, in run
api  |     return runner.run(main)
api  |            ~~~~~~~~~~^^^^^^
api  |   File "/usr/local/lib/python3.13/asyncio/runners.py", line 118, in run
api  |     return self._loop.run_until_complete(task)
api  |            ~~~~~~~~~~~~~~~~~~~~~~~~~~~~~^^^^^^
api  |   File "uvloop/loop.pyx", line 1518, in uvloop.loop.Loop.run_until_complete
api  |   File "/usr/local/lib/python3.13/site-packages/uvicorn/server.py", line 70, in serve
api  |     await self._serve(sockets)
api  |   File "/usr/local/lib/python3.13/site-packages/uvicorn/server.py", line 77, in _serve
api  |     config.load()
api  |     ~~~~~~~~~~~^^
api  |   File "/usr/local/lib/python3.13/site-packages/uvicorn/config.py", line 435, in load
api  |     self.loaded_app = import_from_string(self.app)
api  |                       ~~~~~~~~~~~~~~~~~~^^^^^^^^^^
api  |   File "/usr/local/lib/python3.13/site-packages/uvicorn/importer.py", line 19, in import_from_string
api  |     module = importlib.import_module(module_str)
api  |   File "/usr/local/lib/python3.13/importlib/__init__.py", line 88, in import_module
api  |     return _bootstrap._gcd_import(name[level:], package, level)
api  |            ~~~~~~~~~~~~~~~~~~~~~~^^^^^^^^^^^^^^^^^^^^^^^^^^^^^^
api  |   File "<frozen importlib._bootstrap>", line 1395, in _gcd_import
api  |   File "<frozen importlib._bootstrap>", line 1360, in _find_and_load
api  |   File "<frozen importlib._bootstrap>", line 1331, in _find_and_load_unlocked
api  |   File "<frozen importlib._bootstrap>", line 935, in _load_unlocked
api  |   File "<frozen importlib._bootstrap_external>", line 1023, in exec_module
api  |   File "<frozen importlib._bootstrap>", line 488, in _call_with_frames_removed
api  |   File "/app/app/main.py", line 9, in <module>
api  |     from app.rabbitmq import rabbitmq_publisher
api  | ImportError: cannot import name 'rabbitmq_publisher' from 'app.rabbitmq' (/app/app/rabbitmq.py)
api  | Process SpawnProcess-55:
api  | Traceback (most recent call last):
api  |   File "/usr/local/lib/python3.13/multiprocessing/process.py", line 313, in _bootstrap
api  |     self.run()
api  |     ~~~~~~~~^^
api  |   File "/usr/local/lib/python3.13/multiprocessing/process.py", line 108, in run
api  |     self._target(*self._args, **self._kwargs)
api  |     ~~~~~~~~~~~~^^^^^^^^^^^^^^^^^^^^^^^^^^^^^
api  |   File "/usr/local/lib/python3.13/site-packages/uvicorn/_subprocess.py", line 80, in subprocess_started
api  |     target(sockets=sockets)
api  |     ~~~~~~^^^^^^^^^^^^^^^^^
api  |   File "/usr/local/lib/python3.13/site-packages/uvicorn/supervisors/multiprocess.py", line 63, in target
api  |     return self.real_target(sockets)
api  |            ~~~~~~~~~~~~~~~~^^^^^^^^^
api  |   File "/usr/local/lib/python3.13/site-packages/uvicorn/server.py", line 66, in run
api  |     return asyncio.run(self.serve(sockets=sockets))
api  |            ~~~~~~~~~~~^^^^^^^^^^^^^^^^^^^^^^^^^^^^^
api  |   File "/usr/local/lib/python3.13/asyncio/runners.py", line 195, in run
api  |     return runner.run(main)
api  |            ~~~~~~~~~~^^^^^^
api  |   File "/usr/local/lib/python3.13/asyncio/runners.py", line 118, in run
api  |     return self._loop.run_until_complete(task)
api  |            ~~~~~~~~~~~~~~~~~~~~~~~~~~~~~^^^^^^
api  |   File "uvloop/loop.pyx", line 1518, in uvloop.loop.Loop.run_until_complete
api  |   File "/usr/local/lib/python3.13/site-packages/uvicorn/server.py", line 70, in serve
api  |     await self._serve(sockets)
api  |   File "/usr/local/lib/python3.13/site-packages/uvicorn/server.py", line 77, in _serve
api  |     config.load()
api  |     ~~~~~~~~~~~^^
api  |   File "/usr/local/lib/python3.13/site-packages/uvicorn/config.py", line 435, in load
api  |     self.loaded_app = import_from_string(self.app)
api  |                       ~~~~~~~~~~~~~~~~~~^^^^^^^^^^
api  |   File "/usr/local/lib/python3.13/site-packages/uvicorn/importer.py", line 19, in import_from_string
api  |     module = importlib.import_module(module_str)
api  |   File "/usr/local/lib/python3.13/importlib/__init__.py", line 88, in import_module
api  |     return _bootstrap._gcd_import(name[level:], package, level)
api  |            ~~~~~~~~~~~~~~~~~~~~~~^^^^^^^^^^^^^^^^^^^^^^^^^^^^^^
api  |   File "<frozen importlib._bootstrap>", line 1395, in _gcd_import
api  |   File "<frozen importlib._bootstrap>", line 1360, in _find_and_load
api  |   File "<frozen importlib._bootstrap>", line 1331, in _find_and_load_unlocked
api  |   File "<frozen importlib._bootstrap>", line 935, in _load_unlocked
api  |   File "<frozen importlib._bootstrap_external>", line 1023, in exec_module
api  |   File "<frozen importlib._bootstrap>", line 488, in _call_with_frames_removed
api  |   File "/app/app/main.py", line 9, in <module>
api  |     from app.rabbitmq import rabbitmq_publisher
api  | ImportError: cannot import name 'rabbitmq_publisher' from 'app.rabbitmq' (/app/app/rabbitmq.py)
api  | INFO:     Waiting for child process [111]
api  | INFO:     Child process [111] died
api  | INFO:     Waiting for child process [112]
api  | INFO:     Child process [112] died
api  | INFO:     Waiting for child process [113]
api  | INFO:     Child process [113] died
api  | INFO:     Waiting for child process [114]
api  | INFO:     Child process [114] died
api  | Process SpawnProcess-58:
api  | Traceback (most recent call last):
api  |   File "/usr/local/lib/python3.13/multiprocessing/process.py", line 313, in _bootstrap
api  |     self.run()
api  |     ~~~~~~~~^^
api  |   File "/usr/local/lib/python3.13/multiprocessing/process.py", line 108, in run
api  |     self._target(*self._args, **self._kwargs)
api  |     ~~~~~~~~~~~~^^^^^^^^^^^^^^^^^^^^^^^^^^^^^
api  |   File "/usr/local/lib/python3.13/site-packages/uvicorn/_subprocess.py", line 80, in subprocess_started
api  |     target(sockets=sockets)
api  |     ~~~~~~^^^^^^^^^^^^^^^^^
api  |   File "/usr/local/lib/python3.13/site-packages/uvicorn/supervisors/multiprocess.py", line 63, in target
api  |     return self.real_target(sockets)
api  |            ~~~~~~~~~~~~~~~~^^^^^^^^^
api  |   File "/usr/local/lib/python3.13/site-packages/uvicorn/server.py", line 66, in run
api  |     return asyncio.run(self.serve(sockets=sockets))
api  |            ~~~~~~~~~~~^^^^^^^^^^^^^^^^^^^^^^^^^^^^^
api  |   File "/usr/local/lib/python3.13/asyncio/runners.py", line 195, in run
api  |     return runner.run(main)
api  |            ~~~~~~~~~~^^^^^^
api  |   File "/usr/local/lib/python3.13/asyncio/runners.py", line 118, in run
api  |     return self._loop.run_until_complete(task)
api  |            ~~~~~~~~~~~~~~~~~~~~~~~~~~~~~^^^^^^
api  |   File "uvloop/loop.pyx", line 1518, in uvloop.loop.Loop.run_until_complete
api  |   File "/usr/local/lib/python3.13/site-packages/uvicorn/server.py", line 70, in serve
api  |     await self._serve(sockets)
api  |   File "/usr/local/lib/python3.13/site-packages/uvicorn/server.py", line 77, in _serve
api  |     config.load()
api  |     ~~~~~~~~~~~^^
api  |   File "/usr/local/lib/python3.13/site-packages/uvicorn/config.py", line 435, in load
api  |     self.loaded_app = import_from_string(self.app)
api  |                       ~~~~~~~~~~~~~~~~~~^^^^^^^^^^
api  |   File "/usr/local/lib/python3.13/site-packages/uvicorn/importer.py", line 19, in import_from_string
api  |     module = importlib.import_module(module_str)
api  |   File "/usr/local/lib/python3.13/importlib/__init__.py", line 88, in import_module
api  |     return _bootstrap._gcd_import(name[level:], package, level)
api  |            ~~~~~~~~~~~~~~~~~~~~~~^^^^^^^^^^^^^^^^^^^^^^^^^^^^^^
api  |   File "<frozen importlib._bootstrap>", line 1395, in _gcd_import
api  |   File "<frozen importlib._bootstrap>", line 1360, in _find_and_load
api  |   File "<frozen importlib._bootstrap>", line 1331, in _find_and_load_unlocked
api  |   File "<frozen importlib._bootstrap>", line 935, in _load_unlocked
api  |   File "<frozen importlib._bootstrap_external>", line 1023, in exec_module
api  |   File "<frozen importlib._bootstrap>", line 488, in _call_with_frames_removed
api  |   File "/app/app/main.py", line 9, in <module>
api  |     from app.rabbitmq import rabbitmq_publisher
api  | ImportError: cannot import name 'rabbitmq_publisher' from 'app.rabbitmq' (/app/app/rabbitmq.py)
api  | Process SpawnProcess-57:
api  | Traceback (most recent call last):
api  |   File "/usr/local/lib/python3.13/multiprocessing/process.py", line 313, in _bootstrap
api  |     self.run()
api  |     ~~~~~~~~^^
api  |   File "/usr/local/lib/python3.13/multiprocessing/process.py", line 108, in run
api  |     self._target(*self._args, **self._kwargs)
api  |     ~~~~~~~~~~~~^^^^^^^^^^^^^^^^^^^^^^^^^^^^^
api  |   File "/usr/local/lib/python3.13/site-packages/uvicorn/_subprocess.py", line 80, in subprocess_started
api  |     target(sockets=sockets)
api  |     ~~~~~~^^^^^^^^^^^^^^^^^
api  |   File "/usr/local/lib/python3.13/site-packages/uvicorn/supervisors/multiprocess.py", line 63, in target
api  |     return self.real_target(sockets)
api  |            ~~~~~~~~~~~~~~~~^^^^^^^^^
api  |   File "/usr/local/lib/python3.13/site-packages/uvicorn/server.py", line 66, in run
api  |     return asyncio.run(self.serve(sockets=sockets))
api  |            ~~~~~~~~~~~^^^^^^^^^^^^^^^^^^^^^^^^^^^^^
api  |   File "/usr/local/lib/python3.13/asyncio/runners.py", line 195, in run
api  |     return runner.run(main)
api  |            ~~~~~~~~~~^^^^^^
api  |   File "/usr/local/lib/python3.13/asyncio/runners.py", line 118, in run
api  |     return self._loop.run_until_complete(task)
api  |            ~~~~~~~~~~~~~~~~~~~~~~~~~~~~~^^^^^^
api  |   File "uvloop/loop.pyx", line 1518, in uvloop.loop.Loop.run_until_complete
api  |   File "/usr/local/lib/python3.13/site-packages/uvicorn/server.py", line 70, in serve
api  |     await self._serve(sockets)
api  |   File "/usr/local/lib/python3.13/site-packages/uvicorn/server.py", line 77, in _serve
api  |     config.load()
api  |     ~~~~~~~~~~~^^
api  |   File "/usr/local/lib/python3.13/site-packages/uvicorn/config.py", line 435, in load
api  |     self.loaded_app = import_from_string(self.app)
api  |                       ~~~~~~~~~~~~~~~~~~^^^^^^^^^^
api  |   File "/usr/local/lib/python3.13/site-packages/uvicorn/importer.py", line 19, in import_from_string
api  |     module = importlib.import_module(module_str)
api  |   File "/usr/local/lib/python3.13/importlib/__init__.py", line 88, in import_module
api  |     return _bootstrap._gcd_import(name[level:], package, level)
api  |            ~~~~~~~~~~~~~~~~~~~~~~^^^^^^^^^^^^^^^^^^^^^^^^^^^^^^
api  |   File "<frozen importlib._bootstrap>", line 1395, in _gcd_import
api  |   File "<frozen importlib._bootstrap>", line 1360, in _find_and_load
api  |   File "<frozen importlib._bootstrap>", line 1331, in _find_and_load_unlocked
api  |   File "<frozen importlib._bootstrap>", line 935, in _load_unlocked
api  |   File "<frozen importlib._bootstrap_external>", line 1023, in exec_module
api  |   File "<frozen importlib._bootstrap>", line 488, in _call_with_frames_removed
api  |   File "/app/app/main.py", line 9, in <module>
api  |     from app.rabbitmq import rabbitmq_publisher
api  | ImportError: cannot import name 'rabbitmq_publisher' from 'app.rabbitmq' (/app/app/rabbitmq.py)
api  | Process SpawnProcess-60:
api  | Process SpawnProcess-59:
api  | Traceback (most recent call last):
api  | Traceback (most recent call last):
api  |   File "/usr/local/lib/python3.13/multiprocessing/process.py", line 313, in _bootstrap
api  |     self.run()
api  |     ~~~~~~~~^^
api  |   File "/usr/local/lib/python3.13/multiprocessing/process.py", line 108, in run
api  |     self._target(*self._args, **self._kwargs)
api  |     ~~~~~~~~~~~~^^^^^^^^^^^^^^^^^^^^^^^^^^^^^
api  |   File "/usr/local/lib/python3.13/site-packages/uvicorn/_subprocess.py", line 80, in subprocess_started
api  |     target(sockets=sockets)
api  |     ~~~~~~^^^^^^^^^^^^^^^^^
api  |   File "/usr/local/lib/python3.13/site-packages/uvicorn/supervisors/multiprocess.py", line 63, in target
api  |     return self.real_target(sockets)
api  |            ~~~~~~~~~~~~~~~~^^^^^^^^^
api  |   File "/usr/local/lib/python3.13/site-packages/uvicorn/server.py", line 66, in run
api  |     return asyncio.run(self.serve(sockets=sockets))
api  |            ~~~~~~~~~~~^^^^^^^^^^^^^^^^^^^^^^^^^^^^^
api  |   File "/usr/local/lib/python3.13/asyncio/runners.py", line 195, in run
api  |     return runner.run(main)
api  |            ~~~~~~~~~~^^^^^^
api  |   File "/usr/local/lib/python3.13/asyncio/runners.py", line 118, in run
api  |     return self._loop.run_until_complete(task)
api  |            ~~~~~~~~~~~~~~~~~~~~~~~~~~~~~^^^^^^
api  |   File "uvloop/loop.pyx", line 1518, in uvloop.loop.Loop.run_until_complete
api  |   File "/usr/local/lib/python3.13/site-packages/uvicorn/server.py", line 70, in serve
api  |     await self._serve(sockets)
api  |   File "/usr/local/lib/python3.13/site-packages/uvicorn/server.py", line 77, in _serve
api  |     config.load()
api  |     ~~~~~~~~~~~^^
api  |   File "/usr/local/lib/python3.13/site-packages/uvicorn/config.py", line 435, in load
api  |     self.loaded_app = import_from_string(self.app)
api  |                       ~~~~~~~~~~~~~~~~~~^^^^^^^^^^
api  |   File "/usr/local/lib/python3.13/site-packages/uvicorn/importer.py", line 19, in import_from_string
api  |     module = importlib.import_module(module_str)
api  |   File "/usr/local/lib/python3.13/importlib/__init__.py", line 88, in import_module
api  |     return _bootstrap._gcd_import(name[level:], package, level)
api  |            ~~~~~~~~~~~~~~~~~~~~~~^^^^^^^^^^^^^^^^^^^^^^^^^^^^^^
api  |   File "<frozen importlib._bootstrap>", line 1395, in _gcd_import
api  |   File "<frozen importlib._bootstrap>", line 1360, in _find_and_load
api  |   File "<frozen importlib._bootstrap>", line 1331, in _find_and_load_unlocked
api  |   File "<frozen importlib._bootstrap>", line 935, in _load_unlocked
api  |   File "<frozen importlib._bootstrap_external>", line 1023, in exec_module
api  |   File "<frozen importlib._bootstrap>", line 488, in _call_with_frames_removed
api  |   File "/app/app/main.py", line 9, in <module>
api  |     from app.rabbitmq import rabbitmq_publisher
api  | ImportError: cannot import name 'rabbitmq_publisher' from 'app.rabbitmq' (/app/app/rabbitmq.py)
api  |   File "/usr/local/lib/python3.13/multiprocessing/process.py", line 313, in _bootstrap
api  |     self.run()
api  |     ~~~~~~~~^^
api  |   File "/usr/local/lib/python3.13/multiprocessing/process.py", line 108, in run
api  |     self._target(*self._args, **self._kwargs)
api  |     ~~~~~~~~~~~~^^^^^^^^^^^^^^^^^^^^^^^^^^^^^
api  |   File "/usr/local/lib/python3.13/site-packages/uvicorn/_subprocess.py", line 80, in subprocess_started
api  |     target(sockets=sockets)
api  |     ~~~~~~^^^^^^^^^^^^^^^^^
api  |   File "/usr/local/lib/python3.13/site-packages/uvicorn/supervisors/multiprocess.py", line 63, in target
api  |     return self.real_target(sockets)
api  |            ~~~~~~~~~~~~~~~~^^^^^^^^^
api  |   File "/usr/local/lib/python3.13/site-packages/uvicorn/server.py", line 66, in run
api  |     return asyncio.run(self.serve(sockets=sockets))
api  |            ~~~~~~~~~~~^^^^^^^^^^^^^^^^^^^^^^^^^^^^^
api  |   File "/usr/local/lib/python3.13/asyncio/runners.py", line 195, in run
api  |     return runner.run(main)
api  |            ~~~~~~~~~~^^^^^^
api  |   File "/usr/local/lib/python3.13/asyncio/runners.py", line 118, in run
api  |     return self._loop.run_until_complete(task)
api  |            ~~~~~~~~~~~~~~~~~~~~~~~~~~~~~^^^^^^
api  |   File "uvloop/loop.pyx", line 1518, in uvloop.loop.Loop.run_until_complete
api  |   File "/usr/local/lib/python3.13/site-packages/uvicorn/server.py", line 70, in serve
api  |     await self._serve(sockets)
api  |   File "/usr/local/lib/python3.13/site-packages/uvicorn/server.py", line 77, in _serve
api  |     config.load()
api  |     ~~~~~~~~~~~^^
api  |   File "/usr/local/lib/python3.13/site-packages/uvicorn/config.py", line 435, in load
api  |     self.loaded_app = import_from_string(self.app)
api  |                       ~~~~~~~~~~~~~~~~~~^^^^^^^^^^
api  |   File "/usr/local/lib/python3.13/site-packages/uvicorn/importer.py", line 19, in import_from_string
api  |     module = importlib.import_module(module_str)
api  |   File "/usr/local/lib/python3.13/importlib/__init__.py", line 88, in import_module
api  |     return _bootstrap._gcd_import(name[level:], package, level)
api  |            ~~~~~~~~~~~~~~~~~~~~~~^^^^^^^^^^^^^^^^^^^^^^^^^^^^^^
api  |   File "<frozen importlib._bootstrap>", line 1395, in _gcd_import
api  |   File "<frozen importlib._bootstrap>", line 1360, in _find_and_load
api  |   File "<frozen importlib._bootstrap>", line 1331, in _find_and_load_unlocked
api  |   File "<frozen importlib._bootstrap>", line 935, in _load_unlocked
api  |   File "<frozen importlib._bootstrap_external>", line 1023, in exec_module
api  |   File "<frozen importlib._bootstrap>", line 488, in _call_with_frames_removed
api  |   File "/app/app/main.py", line 9, in <module>
api  |     from app.rabbitmq import rabbitmq_publisher
api  | ImportError: cannot import name 'rabbitmq_publisher' from 'app.rabbitmq' (/app/app/rabbitmq.py)
api  | INFO:     Waiting for child process [119]
api  | INFO:     Child process [119] died
api  | INFO:     Waiting for child process [120]
api  | INFO:     Child process [120] died
api  | INFO:     Waiting for child process [121]
api  | INFO:     Child process [121] died
api  | INFO:     Waiting for child process [122]
api  | INFO:     Child process [122] died
api  | Process SpawnProcess-62:
api  | Process SpawnProcess-61:
api  | Traceback (most recent call last):
api  |   File "/usr/local/lib/python3.13/multiprocessing/process.py", line 313, in _bootstrap
api  |     self.run()
api  |     ~~~~~~~~^^
api  |   File "/usr/local/lib/python3.13/multiprocessing/process.py", line 108, in run
api  |     self._target(*self._args, **self._kwargs)
api  |     ~~~~~~~~~~~~^^^^^^^^^^^^^^^^^^^^^^^^^^^^^
api  |   File "/usr/local/lib/python3.13/site-packages/uvicorn/_subprocess.py", line 80, in subprocess_started
api  |     target(sockets=sockets)
api  |     ~~~~~~^^^^^^^^^^^^^^^^^
api  |   File "/usr/local/lib/python3.13/site-packages/uvicorn/supervisors/multiprocess.py", line 63, in target
api  |     return self.real_target(sockets)
api  |            ~~~~~~~~~~~~~~~~^^^^^^^^^
api  |   File "/usr/local/lib/python3.13/site-packages/uvicorn/server.py", line 66, in run
api  |     return asyncio.run(self.serve(sockets=sockets))
api  |            ~~~~~~~~~~~^^^^^^^^^^^^^^^^^^^^^^^^^^^^^
api  |   File "/usr/local/lib/python3.13/asyncio/runners.py", line 195, in run
api  |     return runner.run(main)
api  |            ~~~~~~~~~~^^^^^^
api  |   File "/usr/local/lib/python3.13/asyncio/runners.py", line 118, in run
api  |     return self._loop.run_until_complete(task)
api  |            ~~~~~~~~~~~~~~~~~~~~~~~~~~~~~^^^^^^
api  |   File "uvloop/loop.pyx", line 1518, in uvloop.loop.Loop.run_until_complete
api  |   File "/usr/local/lib/python3.13/site-packages/uvicorn/server.py", line 70, in serve
api  |     await self._serve(sockets)
api  |   File "/usr/local/lib/python3.13/site-packages/uvicorn/server.py", line 77, in _serve
api  |     config.load()
api  |     ~~~~~~~~~~~^^
api  |   File "/usr/local/lib/python3.13/site-packages/uvicorn/config.py", line 435, in load
api  |     self.loaded_app = import_from_string(self.app)
api  |                       ~~~~~~~~~~~~~~~~~~^^^^^^^^^^
api  |   File "/usr/local/lib/python3.13/site-packages/uvicorn/importer.py", line 19, in import_from_string
api  |     module = importlib.import_module(module_str)
api  |   File "/usr/local/lib/python3.13/importlib/__init__.py", line 88, in import_module
api  |     return _bootstrap._gcd_import(name[level:], package, level)
api  |            ~~~~~~~~~~~~~~~~~~~~~~^^^^^^^^^^^^^^^^^^^^^^^^^^^^^^
api  |   File "<frozen importlib._bootstrap>", line 1395, in _gcd_import
api  |   File "<frozen importlib._bootstrap>", line 1360, in _find_and_load
api  |   File "<frozen importlib._bootstrap>", line 1331, in _find_and_load_unlocked
api  |   File "<frozen importlib._bootstrap>", line 935, in _load_unlocked
api  |   File "<frozen importlib._bootstrap_external>", line 1023, in exec_module
api  |   File "<frozen importlib._bootstrap>", line 488, in _call_with_frames_removed
api  |   File "/app/app/main.py", line 9, in <module>
api  |     from app.rabbitmq import rabbitmq_publisher
api  | ImportError: cannot import name 'rabbitmq_publisher' from 'app.rabbitmq' (/app/app/rabbitmq.py)
api  | Traceback (most recent call last):
api  |   File "/usr/local/lib/python3.13/multiprocessing/process.py", line 313, in _bootstrap
api  |     self.run()
api  |     ~~~~~~~~^^
api  |   File "/usr/local/lib/python3.13/multiprocessing/process.py", line 108, in run
api  |     self._target(*self._args, **self._kwargs)
api  |     ~~~~~~~~~~~~^^^^^^^^^^^^^^^^^^^^^^^^^^^^^
api  |   File "/usr/local/lib/python3.13/site-packages/uvicorn/_subprocess.py", line 80, in subprocess_started
api  |     target(sockets=sockets)
api  |     ~~~~~~^^^^^^^^^^^^^^^^^
api  |   File "/usr/local/lib/python3.13/site-packages/uvicorn/supervisors/multiprocess.py", line 63, in target
api  |     return self.real_target(sockets)
api  |            ~~~~~~~~~~~~~~~~^^^^^^^^^
api  |   File "/usr/local/lib/python3.13/site-packages/uvicorn/server.py", line 66, in run
api  |     return asyncio.run(self.serve(sockets=sockets))
api  |            ~~~~~~~~~~~^^^^^^^^^^^^^^^^^^^^^^^^^^^^^
api  |   File "/usr/local/lib/python3.13/asyncio/runners.py", line 195, in run
api  |     return runner.run(main)
api  |            ~~~~~~~~~~^^^^^^
api  |   File "/usr/local/lib/python3.13/asyncio/runners.py", line 118, in run
api  |     return self._loop.run_until_complete(task)
api  |            ~~~~~~~~~~~~~~~~~~~~~~~~~~~~~^^^^^^
api  |   File "uvloop/loop.pyx", line 1518, in uvloop.loop.Loop.run_until_complete
api  |   File "/usr/local/lib/python3.13/site-packages/uvicorn/server.py", line 70, in serve
api  |     await self._serve(sockets)
api  |   File "/usr/local/lib/python3.13/site-packages/uvicorn/server.py", line 77, in _serve
api  |     config.load()
api  |     ~~~~~~~~~~~^^
api  |   File "/usr/local/lib/python3.13/site-packages/uvicorn/config.py", line 435, in load
api  |     self.loaded_app = import_from_string(self.app)
api  |                       ~~~~~~~~~~~~~~~~~~^^^^^^^^^^
api  |   File "/usr/local/lib/python3.13/site-packages/uvicorn/importer.py", line 19, in import_from_string
api  |     module = importlib.import_module(module_str)
api  |   File "/usr/local/lib/python3.13/importlib/__init__.py", line 88, in import_module
api  |     return _bootstrap._gcd_import(name[level:], package, level)
api  |            ~~~~~~~~~~~~~~~~~~~~~~^^^^^^^^^^^^^^^^^^^^^^^^^^^^^^
api  |   File "<frozen importlib._bootstrap>", line 1395, in _gcd_import
api  |   File "<frozen importlib._bootstrap>", line 1360, in _find_and_load
api  |   File "<frozen importlib._bootstrap>", line 1331, in _find_and_load_unlocked
api  |   File "<frozen importlib._bootstrap>", line 935, in _load_unlocked
api  |   File "<frozen importlib._bootstrap_external>", line 1023, in exec_module
api  |   File "<frozen importlib._bootstrap>", line 488, in _call_with_frames_removed
api  |   File "/app/app/main.py", line 9, in <module>
api  |     from app.rabbitmq import rabbitmq_publisher
api  | ImportError: cannot import name 'rabbitmq_publisher' from 'app.rabbitmq' (/app/app/rabbitmq.py)
api  | Process SpawnProcess-63:
api  | Process SpawnProcess-64:
api  | Traceback (most recent call last):
api  |   File "/usr/local/lib/python3.13/multiprocessing/process.py", line 313, in _bootstrap
api  |     self.run()
api  |     ~~~~~~~~^^
api  |   File "/usr/local/lib/python3.13/multiprocessing/process.py", line 108, in run
api  |     self._target(*self._args, **self._kwargs)
api  |     ~~~~~~~~~~~~^^^^^^^^^^^^^^^^^^^^^^^^^^^^^
api  |   File "/usr/local/lib/python3.13/site-packages/uvicorn/_subprocess.py", line 80, in subprocess_started
api  |     target(sockets=sockets)
api  |     ~~~~~~^^^^^^^^^^^^^^^^^
api  |   File "/usr/local/lib/python3.13/site-packages/uvicorn/supervisors/multiprocess.py", line 63, in target
api  |     return self.real_target(sockets)
api  |            ~~~~~~~~~~~~~~~~^^^^^^^^^
api  |   File "/usr/local/lib/python3.13/site-packages/uvicorn/server.py", line 66, in run
api  |     return asyncio.run(self.serve(sockets=sockets))
api  |            ~~~~~~~~~~~^^^^^^^^^^^^^^^^^^^^^^^^^^^^^
api  |   File "/usr/local/lib/python3.13/asyncio/runners.py", line 195, in run
api  |     return runner.run(main)
api  |            ~~~~~~~~~~^^^^^^
api  |   File "/usr/local/lib/python3.13/asyncio/runners.py", line 118, in run
api  |     return self._loop.run_until_complete(task)
api  |            ~~~~~~~~~~~~~~~~~~~~~~~~~~~~~^^^^^^
api  |   File "uvloop/loop.pyx", line 1518, in uvloop.loop.Loop.run_until_complete
api  |   File "/usr/local/lib/python3.13/site-packages/uvicorn/server.py", line 70, in serve
api  |     await self._serve(sockets)
api  |   File "/usr/local/lib/python3.13/site-packages/uvicorn/server.py", line 77, in _serve
api  |     config.load()
api  |     ~~~~~~~~~~~^^
api  |   File "/usr/local/lib/python3.13/site-packages/uvicorn/config.py", line 435, in load
api  |     self.loaded_app = import_from_string(self.app)
api  |                       ~~~~~~~~~~~~~~~~~~^^^^^^^^^^
api  |   File "/usr/local/lib/python3.13/site-packages/uvicorn/importer.py", line 19, in import_from_string
api  |     module = importlib.import_module(module_str)
api  |   File "/usr/local/lib/python3.13/importlib/__init__.py", line 88, in import_module
api  |     return _bootstrap._gcd_import(name[level:], package, level)
api  |            ~~~~~~~~~~~~~~~~~~~~~~^^^^^^^^^^^^^^^^^^^^^^^^^^^^^^
api  |   File "<frozen importlib._bootstrap>", line 1395, in _gcd_import
api  |   File "<frozen importlib._bootstrap>", line 1360, in _find_and_load
api  |   File "<frozen importlib._bootstrap>", line 1331, in _find_and_load_unlocked
api  |   File "<frozen importlib._bootstrap>", line 935, in _load_unlocked
api  |   File "<frozen importlib._bootstrap_external>", line 1023, in exec_module
api  |   File "<frozen importlib._bootstrap>", line 488, in _call_with_frames_removed
api  |   File "/app/app/main.py", line 9, in <module>
api  |     from app.rabbitmq import rabbitmq_publisher
api  | ImportError: cannot import name 'rabbitmq_publisher' from 'app.rabbitmq' (/app/app/rabbitmq.py)
api  | Traceback (most recent call last):
api  |   File "/usr/local/lib/python3.13/multiprocessing/process.py", line 313, in _bootstrap
api  |     self.run()
api  |     ~~~~~~~~^^
api  |   File "/usr/local/lib/python3.13/multiprocessing/process.py", line 108, in run
api  |     self._target(*self._args, **self._kwargs)
api  |     ~~~~~~~~~~~~^^^^^^^^^^^^^^^^^^^^^^^^^^^^^
api  |   File "/usr/local/lib/python3.13/site-packages/uvicorn/_subprocess.py", line 80, in subprocess_started
api  |     target(sockets=sockets)
api  |     ~~~~~~^^^^^^^^^^^^^^^^^
api  |   File "/usr/local/lib/python3.13/site-packages/uvicorn/supervisors/multiprocess.py", line 63, in target
api  |     return self.real_target(sockets)
api  |            ~~~~~~~~~~~~~~~~^^^^^^^^^
api  |   File "/usr/local/lib/python3.13/site-packages/uvicorn/server.py", line 66, in run
api  |     return asyncio.run(self.serve(sockets=sockets))
api  |            ~~~~~~~~~~~^^^^^^^^^^^^^^^^^^^^^^^^^^^^^
api  |   File "/usr/local/lib/python3.13/asyncio/runners.py", line 195, in run
api  |     return runner.run(main)
api  |            ~~~~~~~~~~^^^^^^
api  |   File "/usr/local/lib/python3.13/asyncio/runners.py", line 118, in run
api  |     return self._loop.run_until_complete(task)
api  |            ~~~~~~~~~~~~~~~~~~~~~~~~~~~~~^^^^^^
api  |   File "uvloop/loop.pyx", line 1518, in uvloop.loop.Loop.run_until_complete
api  |   File "/usr/local/lib/python3.13/site-packages/uvicorn/server.py", line 70, in serve
api  |     await self._serve(sockets)
api  |   File "/usr/local/lib/python3.13/site-packages/uvicorn/server.py", line 77, in _serve
api  |     config.load()
api  |     ~~~~~~~~~~~^^
api  |   File "/usr/local/lib/python3.13/site-packages/uvicorn/config.py", line 435, in load
api  |     self.loaded_app = import_from_string(self.app)
api  |                       ~~~~~~~~~~~~~~~~~~^^^^^^^^^^
api  |   File "/usr/local/lib/python3.13/site-packages/uvicorn/importer.py", line 19, in import_from_string
api  |     module = importlib.import_module(module_str)
api  |   File "/usr/local/lib/python3.13/importlib/__init__.py", line 88, in import_module
api  |     return _bootstrap._gcd_import(name[level:], package, level)
api  |            ~~~~~~~~~~~~~~~~~~~~~~^^^^^^^^^^^^^^^^^^^^^^^^^^^^^^
api  |   File "<frozen importlib._bootstrap>", line 1395, in _gcd_import
api  |   File "<frozen importlib._bootstrap>", line 1360, in _find_and_load
api  |   File "<frozen importlib._bootstrap>", line 1331, in _find_and_load_unlocked
api  |   File "<frozen importlib._bootstrap>", line 935, in _load_unlocked
api  |   File "<frozen importlib._bootstrap_external>", line 1023, in exec_module
api  |   File "<frozen importlib._bootstrap>", line 488, in _call_with_frames_removed
api  |   File "/app/app/main.py", line 9, in <module>
api  |     from app.rabbitmq import rabbitmq_publisher
api  | ImportError: cannot import name 'rabbitmq_publisher' from 'app.rabbitmq' (/app/app/rabbitmq.py)
api  | INFO:     Waiting for child process [129]
api  | INFO:     Child process [129] died
api  | INFO:     Waiting for child process [130]
api  | INFO:     Child process [130] died
api  | INFO:     Waiting for child process [127]
api  | INFO:     Child process [127] died
api  | INFO:     Waiting for child process [128]
api  | INFO:     Child process [128] died
api  | Process SpawnProcess-66:
api  | Process SpawnProcess-67:
api  | Traceback (most recent call last):
api  | Traceback (most recent call last):
api  |   File "/usr/local/lib/python3.13/multiprocessing/process.py", line 313, in _bootstrap
api  |     self.run()
api  |     ~~~~~~~~^^
api  |   File "/usr/local/lib/python3.13/multiprocessing/process.py", line 108, in run
api  |     self._target(*self._args, **self._kwargs)
api  |     ~~~~~~~~~~~~^^^^^^^^^^^^^^^^^^^^^^^^^^^^^
api  |   File "/usr/local/lib/python3.13/site-packages/uvicorn/_subprocess.py", line 80, in subprocess_started
api  |     target(sockets=sockets)
api  |     ~~~~~~^^^^^^^^^^^^^^^^^
api  |   File "/usr/local/lib/python3.13/site-packages/uvicorn/supervisors/multiprocess.py", line 63, in target
api  |     return self.real_target(sockets)
api  |            ~~~~~~~~~~~~~~~~^^^^^^^^^
api  |   File "/usr/local/lib/python3.13/site-packages/uvicorn/server.py", line 66, in run
api  |     return asyncio.run(self.serve(sockets=sockets))
api  |            ~~~~~~~~~~~^^^^^^^^^^^^^^^^^^^^^^^^^^^^^
api  |   File "/usr/local/lib/python3.13/asyncio/runners.py", line 195, in run
api  |     return runner.run(main)
api  |            ~~~~~~~~~~^^^^^^
api  |   File "/usr/local/lib/python3.13/asyncio/runners.py", line 118, in run
api  |     return self._loop.run_until_complete(task)
api  |            ~~~~~~~~~~~~~~~~~~~~~~~~~~~~~^^^^^^
api  |   File "uvloop/loop.pyx", line 1518, in uvloop.loop.Loop.run_until_complete
api  |   File "/usr/local/lib/python3.13/site-packages/uvicorn/server.py", line 70, in serve
api  |     await self._serve(sockets)
api  |   File "/usr/local/lib/python3.13/site-packages/uvicorn/server.py", line 77, in _serve
api  |     config.load()
api  |     ~~~~~~~~~~~^^
api  |   File "/usr/local/lib/python3.13/site-packages/uvicorn/config.py", line 435, in load
api  |     self.loaded_app = import_from_string(self.app)
api  |                       ~~~~~~~~~~~~~~~~~~^^^^^^^^^^
api  |   File "/usr/local/lib/python3.13/site-packages/uvicorn/importer.py", line 19, in import_from_string
api  |     module = importlib.import_module(module_str)
api  |   File "/usr/local/lib/python3.13/importlib/__init__.py", line 88, in import_module
api  |     return _bootstrap._gcd_import(name[level:], package, level)
api  |            ~~~~~~~~~~~~~~~~~~~~~~^^^^^^^^^^^^^^^^^^^^^^^^^^^^^^
api  |   File "<frozen importlib._bootstrap>", line 1395, in _gcd_import
api  |   File "<frozen importlib._bootstrap>", line 1360, in _find_and_load
api  |   File "<frozen importlib._bootstrap>", line 1331, in _find_and_load_unlocked
api  |   File "<frozen importlib._bootstrap>", line 935, in _load_unlocked
api  |   File "<frozen importlib._bootstrap_external>", line 1023, in exec_module
api  |   File "<frozen importlib._bootstrap>", line 488, in _call_with_frames_removed
api  |   File "/app/app/main.py", line 9, in <module>
api  |     from app.rabbitmq import rabbitmq_publisher
api  | ImportError: cannot import name 'rabbitmq_publisher' from 'app.rabbitmq' (/app/app/rabbitmq.py)
api  |   File "/usr/local/lib/python3.13/multiprocessing/process.py", line 313, in _bootstrap
api  |     self.run()
api  |     ~~~~~~~~^^
api  |   File "/usr/local/lib/python3.13/multiprocessing/process.py", line 108, in run
api  |     self._target(*self._args, **self._kwargs)
api  |     ~~~~~~~~~~~~^^^^^^^^^^^^^^^^^^^^^^^^^^^^^
api  |   File "/usr/local/lib/python3.13/site-packages/uvicorn/_subprocess.py", line 80, in subprocess_started
api  |     target(sockets=sockets)
api  |     ~~~~~~^^^^^^^^^^^^^^^^^
api  |   File "/usr/local/lib/python3.13/site-packages/uvicorn/supervisors/multiprocess.py", line 63, in target
api  |     return self.real_target(sockets)
api  |            ~~~~~~~~~~~~~~~~^^^^^^^^^
api  |   File "/usr/local/lib/python3.13/site-packages/uvicorn/server.py", line 66, in run
api  |     return asyncio.run(self.serve(sockets=sockets))
api  |            ~~~~~~~~~~~^^^^^^^^^^^^^^^^^^^^^^^^^^^^^
api  |   File "/usr/local/lib/python3.13/asyncio/runners.py", line 195, in run
api  |     return runner.run(main)
api  |            ~~~~~~~~~~^^^^^^
api  |   File "/usr/local/lib/python3.13/asyncio/runners.py", line 118, in run
api  |     return self._loop.run_until_complete(task)
api  |            ~~~~~~~~~~~~~~~~~~~~~~~~~~~~~^^^^^^
api  |   File "uvloop/loop.pyx", line 1518, in uvloop.loop.Loop.run_until_complete
api  |   File "/usr/local/lib/python3.13/site-packages/uvicorn/server.py", line 70, in serve
api  |     await self._serve(sockets)
api  |   File "/usr/local/lib/python3.13/site-packages/uvicorn/server.py", line 77, in _serve
api  |     config.load()
api  |     ~~~~~~~~~~~^^
api  |   File "/usr/local/lib/python3.13/site-packages/uvicorn/config.py", line 435, in load
api  |     self.loaded_app = import_from_string(self.app)
api  |                       ~~~~~~~~~~~~~~~~~~^^^^^^^^^^
api  |   File "/usr/local/lib/python3.13/site-packages/uvicorn/importer.py", line 19, in import_from_string
api  |     module = importlib.import_module(module_str)
api  |   File "/usr/local/lib/python3.13/importlib/__init__.py", line 88, in import_module
api  |     return _bootstrap._gcd_import(name[level:], package, level)
api  |            ~~~~~~~~~~~~~~~~~~~~~~^^^^^^^^^^^^^^^^^^^^^^^^^^^^^^
api  |   File "<frozen importlib._bootstrap>", line 1395, in _gcd_import
api  |   File "<frozen importlib._bootstrap>", line 1360, in _find_and_load
api  |   File "<frozen importlib._bootstrap>", line 1331, in _find_and_load_unlocked
api  |   File "<frozen importlib._bootstrap>", line 935, in _load_unlocked
api  |   File "<frozen importlib._bootstrap_external>", line 1023, in exec_module
api  |   File "<frozen importlib._bootstrap>", line 488, in _call_with_frames_removed
api  |   File "/app/app/main.py", line 9, in <module>
api  |     from app.rabbitmq import rabbitmq_publisher
api  | ImportError: cannot import name 'rabbitmq_publisher' from 'app.rabbitmq' (/app/app/rabbitmq.py)
api  | Process SpawnProcess-65:
api  | Traceback (most recent call last):
api  |   File "/usr/local/lib/python3.13/multiprocessing/process.py", line 313, in _bootstrap
api  |     self.run()
api  |     ~~~~~~~~^^
api  |   File "/usr/local/lib/python3.13/multiprocessing/process.py", line 108, in run
api  |     self._target(*self._args, **self._kwargs)
api  |     ~~~~~~~~~~~~^^^^^^^^^^^^^^^^^^^^^^^^^^^^^
api  |   File "/usr/local/lib/python3.13/site-packages/uvicorn/_subprocess.py", line 80, in subprocess_started
api  |     target(sockets=sockets)
api  |     ~~~~~~^^^^^^^^^^^^^^^^^
api  |   File "/usr/local/lib/python3.13/site-packages/uvicorn/supervisors/multiprocess.py", line 63, in target
api  |     return self.real_target(sockets)
api  |            ~~~~~~~~~~~~~~~~^^^^^^^^^
api  |   File "/usr/local/lib/python3.13/site-packages/uvicorn/server.py", line 66, in run
api  |     return asyncio.run(self.serve(sockets=sockets))
api  |            ~~~~~~~~~~~^^^^^^^^^^^^^^^^^^^^^^^^^^^^^
api  |   File "/usr/local/lib/python3.13/asyncio/runners.py", line 195, in run
api  |     return runner.run(main)
api  |            ~~~~~~~~~~^^^^^^
api  |   File "/usr/local/lib/python3.13/asyncio/runners.py", line 118, in run
api  |     return self._loop.run_until_complete(task)
api  |            ~~~~~~~~~~~~~~~~~~~~~~~~~~~~~^^^^^^
api  |   File "uvloop/loop.pyx", line 1518, in uvloop.loop.Loop.run_until_complete
api  |   File "/usr/local/lib/python3.13/site-packages/uvicorn/server.py", line 70, in serve
api  |     await self._serve(sockets)
api  |   File "/usr/local/lib/python3.13/site-packages/uvicorn/server.py", line 77, in _serve
api  |     config.load()
api  |     ~~~~~~~~~~~^^
api  |   File "/usr/local/lib/python3.13/site-packages/uvicorn/config.py", line 435, in load
api  |     self.loaded_app = import_from_string(self.app)
api  |                       ~~~~~~~~~~~~~~~~~~^^^^^^^^^^
api  |   File "/usr/local/lib/python3.13/site-packages/uvicorn/importer.py", line 19, in import_from_string
api  |     module = importlib.import_module(module_str)
api  |   File "/usr/local/lib/python3.13/importlib/__init__.py", line 88, in import_module
api  |     return _bootstrap._gcd_import(name[level:], package, level)
api  |            ~~~~~~~~~~~~~~~~~~~~~~^^^^^^^^^^^^^^^^^^^^^^^^^^^^^^
api  |   File "<frozen importlib._bootstrap>", line 1395, in _gcd_import
api  |   File "<frozen importlib._bootstrap>", line 1360, in _find_and_load
api  |   File "<frozen importlib._bootstrap>", line 1331, in _find_and_load_unlocked
api  |   File "<frozen importlib._bootstrap>", line 935, in _load_unlocked
api  |   File "<frozen importlib._bootstrap_external>", line 1023, in exec_module
api  |   File "<frozen importlib._bootstrap>", line 488, in _call_with_frames_removed
api  |   File "/app/app/main.py", line 9, in <module>
api  |     from app.rabbitmq import rabbitmq_publisher
api  | ImportError: cannot import name 'rabbitmq_publisher' from 'app.rabbitmq' (/app/app/rabbitmq.py)
api  | Process SpawnProcess-68:
api  | Traceback (most recent call last):
api  |   File "/usr/local/lib/python3.13/multiprocessing/process.py", line 313, in _bootstrap
api  |     self.run()
api  |     ~~~~~~~~^^
api  |   File "/usr/local/lib/python3.13/multiprocessing/process.py", line 108, in run
api  |     self._target(*self._args, **self._kwargs)
api  |     ~~~~~~~~~~~~^^^^^^^^^^^^^^^^^^^^^^^^^^^^^
api  |   File "/usr/local/lib/python3.13/site-packages/uvicorn/_subprocess.py", line 80, in subprocess_started
api  |     target(sockets=sockets)
api  |     ~~~~~~^^^^^^^^^^^^^^^^^
api  |   File "/usr/local/lib/python3.13/site-packages/uvicorn/supervisors/multiprocess.py", line 63, in target
api  |     return self.real_target(sockets)
api  |            ~~~~~~~~~~~~~~~~^^^^^^^^^
api  |   File "/usr/local/lib/python3.13/site-packages/uvicorn/server.py", line 66, in run
api  |     return asyncio.run(self.serve(sockets=sockets))
api  |            ~~~~~~~~~~~^^^^^^^^^^^^^^^^^^^^^^^^^^^^^
api  |   File "/usr/local/lib/python3.13/asyncio/runners.py", line 195, in run
api  |     return runner.run(main)
api  |            ~~~~~~~~~~^^^^^^
api  |   File "/usr/local/lib/python3.13/asyncio/runners.py", line 118, in run
api  |     return self._loop.run_until_complete(task)
api  |            ~~~~~~~~~~~~~~~~~~~~~~~~~~~~~^^^^^^
api  |   File "uvloop/loop.pyx", line 1518, in uvloop.loop.Loop.run_until_complete
api  |   File "/usr/local/lib/python3.13/site-packages/uvicorn/server.py", line 70, in serve
api  |     await self._serve(sockets)
api  |   File "/usr/local/lib/python3.13/site-packages/uvicorn/server.py", line 77, in _serve
api  |     config.load()
api  |     ~~~~~~~~~~~^^
api  |   File "/usr/local/lib/python3.13/site-packages/uvicorn/config.py", line 435, in load
api  |     self.loaded_app = import_from_string(self.app)
api  |                       ~~~~~~~~~~~~~~~~~~^^^^^^^^^^
api  |   File "/usr/local/lib/python3.13/site-packages/uvicorn/importer.py", line 19, in import_from_string
api  |     module = importlib.import_module(module_str)
api  |   File "/usr/local/lib/python3.13/importlib/__init__.py", line 88, in import_module
api  |     return _bootstrap._gcd_import(name[level:], package, level)
api  |            ~~~~~~~~~~~~~~~~~~~~~~^^^^^^^^^^^^^^^^^^^^^^^^^^^^^^
api  |   File "<frozen importlib._bootstrap>", line 1395, in _gcd_import
api  |   File "<frozen importlib._bootstrap>", line 1360, in _find_and_load
api  |   File "<frozen importlib._bootstrap>", line 1331, in _find_and_load_unlocked
api  |   File "<frozen importlib._bootstrap>", line 935, in _load_unlocked
api  |   File "<frozen importlib._bootstrap_external>", line 1023, in exec_module
api  |   File "<frozen importlib._bootstrap>", line 488, in _call_with_frames_removed
api  |   File "/app/app/main.py", line 9, in <module>
api  |     from app.rabbitmq import rabbitmq_publisher
api  | ImportError: cannot import name 'rabbitmq_publisher' from 'app.rabbitmq' (/app/app/rabbitmq.py)
api  | INFO:     Waiting for child process [136]
api  | INFO:     Child process [136] died
api  | INFO:     Waiting for child process [137]
api  | INFO:     Child process [137] died
api  | INFO:     Waiting for child process [138]
api  | INFO:     Child process [138] died
api  | INFO:     Waiting for child process [135]
api  | INFO:     Child process [135] died
api  | Process SpawnProcess-71:
api  | Traceback (most recent call last):
api  |   File "/usr/local/lib/python3.13/multiprocessing/process.py", line 313, in _bootstrap
api  |     self.run()
api  |     ~~~~~~~~^^
api  | Process SpawnProcess-69:
api  |   File "/usr/local/lib/python3.13/multiprocessing/process.py", line 108, in run
api  |     self._target(*self._args, **self._kwargs)
api  |     ~~~~~~~~~~~~^^^^^^^^^^^^^^^^^^^^^^^^^^^^^
api  |   File "/usr/local/lib/python3.13/site-packages/uvicorn/_subprocess.py", line 80, in subprocess_started
api  |     target(sockets=sockets)
api  |     ~~~~~~^^^^^^^^^^^^^^^^^
api  |   File "/usr/local/lib/python3.13/site-packages/uvicorn/supervisors/multiprocess.py", line 63, in target
api  |     return self.real_target(sockets)
api  |            ~~~~~~~~~~~~~~~~^^^^^^^^^
api  |   File "/usr/local/lib/python3.13/site-packages/uvicorn/server.py", line 66, in run
api  |     return asyncio.run(self.serve(sockets=sockets))
api  |            ~~~~~~~~~~~^^^^^^^^^^^^^^^^^^^^^^^^^^^^^
api  |   File "/usr/local/lib/python3.13/asyncio/runners.py", line 195, in run
api  |     return runner.run(main)
api  |            ~~~~~~~~~~^^^^^^
api  |   File "/usr/local/lib/python3.13/asyncio/runners.py", line 118, in run
api  |     return self._loop.run_until_complete(task)
api  |            ~~~~~~~~~~~~~~~~~~~~~~~~~~~~~^^^^^^
api  |   File "uvloop/loop.pyx", line 1518, in uvloop.loop.Loop.run_until_complete
api  |   File "/usr/local/lib/python3.13/site-packages/uvicorn/server.py", line 70, in serve
api  |     await self._serve(sockets)
api  |   File "/usr/local/lib/python3.13/site-packages/uvicorn/server.py", line 77, in _serve
api  |     config.load()
api  |     ~~~~~~~~~~~^^
api  |   File "/usr/local/lib/python3.13/site-packages/uvicorn/config.py", line 435, in load
api  |     self.loaded_app = import_from_string(self.app)
api  |                       ~~~~~~~~~~~~~~~~~~^^^^^^^^^^
api  |   File "/usr/local/lib/python3.13/site-packages/uvicorn/importer.py", line 19, in import_from_string
api  |     module = importlib.import_module(module_str)
api  |   File "/usr/local/lib/python3.13/importlib/__init__.py", line 88, in import_module
api  |     return _bootstrap._gcd_import(name[level:], package, level)
api  |            ~~~~~~~~~~~~~~~~~~~~~~^^^^^^^^^^^^^^^^^^^^^^^^^^^^^^
api  |   File "<frozen importlib._bootstrap>", line 1395, in _gcd_import
api  |   File "<frozen importlib._bootstrap>", line 1360, in _find_and_load
api  |   File "<frozen importlib._bootstrap>", line 1331, in _find_and_load_unlocked
api  |   File "<frozen importlib._bootstrap>", line 935, in _load_unlocked
api  |   File "<frozen importlib._bootstrap_external>", line 1023, in exec_module
api  |   File "<frozen importlib._bootstrap>", line 488, in _call_with_frames_removed
api  |   File "/app/app/main.py", line 9, in <module>
api  |     from app.rabbitmq import rabbitmq_publisher
api  | ImportError: cannot import name 'rabbitmq_publisher' from 'app.rabbitmq' (/app/app/rabbitmq.py)
api  | Traceback (most recent call last):
api  | Process SpawnProcess-70:
api  |   File "/usr/local/lib/python3.13/multiprocessing/process.py", line 313, in _bootstrap
api  |     self.run()
api  |     ~~~~~~~~^^
api  |   File "/usr/local/lib/python3.13/multiprocessing/process.py", line 108, in run
api  |     self._target(*self._args, **self._kwargs)
api  |     ~~~~~~~~~~~~^^^^^^^^^^^^^^^^^^^^^^^^^^^^^
api  |   File "/usr/local/lib/python3.13/site-packages/uvicorn/_subprocess.py", line 80, in subprocess_started
api  |     target(sockets=sockets)
api  |     ~~~~~~^^^^^^^^^^^^^^^^^
api  |   File "/usr/local/lib/python3.13/site-packages/uvicorn/supervisors/multiprocess.py", line 63, in target
api  |     return self.real_target(sockets)
api  |            ~~~~~~~~~~~~~~~~^^^^^^^^^
api  |   File "/usr/local/lib/python3.13/site-packages/uvicorn/server.py", line 66, in run
api  |     return asyncio.run(self.serve(sockets=sockets))
api  |            ~~~~~~~~~~~^^^^^^^^^^^^^^^^^^^^^^^^^^^^^
api  |   File "/usr/local/lib/python3.13/asyncio/runners.py", line 195, in run
api  |     return runner.run(main)
api  |            ~~~~~~~~~~^^^^^^
api  |   File "/usr/local/lib/python3.13/asyncio/runners.py", line 118, in run
api  |     return self._loop.run_until_complete(task)
api  |            ~~~~~~~~~~~~~~~~~~~~~~~~~~~~~^^^^^^
api  |   File "uvloop/loop.pyx", line 1518, in uvloop.loop.Loop.run_until_complete
api  |   File "/usr/local/lib/python3.13/site-packages/uvicorn/server.py", line 70, in serve
api  |     await self._serve(sockets)
api  |   File "/usr/local/lib/python3.13/site-packages/uvicorn/server.py", line 77, in _serve
api  |     config.load()
api  |     ~~~~~~~~~~~^^
api  |   File "/usr/local/lib/python3.13/site-packages/uvicorn/config.py", line 435, in load
api  |     self.loaded_app = import_from_string(self.app)
api  |                       ~~~~~~~~~~~~~~~~~~^^^^^^^^^^
api  |   File "/usr/local/lib/python3.13/site-packages/uvicorn/importer.py", line 19, in import_from_string
api  |     module = importlib.import_module(module_str)
api  |   File "/usr/local/lib/python3.13/importlib/__init__.py", line 88, in import_module
api  |     return _bootstrap._gcd_import(name[level:], package, level)
api  |            ~~~~~~~~~~~~~~~~~~~~~~^^^^^^^^^^^^^^^^^^^^^^^^^^^^^^
api  |   File "<frozen importlib._bootstrap>", line 1395, in _gcd_import
api  |   File "<frozen importlib._bootstrap>", line 1360, in _find_and_load
api  |   File "<frozen importlib._bootstrap>", line 1331, in _find_and_load_unlocked
api  |   File "<frozen importlib._bootstrap>", line 935, in _load_unlocked
api  |   File "<frozen importlib._bootstrap_external>", line 1023, in exec_module
api  |   File "<frozen importlib._bootstrap>", line 488, in _call_with_frames_removed
api  |   File "/app/app/main.py", line 9, in <module>
api  |     from app.rabbitmq import rabbitmq_publisher
api  | ImportError: cannot import name 'rabbitmq_publisher' from 'app.rabbitmq' (/app/app/rabbitmq.py)
api  | Traceback (most recent call last):
api  |   File "/usr/local/lib/python3.13/multiprocessing/process.py", line 313, in _bootstrap
api  |     self.run()
api  |     ~~~~~~~~^^
api  |   File "/usr/local/lib/python3.13/multiprocessing/process.py", line 108, in run
api  |     self._target(*self._args, **self._kwargs)
api  |     ~~~~~~~~~~~~^^^^^^^^^^^^^^^^^^^^^^^^^^^^^
api  |   File "/usr/local/lib/python3.13/site-packages/uvicorn/_subprocess.py", line 80, in subprocess_started
api  |     target(sockets=sockets)
api  |     ~~~~~~^^^^^^^^^^^^^^^^^
api  |   File "/usr/local/lib/python3.13/site-packages/uvicorn/supervisors/multiprocess.py", line 63, in target
api  |     return self.real_target(sockets)
api  |            ~~~~~~~~~~~~~~~~^^^^^^^^^
api  |   File "/usr/local/lib/python3.13/site-packages/uvicorn/server.py", line 66, in run
api  |     return asyncio.run(self.serve(sockets=sockets))
api  |            ~~~~~~~~~~~^^^^^^^^^^^^^^^^^^^^^^^^^^^^^
api  |   File "/usr/local/lib/python3.13/asyncio/runners.py", line 195, in run
api  |     return runner.run(main)
api  |            ~~~~~~~~~~^^^^^^
api  |   File "/usr/local/lib/python3.13/asyncio/runners.py", line 118, in run
api  |     return self._loop.run_until_complete(task)
api  |            ~~~~~~~~~~~~~~~~~~~~~~~~~~~~~^^^^^^
api  |   File "uvloop/loop.pyx", line 1518, in uvloop.loop.Loop.run_until_complete
api  |   File "/usr/local/lib/python3.13/site-packages/uvicorn/server.py", line 70, in serve
api  |     await self._serve(sockets)
api  |   File "/usr/local/lib/python3.13/site-packages/uvicorn/server.py", line 77, in _serve
api  |     config.load()
api  |     ~~~~~~~~~~~^^
api  |   File "/usr/local/lib/python3.13/site-packages/uvicorn/config.py", line 435, in load
api  |     self.loaded_app = import_from_string(self.app)
api  |                       ~~~~~~~~~~~~~~~~~~^^^^^^^^^^
api  |   File "/usr/local/lib/python3.13/site-packages/uvicorn/importer.py", line 19, in import_from_string
api  |     module = importlib.import_module(module_str)
api  |   File "/usr/local/lib/python3.13/importlib/__init__.py", line 88, in import_module
api  |     return _bootstrap._gcd_import(name[level:], package, level)
api  |            ~~~~~~~~~~~~~~~~~~~~~~^^^^^^^^^^^^^^^^^^^^^^^^^^^^^^
api  |   File "<frozen importlib._bootstrap>", line 1395, in _gcd_import
api  |   File "<frozen importlib._bootstrap>", line 1360, in _find_and_load
api  |   File "<frozen importlib._bootstrap>", line 1331, in _find_and_load_unlocked
api  |   File "<frozen importlib._bootstrap>", line 935, in _load_unlocked
api  |   File "<frozen importlib._bootstrap_external>", line 1023, in exec_module
api  |   File "<frozen importlib._bootstrap>", line 488, in _call_with_frames_removed
api  |   File "/app/app/main.py", line 9, in <module>
api  |     from app.rabbitmq import rabbitmq_publisher
api  | ImportError: cannot import name 'rabbitmq_publisher' from 'app.rabbitmq' (/app/app/rabbitmq.py)
api  | INFO:     Waiting for child process [143]
api  | INFO:     Child process [143] died
api  | INFO:     Waiting for child process [144]
api  | INFO:     Child process [144] died
api  | INFO:     Waiting for child process [145]
api  | INFO:     Child process [145] died
api  | Process SpawnProcess-72:
api  | Traceback (most recent call last):
api  |   File "/usr/local/lib/python3.13/multiprocessing/process.py", line 313, in _bootstrap
api  |     self.run()
api  |     ~~~~~~~~^^
api  |   File "/usr/local/lib/python3.13/multiprocessing/process.py", line 108, in run
api  |     self._target(*self._args, **self._kwargs)
api  |     ~~~~~~~~~~~~^^^^^^^^^^^^^^^^^^^^^^^^^^^^^
api  |   File "/usr/local/lib/python3.13/site-packages/uvicorn/_subprocess.py", line 80, in subprocess_started
api  |     target(sockets=sockets)
api  |     ~~~~~~^^^^^^^^^^^^^^^^^
api  |   File "/usr/local/lib/python3.13/site-packages/uvicorn/supervisors/multiprocess.py", line 63, in target
api  |     return self.real_target(sockets)
api  |            ~~~~~~~~~~~~~~~~^^^^^^^^^
api  |   File "/usr/local/lib/python3.13/site-packages/uvicorn/server.py", line 66, in run
api  |     return asyncio.run(self.serve(sockets=sockets))
api  |            ~~~~~~~~~~~^^^^^^^^^^^^^^^^^^^^^^^^^^^^^
api  |   File "/usr/local/lib/python3.13/asyncio/runners.py", line 195, in run
api  |     return runner.run(main)
api  |            ~~~~~~~~~~^^^^^^
api  |   File "/usr/local/lib/python3.13/asyncio/runners.py", line 118, in run
api  |     return self._loop.run_until_complete(task)
api  |            ~~~~~~~~~~~~~~~~~~~~~~~~~~~~~^^^^^^
api  |   File "uvloop/loop.pyx", line 1518, in uvloop.loop.Loop.run_until_complete
api  |   File "/usr/local/lib/python3.13/site-packages/uvicorn/server.py", line 70, in serve
api  |     await self._serve(sockets)
api  |   File "/usr/local/lib/python3.13/site-packages/uvicorn/server.py", line 77, in _serve
api  |     config.load()
api  |     ~~~~~~~~~~~^^
api  |   File "/usr/local/lib/python3.13/site-packages/uvicorn/config.py", line 435, in load
api  |     self.loaded_app = import_from_string(self.app)
api  |                       ~~~~~~~~~~~~~~~~~~^^^^^^^^^^
api  |   File "/usr/local/lib/python3.13/site-packages/uvicorn/importer.py", line 19, in import_from_string
api  |     module = importlib.import_module(module_str)
api  |   File "/usr/local/lib/python3.13/importlib/__init__.py", line 88, in import_module
api  |     return _bootstrap._gcd_import(name[level:], package, level)
api  |            ~~~~~~~~~~~~~~~~~~~~~~^^^^^^^^^^^^^^^^^^^^^^^^^^^^^^
api  |   File "<frozen importlib._bootstrap>", line 1395, in _gcd_import
api  |   File "<frozen importlib._bootstrap>", line 1360, in _find_and_load
api  |   File "<frozen importlib._bootstrap>", line 1331, in _find_and_load_unlocked
api  |   File "<frozen importlib._bootstrap>", line 935, in _load_unlocked
api  |   File "<frozen importlib._bootstrap_external>", line 1023, in exec_module
api  |   File "<frozen importlib._bootstrap>", line 488, in _call_with_frames_removed
api  |   File "/app/app/main.py", line 9, in <module>
api  |     from app.rabbitmq import rabbitmq_publisher
api  | ImportError: cannot import name 'rabbitmq_publisher' from 'app.rabbitmq' (/app/app/rabbitmq.py)
api  | INFO:     Waiting for child process [146]
api  | INFO:     Child process [146] died
api  | Process SpawnProcess-75:
api  | Traceback (most recent call last):
api  |   File "/usr/local/lib/python3.13/multiprocessing/process.py", line 313, in _bootstrap
api  |     self.run()
api  |     ~~~~~~~~^^
api  |   File "/usr/local/lib/python3.13/multiprocessing/process.py", line 108, in run
api  |     self._target(*self._args, **self._kwargs)
api  |     ~~~~~~~~~~~~^^^^^^^^^^^^^^^^^^^^^^^^^^^^^
api  |   File "/usr/local/lib/python3.13/site-packages/uvicorn/_subprocess.py", line 80, in subprocess_started
api  |     target(sockets=sockets)
api  |     ~~~~~~^^^^^^^^^^^^^^^^^
api  |   File "/usr/local/lib/python3.13/site-packages/uvicorn/supervisors/multiprocess.py", line 63, in target
api  |     return self.real_target(sockets)
api  |            ~~~~~~~~~~~~~~~~^^^^^^^^^
api  |   File "/usr/local/lib/python3.13/site-packages/uvicorn/server.py", line 66, in run
api  |     return asyncio.run(self.serve(sockets=sockets))
api  |            ~~~~~~~~~~~^^^^^^^^^^^^^^^^^^^^^^^^^^^^^
api  |   File "/usr/local/lib/python3.13/asyncio/runners.py", line 195, in run
api  |     return runner.run(main)
api  |            ~~~~~~~~~~^^^^^^
api  |   File "/usr/local/lib/python3.13/asyncio/runners.py", line 118, in run
api  |     return self._loop.run_until_complete(task)
api  |            ~~~~~~~~~~~~~~~~~~~~~~~~~~~~~^^^^^^
api  |   File "uvloop/loop.pyx", line 1518, in uvloop.loop.Loop.run_until_complete
api  |   File "/usr/local/lib/python3.13/site-packages/uvicorn/server.py", line 70, in serve
api  |     await self._serve(sockets)
api  |   File "/usr/local/lib/python3.13/site-packages/uvicorn/server.py", line 77, in _serve
api  |     config.load()
api  |     ~~~~~~~~~~~^^
api  |   File "/usr/local/lib/python3.13/site-packages/uvicorn/config.py", line 435, in load
api  |     self.loaded_app = import_from_string(self.app)
api  |                       ~~~~~~~~~~~~~~~~~~^^^^^^^^^^
api  |   File "/usr/local/lib/python3.13/site-packages/uvicorn/importer.py", line 19, in import_from_string
api  |     module = importlib.import_module(module_str)
api  |   File "/usr/local/lib/python3.13/importlib/__init__.py", line 88, in import_module
api  |     return _bootstrap._gcd_import(name[level:], package, level)
api  |            ~~~~~~~~~~~~~~~~~~~~~~^^^^^^^^^^^^^^^^^^^^^^^^^^^^^^
api  |   File "<frozen importlib._bootstrap>", line 1395, in _gcd_import
api  |   File "<frozen importlib._bootstrap>", line 1360, in _find_and_load
api  |   File "<frozen importlib._bootstrap>", line 1331, in _find_and_load_unlocked
api  |   File "<frozen importlib._bootstrap>", line 935, in _load_unlocked
api  |   File "<frozen importlib._bootstrap_external>", line 1023, in exec_module
api  |   File "<frozen importlib._bootstrap>", line 488, in _call_with_frames_removed
api  |   File "/app/app/main.py", line 9, in <module>
api  |     from app.rabbitmq import rabbitmq_publisher
api  | ImportError: cannot import name 'rabbitmq_publisher' from 'app.rabbitmq' (/app/app/rabbitmq.py)
api  | Process SpawnProcess-74:
api  | Process SpawnProcess-73:
api  | Traceback (most recent call last):
api  |   File "/usr/local/lib/python3.13/multiprocessing/process.py", line 313, in _bootstrap
api  |     self.run()
api  |     ~~~~~~~~^^
api  |   File "/usr/local/lib/python3.13/multiprocessing/process.py", line 108, in run
api  |     self._target(*self._args, **self._kwargs)
api  |     ~~~~~~~~~~~~^^^^^^^^^^^^^^^^^^^^^^^^^^^^^
api  |   File "/usr/local/lib/python3.13/site-packages/uvicorn/_subprocess.py", line 80, in subprocess_started
api  |     target(sockets=sockets)
api  |     ~~~~~~^^^^^^^^^^^^^^^^^
api  |   File "/usr/local/lib/python3.13/site-packages/uvicorn/supervisors/multiprocess.py", line 63, in target
api  |     return self.real_target(sockets)
api  |            ~~~~~~~~~~~~~~~~^^^^^^^^^
api  |   File "/usr/local/lib/python3.13/site-packages/uvicorn/server.py", line 66, in run
api  |     return asyncio.run(self.serve(sockets=sockets))
api  |            ~~~~~~~~~~~^^^^^^^^^^^^^^^^^^^^^^^^^^^^^
api  |   File "/usr/local/lib/python3.13/asyncio/runners.py", line 195, in run
api  |     return runner.run(main)
api  |            ~~~~~~~~~~^^^^^^
api  |   File "/usr/local/lib/python3.13/asyncio/runners.py", line 118, in run
api  |     return self._loop.run_until_complete(task)
api  |            ~~~~~~~~~~~~~~~~~~~~~~~~~~~~~^^^^^^
api  |   File "uvloop/loop.pyx", line 1518, in uvloop.loop.Loop.run_until_complete
api  |   File "/usr/local/lib/python3.13/site-packages/uvicorn/server.py", line 70, in serve
api  |     await self._serve(sockets)
api  |   File "/usr/local/lib/python3.13/site-packages/uvicorn/server.py", line 77, in _serve
api  |     config.load()
api  |     ~~~~~~~~~~~^^
api  |   File "/usr/local/lib/python3.13/site-packages/uvicorn/config.py", line 435, in load
api  |     self.loaded_app = import_from_string(self.app)
api  |                       ~~~~~~~~~~~~~~~~~~^^^^^^^^^^
api  |   File "/usr/local/lib/python3.13/site-packages/uvicorn/importer.py", line 19, in import_from_string
api  |     module = importlib.import_module(module_str)
api  |   File "/usr/local/lib/python3.13/importlib/__init__.py", line 88, in import_module
api  |     return _bootstrap._gcd_import(name[level:], package, level)
api  |            ~~~~~~~~~~~~~~~~~~~~~~^^^^^^^^^^^^^^^^^^^^^^^^^^^^^^
api  |   File "<frozen importlib._bootstrap>", line 1395, in _gcd_import
api  |   File "<frozen importlib._bootstrap>", line 1360, in _find_and_load
api  |   File "<frozen importlib._bootstrap>", line 1331, in _find_and_load_unlocked
api  |   File "<frozen importlib._bootstrap>", line 935, in _load_unlocked
api  |   File "<frozen importlib._bootstrap_external>", line 1023, in exec_module
api  |   File "<frozen importlib._bootstrap>", line 488, in _call_with_frames_removed
api  |   File "/app/app/main.py", line 9, in <module>
api  |     from app.rabbitmq import rabbitmq_publisher
api  | ImportError: cannot import name 'rabbitmq_publisher' from 'app.rabbitmq' (/app/app/rabbitmq.py)
api  | Traceback (most recent call last):
api  |   File "/usr/local/lib/python3.13/multiprocessing/process.py", line 313, in _bootstrap
api  |     self.run()
api  |     ~~~~~~~~^^
api  |   File "/usr/local/lib/python3.13/multiprocessing/process.py", line 108, in run
api  |     self._target(*self._args, **self._kwargs)
api  |     ~~~~~~~~~~~~^^^^^^^^^^^^^^^^^^^^^^^^^^^^^
api  |   File "/usr/local/lib/python3.13/site-packages/uvicorn/_subprocess.py", line 80, in subprocess_started
api  |     target(sockets=sockets)
api  |     ~~~~~~^^^^^^^^^^^^^^^^^
api  |   File "/usr/local/lib/python3.13/site-packages/uvicorn/supervisors/multiprocess.py", line 63, in target
api  |     return self.real_target(sockets)
api  |            ~~~~~~~~~~~~~~~~^^^^^^^^^
api  |   File "/usr/local/lib/python3.13/site-packages/uvicorn/server.py", line 66, in run
api  |     return asyncio.run(self.serve(sockets=sockets))
api  |            ~~~~~~~~~~~^^^^^^^^^^^^^^^^^^^^^^^^^^^^^
api  |   File "/usr/local/lib/python3.13/asyncio/runners.py", line 195, in run
api  |     return runner.run(main)
api  |            ~~~~~~~~~~^^^^^^
api  |   File "/usr/local/lib/python3.13/asyncio/runners.py", line 118, in run
api  |     return self._loop.run_until_complete(task)
api  |            ~~~~~~~~~~~~~~~~~~~~~~~~~~~~~^^^^^^
api  |   File "uvloop/loop.pyx", line 1518, in uvloop.loop.Loop.run_until_complete
api  |   File "/usr/local/lib/python3.13/site-packages/uvicorn/server.py", line 70, in serve
api  |     await self._serve(sockets)
api  |   File "/usr/local/lib/python3.13/site-packages/uvicorn/server.py", line 77, in _serve
api  |     config.load()
api  |     ~~~~~~~~~~~^^
api  |   File "/usr/local/lib/python3.13/site-packages/uvicorn/config.py", line 435, in load
api  |     self.loaded_app = import_from_string(self.app)
api  |                       ~~~~~~~~~~~~~~~~~~^^^^^^^^^^
api  |   File "/usr/local/lib/python3.13/site-packages/uvicorn/importer.py", line 19, in import_from_string
api  |     module = importlib.import_module(module_str)
api  |   File "/usr/local/lib/python3.13/importlib/__init__.py", line 88, in import_module
api  |     return _bootstrap._gcd_import(name[level:], package, level)
api  |            ~~~~~~~~~~~~~~~~~~~~~~^^^^^^^^^^^^^^^^^^^^^^^^^^^^^^
api  |   File "<frozen importlib._bootstrap>", line 1395, in _gcd_import
api  |   File "<frozen importlib._bootstrap>", line 1360, in _find_and_load
api  |   File "<frozen importlib._bootstrap>", line 1331, in _find_and_load_unlocked
api  |   File "<frozen importlib._bootstrap>", line 935, in _load_unlocked
api  |   File "<frozen importlib._bootstrap_external>", line 1023, in exec_module
api  |   File "<frozen importlib._bootstrap>", line 488, in _call_with_frames_removed
api  |   File "/app/app/main.py", line 9, in <module>
api  |     from app.rabbitmq import rabbitmq_publisher
api  | ImportError: cannot import name 'rabbitmq_publisher' from 'app.rabbitmq' (/app/app/rabbitmq.py)
api  | INFO:     Waiting for child process [151]
api  | INFO:     Child process [151] died
api  | INFO:     Waiting for child process [152]
api  | INFO:     Child process [152] died
api  | INFO:     Waiting for child process [153]
api  | INFO:     Child process [153] died
api  | Process SpawnProcess-76:
api  | Traceback (most recent call last):
api  |   File "/usr/local/lib/python3.13/multiprocessing/process.py", line 313, in _bootstrap
api  |     self.run()
api  |     ~~~~~~~~^^
api  |   File "/usr/local/lib/python3.13/multiprocessing/process.py", line 108, in run
api  |     self._target(*self._args, **self._kwargs)
api  |     ~~~~~~~~~~~~^^^^^^^^^^^^^^^^^^^^^^^^^^^^^
api  |   File "/usr/local/lib/python3.13/site-packages/uvicorn/_subprocess.py", line 80, in subprocess_started
api  |     target(sockets=sockets)
api  |     ~~~~~~^^^^^^^^^^^^^^^^^
api  |   File "/usr/local/lib/python3.13/site-packages/uvicorn/supervisors/multiprocess.py", line 63, in target
api  |     return self.real_target(sockets)
api  |            ~~~~~~~~~~~~~~~~^^^^^^^^^
api  |   File "/usr/local/lib/python3.13/site-packages/uvicorn/server.py", line 66, in run
api  |     return asyncio.run(self.serve(sockets=sockets))
api  |            ~~~~~~~~~~~^^^^^^^^^^^^^^^^^^^^^^^^^^^^^
api  |   File "/usr/local/lib/python3.13/asyncio/runners.py", line 195, in run
api  |     return runner.run(main)
api  |            ~~~~~~~~~~^^^^^^
api  |   File "/usr/local/lib/python3.13/asyncio/runners.py", line 118, in run
api  |     return self._loop.run_until_complete(task)
api  |            ~~~~~~~~~~~~~~~~~~~~~~~~~~~~~^^^^^^
api  |   File "uvloop/loop.pyx", line 1518, in uvloop.loop.Loop.run_until_complete
api  |   File "/usr/local/lib/python3.13/site-packages/uvicorn/server.py", line 70, in serve
api  |     await self._serve(sockets)
api  |   File "/usr/local/lib/python3.13/site-packages/uvicorn/server.py", line 77, in _serve
api  |     config.load()
api  |     ~~~~~~~~~~~^^
api  |   File "/usr/local/lib/python3.13/site-packages/uvicorn/config.py", line 435, in load
api  |     self.loaded_app = import_from_string(self.app)
api  |                       ~~~~~~~~~~~~~~~~~~^^^^^^^^^^
api  |   File "/usr/local/lib/python3.13/site-packages/uvicorn/importer.py", line 19, in import_from_string
api  |     module = importlib.import_module(module_str)
api  |   File "/usr/local/lib/python3.13/importlib/__init__.py", line 88, in import_module
api  |     return _bootstrap._gcd_import(name[level:], package, level)
api  |            ~~~~~~~~~~~~~~~~~~~~~~^^^^^^^^^^^^^^^^^^^^^^^^^^^^^^
api  |   File "<frozen importlib._bootstrap>", line 1395, in _gcd_import
api  |   File "<frozen importlib._bootstrap>", line 1360, in _find_and_load
api  |   File "<frozen importlib._bootstrap>", line 1331, in _find_and_load_unlocked
api  |   File "<frozen importlib._bootstrap>", line 935, in _load_unlocked
api  |   File "<frozen importlib._bootstrap_external>", line 1023, in exec_module
api  |   File "<frozen importlib._bootstrap>", line 488, in _call_with_frames_removed
api  |   File "/app/app/main.py", line 9, in <module>
api  |     from app.rabbitmq import rabbitmq_publisher
api  | ImportError: cannot import name 'rabbitmq_publisher' from 'app.rabbitmq' (/app/app/rabbitmq.py)
api  | INFO:     Waiting for child process [154]
api  | INFO:     Child process [154] died
api  | Process SpawnProcess-78:
api  | Traceback (most recent call last):
api  | Process SpawnProcess-77:
api  |   File "/usr/local/lib/python3.13/multiprocessing/process.py", line 313, in _bootstrap
api  |     self.run()
api  |     ~~~~~~~~^^
api  |   File "/usr/local/lib/python3.13/multiprocessing/process.py", line 108, in run
api  |     self._target(*self._args, **self._kwargs)
api  |     ~~~~~~~~~~~~^^^^^^^^^^^^^^^^^^^^^^^^^^^^^
api  |   File "/usr/local/lib/python3.13/site-packages/uvicorn/_subprocess.py", line 80, in subprocess_started
api  |     target(sockets=sockets)
api  |     ~~~~~~^^^^^^^^^^^^^^^^^
api  |   File "/usr/local/lib/python3.13/site-packages/uvicorn/supervisors/multiprocess.py", line 63, in target
api  |     return self.real_target(sockets)
api  |            ~~~~~~~~~~~~~~~~^^^^^^^^^
api  |   File "/usr/local/lib/python3.13/site-packages/uvicorn/server.py", line 66, in run
api  |     return asyncio.run(self.serve(sockets=sockets))
api  |            ~~~~~~~~~~~^^^^^^^^^^^^^^^^^^^^^^^^^^^^^
api  |   File "/usr/local/lib/python3.13/asyncio/runners.py", line 195, in run
api  |     return runner.run(main)
api  |            ~~~~~~~~~~^^^^^^
api  |   File "/usr/local/lib/python3.13/asyncio/runners.py", line 118, in run
api  |     return self._loop.run_until_complete(task)
api  |            ~~~~~~~~~~~~~~~~~~~~~~~~~~~~~^^^^^^
api  |   File "uvloop/loop.pyx", line 1518, in uvloop.loop.Loop.run_until_complete
api  |   File "/usr/local/lib/python3.13/site-packages/uvicorn/server.py", line 70, in serve
api  |     await self._serve(sockets)
api  |   File "/usr/local/lib/python3.13/site-packages/uvicorn/server.py", line 77, in _serve
api  |     config.load()
api  |     ~~~~~~~~~~~^^
api  |   File "/usr/local/lib/python3.13/site-packages/uvicorn/config.py", line 435, in load
api  |     self.loaded_app = import_from_string(self.app)
api  |                       ~~~~~~~~~~~~~~~~~~^^^^^^^^^^
api  |   File "/usr/local/lib/python3.13/site-packages/uvicorn/importer.py", line 19, in import_from_string
api  |     module = importlib.import_module(module_str)
api  |   File "/usr/local/lib/python3.13/importlib/__init__.py", line 88, in import_module
api  |     return _bootstrap._gcd_import(name[level:], package, level)
api  |            ~~~~~~~~~~~~~~~~~~~~~~^^^^^^^^^^^^^^^^^^^^^^^^^^^^^^
api  |   File "<frozen importlib._bootstrap>", line 1395, in _gcd_import
api  |   File "<frozen importlib._bootstrap>", line 1360, in _find_and_load
api  |   File "<frozen importlib._bootstrap>", line 1331, in _find_and_load_unlocked
api  |   File "<frozen importlib._bootstrap>", line 935, in _load_unlocked
api  |   File "<frozen importlib._bootstrap_external>", line 1023, in exec_module
api  |   File "<frozen importlib._bootstrap>", line 488, in _call_with_frames_removed
api  |   File "/app/app/main.py", line 9, in <module>
api  |     from app.rabbitmq import rabbitmq_publisher
api  | ImportError: cannot import name 'rabbitmq_publisher' from 'app.rabbitmq' (/app/app/rabbitmq.py)
api  | Traceback (most recent call last):
api  |   File "/usr/local/lib/python3.13/multiprocessing/process.py", line 313, in _bootstrap
api  |     self.run()
api  |     ~~~~~~~~^^
api  |   File "/usr/local/lib/python3.13/multiprocessing/process.py", line 108, in run
api  |     self._target(*self._args, **self._kwargs)
api  |     ~~~~~~~~~~~~^^^^^^^^^^^^^^^^^^^^^^^^^^^^^
api  |   File "/usr/local/lib/python3.13/site-packages/uvicorn/_subprocess.py", line 80, in subprocess_started
api  |     target(sockets=sockets)
api  |     ~~~~~~^^^^^^^^^^^^^^^^^
api  |   File "/usr/local/lib/python3.13/site-packages/uvicorn/supervisors/multiprocess.py", line 63, in target
api  |     return self.real_target(sockets)
api  |            ~~~~~~~~~~~~~~~~^^^^^^^^^
api  |   File "/usr/local/lib/python3.13/site-packages/uvicorn/server.py", line 66, in run
api  |     return asyncio.run(self.serve(sockets=sockets))
api  |            ~~~~~~~~~~~^^^^^^^^^^^^^^^^^^^^^^^^^^^^^
api  |   File "/usr/local/lib/python3.13/asyncio/runners.py", line 195, in run
api  |     return runner.run(main)
api  |            ~~~~~~~~~~^^^^^^
api  |   File "/usr/local/lib/python3.13/asyncio/runners.py", line 118, in run
api  |     return self._loop.run_until_complete(task)
api  |            ~~~~~~~~~~~~~~~~~~~~~~~~~~~~~^^^^^^
api  |   File "uvloop/loop.pyx", line 1518, in uvloop.loop.Loop.run_until_complete
api  |   File "/usr/local/lib/python3.13/site-packages/uvicorn/server.py", line 70, in serve
api  |     await self._serve(sockets)
api  |   File "/usr/local/lib/python3.13/site-packages/uvicorn/server.py", line 77, in _serve
api  |     config.load()
api  |     ~~~~~~~~~~~^^
api  |   File "/usr/local/lib/python3.13/site-packages/uvicorn/config.py", line 435, in load
api  |     self.loaded_app = import_from_string(self.app)
api  |                       ~~~~~~~~~~~~~~~~~~^^^^^^^^^^
api  |   File "/usr/local/lib/python3.13/site-packages/uvicorn/importer.py", line 19, in import_from_string
api  |     module = importlib.import_module(module_str)
api  |   File "/usr/local/lib/python3.13/importlib/__init__.py", line 88, in import_module
api  |     return _bootstrap._gcd_import(name[level:], package, level)
api  |            ~~~~~~~~~~~~~~~~~~~~~~^^^^^^^^^^^^^^^^^^^^^^^^^^^^^^
api  |   File "<frozen importlib._bootstrap>", line 1395, in _gcd_import
api  |   File "<frozen importlib._bootstrap>", line 1360, in _find_and_load
api  |   File "<frozen importlib._bootstrap>", line 1331, in _find_and_load_unlocked
api  |   File "<frozen importlib._bootstrap>", line 935, in _load_unlocked
api  |   File "<frozen importlib._bootstrap_external>", line 1023, in exec_module
api  |   File "<frozen importlib._bootstrap>", line 488, in _call_with_frames_removed
api  |   File "/app/app/main.py", line 9, in <module>
api  |     from app.rabbitmq import rabbitmq_publisher
api  | ImportError: cannot import name 'rabbitmq_publisher' from 'app.rabbitmq' (/app/app/rabbitmq.py)
api  | Process SpawnProcess-79:
api  | Traceback (most recent call last):
api  |   File "/usr/local/lib/python3.13/multiprocessing/process.py", line 313, in _bootstrap
api  |     self.run()
api  |     ~~~~~~~~^^
api  |   File "/usr/local/lib/python3.13/multiprocessing/process.py", line 108, in run
api  |     self._target(*self._args, **self._kwargs)
api  |     ~~~~~~~~~~~~^^^^^^^^^^^^^^^^^^^^^^^^^^^^^
api  |   File "/usr/local/lib/python3.13/site-packages/uvicorn/_subprocess.py", line 80, in subprocess_started
api  |     target(sockets=sockets)
api  |     ~~~~~~^^^^^^^^^^^^^^^^^
api  |   File "/usr/local/lib/python3.13/site-packages/uvicorn/supervisors/multiprocess.py", line 63, in target
api  |     return self.real_target(sockets)
api  |            ~~~~~~~~~~~~~~~~^^^^^^^^^
api  |   File "/usr/local/lib/python3.13/site-packages/uvicorn/server.py", line 66, in run
api  |     return asyncio.run(self.serve(sockets=sockets))
api  |            ~~~~~~~~~~~^^^^^^^^^^^^^^^^^^^^^^^^^^^^^
api  |   File "/usr/local/lib/python3.13/asyncio/runners.py", line 195, in run
api  |     return runner.run(main)
api  |            ~~~~~~~~~~^^^^^^
api  |   File "/usr/local/lib/python3.13/asyncio/runners.py", line 118, in run
api  |     return self._loop.run_until_complete(task)
api  |            ~~~~~~~~~~~~~~~~~~~~~~~~~~~~~^^^^^^
api  |   File "uvloop/loop.pyx", line 1518, in uvloop.loop.Loop.run_until_complete
api  |   File "/usr/local/lib/python3.13/site-packages/uvicorn/server.py", line 70, in serve
api  |     await self._serve(sockets)
api  |   File "/usr/local/lib/python3.13/site-packages/uvicorn/server.py", line 77, in _serve
api  |     config.load()
api  |     ~~~~~~~~~~~^^
api  |   File "/usr/local/lib/python3.13/site-packages/uvicorn/config.py", line 435, in load
api  |     self.loaded_app = import_from_string(self.app)
api  |                       ~~~~~~~~~~~~~~~~~~^^^^^^^^^^
api  |   File "/usr/local/lib/python3.13/site-packages/uvicorn/importer.py", line 19, in import_from_string
api  |     module = importlib.import_module(module_str)
api  |   File "/usr/local/lib/python3.13/importlib/__init__.py", line 88, in import_module
api  |     return _bootstrap._gcd_import(name[level:], package, level)
api  |            ~~~~~~~~~~~~~~~~~~~~~~^^^^^^^^^^^^^^^^^^^^^^^^^^^^^^
api  |   File "<frozen importlib._bootstrap>", line 1395, in _gcd_import
api  |   File "<frozen importlib._bootstrap>", line 1360, in _find_and_load
api  |   File "<frozen importlib._bootstrap>", line 1331, in _find_and_load_unlocked
api  |   File "<frozen importlib._bootstrap>", line 935, in _load_unlocked
api  |   File "<frozen importlib._bootstrap_external>", line 1023, in exec_module
api  |   File "<frozen importlib._bootstrap>", line 488, in _call_with_frames_removed
api  |   File "/app/app/main.py", line 9, in <module>
api  |     from app.rabbitmq import rabbitmq_publisher
api  | ImportError: cannot import name 'rabbitmq_publisher' from 'app.rabbitmq' (/app/app/rabbitmq.py)
api  | INFO:     Waiting for child process [159]
api  | INFO:     Child process [159] died
api  | INFO:     Waiting for child process [160]
api  | INFO:     Child process [160] died
api  | Process SpawnProcess-80:
api  | Traceback (most recent call last):
api  |   File "/usr/local/lib/python3.13/multiprocessing/process.py", line 313, in _bootstrap
api  |     self.run()
api  |     ~~~~~~~~^^
api  |   File "/usr/local/lib/python3.13/multiprocessing/process.py", line 108, in run
api  |     self._target(*self._args, **self._kwargs)
api  |     ~~~~~~~~~~~~^^^^^^^^^^^^^^^^^^^^^^^^^^^^^
api  |   File "/usr/local/lib/python3.13/site-packages/uvicorn/_subprocess.py", line 80, in subprocess_started
api  |     target(sockets=sockets)
api  |     ~~~~~~^^^^^^^^^^^^^^^^^
api  |   File "/usr/local/lib/python3.13/site-packages/uvicorn/supervisors/multiprocess.py", line 63, in target
api  |     return self.real_target(sockets)
api  |            ~~~~~~~~~~~~~~~~^^^^^^^^^
api  |   File "/usr/local/lib/python3.13/site-packages/uvicorn/server.py", line 66, in run
api  |     return asyncio.run(self.serve(sockets=sockets))
api  |            ~~~~~~~~~~~^^^^^^^^^^^^^^^^^^^^^^^^^^^^^
api  |   File "/usr/local/lib/python3.13/asyncio/runners.py", line 195, in run
api  |     return runner.run(main)
api  |            ~~~~~~~~~~^^^^^^
api  |   File "/usr/local/lib/python3.13/asyncio/runners.py", line 118, in run
api  |     return self._loop.run_until_complete(task)
api  |            ~~~~~~~~~~~~~~~~~~~~~~~~~~~~~^^^^^^
api  |   File "uvloop/loop.pyx", line 1518, in uvloop.loop.Loop.run_until_complete
api  |   File "/usr/local/lib/python3.13/site-packages/uvicorn/server.py", line 70, in serve
api  |     await self._serve(sockets)
api  |   File "/usr/local/lib/python3.13/site-packages/uvicorn/server.py", line 77, in _serve
api  |     config.load()
api  |     ~~~~~~~~~~~^^
api  |   File "/usr/local/lib/python3.13/site-packages/uvicorn/config.py", line 435, in load
api  |     self.loaded_app = import_from_string(self.app)
api  |                       ~~~~~~~~~~~~~~~~~~^^^^^^^^^^
api  |   File "/usr/local/lib/python3.13/site-packages/uvicorn/importer.py", line 19, in import_from_string
api  |     module = importlib.import_module(module_str)
api  |   File "/usr/local/lib/python3.13/importlib/__init__.py", line 88, in import_module
api  |     return _bootstrap._gcd_import(name[level:], package, level)
api  |            ~~~~~~~~~~~~~~~~~~~~~~^^^^^^^^^^^^^^^^^^^^^^^^^^^^^^
api  |   File "<frozen importlib._bootstrap>", line 1395, in _gcd_import
api  |   File "<frozen importlib._bootstrap>", line 1360, in _find_and_load
api  |   File "<frozen importlib._bootstrap>", line 1331, in _find_and_load_unlocked
api  |   File "<frozen importlib._bootstrap>", line 935, in _load_unlocked
api  |   File "<frozen importlib._bootstrap_external>", line 1023, in exec_module
api  |   File "<frozen importlib._bootstrap>", line 488, in _call_with_frames_removed
api  |   File "/app/app/main.py", line 9, in <module>
api  |     from app.rabbitmq import rabbitmq_publisher
api  | ImportError: cannot import name 'rabbitmq_publisher' from 'app.rabbitmq' (/app/app/rabbitmq.py)
api  | Process SpawnProcess-82:
api  | Traceback (most recent call last):
api  |   File "/usr/local/lib/python3.13/multiprocessing/process.py", line 313, in _bootstrap
api  |     self.run()
api  |     ~~~~~~~~^^
api  |   File "/usr/local/lib/python3.13/multiprocessing/process.py", line 108, in run
api  |     self._target(*self._args, **self._kwargs)
api  |     ~~~~~~~~~~~~^^^^^^^^^^^^^^^^^^^^^^^^^^^^^
api  |   File "/usr/local/lib/python3.13/site-packages/uvicorn/_subprocess.py", line 80, in subprocess_started
api  |     target(sockets=sockets)
api  |     ~~~~~~^^^^^^^^^^^^^^^^^
api  |   File "/usr/local/lib/python3.13/site-packages/uvicorn/supervisors/multiprocess.py", line 63, in target
api  |     return self.real_target(sockets)
api  |            ~~~~~~~~~~~~~~~~^^^^^^^^^
api  |   File "/usr/local/lib/python3.13/site-packages/uvicorn/server.py", line 66, in run
api  |     return asyncio.run(self.serve(sockets=sockets))
api  |            ~~~~~~~~~~~^^^^^^^^^^^^^^^^^^^^^^^^^^^^^
api  |   File "/usr/local/lib/python3.13/asyncio/runners.py", line 195, in run
api  |     return runner.run(main)
api  |            ~~~~~~~~~~^^^^^^
api  |   File "/usr/local/lib/python3.13/asyncio/runners.py", line 118, in run
api  |     return self._loop.run_until_complete(task)
api  |            ~~~~~~~~~~~~~~~~~~~~~~~~~~~~~^^^^^^
api  |   File "uvloop/loop.pyx", line 1518, in uvloop.loop.Loop.run_until_complete
api  |   File "/usr/local/lib/python3.13/site-packages/uvicorn/server.py", line 70, in serve
api  |     await self._serve(sockets)
api  |   File "/usr/local/lib/python3.13/site-packages/uvicorn/server.py", line 77, in _serve
api  |     config.load()
api  |     ~~~~~~~~~~~^^
api  |   File "/usr/local/lib/python3.13/site-packages/uvicorn/config.py", line 435, in load
api  |     self.loaded_app = import_from_string(self.app)
api  |                       ~~~~~~~~~~~~~~~~~~^^^^^^^^^^
api  |   File "/usr/local/lib/python3.13/site-packages/uvicorn/importer.py", line 19, in import_from_string
api  |     module = importlib.import_module(module_str)
api  |   File "/usr/local/lib/python3.13/importlib/__init__.py", line 88, in import_module
api  |     return _bootstrap._gcd_import(name[level:], package, level)
api  |            ~~~~~~~~~~~~~~~~~~~~~~^^^^^^^^^^^^^^^^^^^^^^^^^^^^^^
api  |   File "<frozen importlib._bootstrap>", line 1395, in _gcd_import
api  |   File "<frozen importlib._bootstrap>", line 1360, in _find_and_load
api  |   File "<frozen importlib._bootstrap>", line 1331, in _find_and_load_unlocked
api  |   File "<frozen importlib._bootstrap>", line 935, in _load_unlocked
api  |   File "<frozen importlib._bootstrap_external>", line 1023, in exec_module
api  |   File "<frozen importlib._bootstrap>", line 488, in _call_with_frames_removed
api  |   File "/app/app/main.py", line 9, in <module>
api  |     from app.rabbitmq import rabbitmq_publisher
api  | ImportError: cannot import name 'rabbitmq_publisher' from 'app.rabbitmq' (/app/app/rabbitmq.py)
api  | Process SpawnProcess-81:
api  | Traceback (most recent call last):
api  |   File "/usr/local/lib/python3.13/multiprocessing/process.py", line 313, in _bootstrap
api  |     self.run()
api  |     ~~~~~~~~^^
api  |   File "/usr/local/lib/python3.13/multiprocessing/process.py", line 108, in run
api  |     self._target(*self._args, **self._kwargs)
api  |     ~~~~~~~~~~~~^^^^^^^^^^^^^^^^^^^^^^^^^^^^^
api  |   File "/usr/local/lib/python3.13/site-packages/uvicorn/_subprocess.py", line 80, in subprocess_started
api  |     target(sockets=sockets)
api  |     ~~~~~~^^^^^^^^^^^^^^^^^
api  |   File "/usr/local/lib/python3.13/site-packages/uvicorn/supervisors/multiprocess.py", line 63, in target
api  |     return self.real_target(sockets)
api  |            ~~~~~~~~~~~~~~~~^^^^^^^^^
api  |   File "/usr/local/lib/python3.13/site-packages/uvicorn/server.py", line 66, in run
api  |     return asyncio.run(self.serve(sockets=sockets))
api  |            ~~~~~~~~~~~^^^^^^^^^^^^^^^^^^^^^^^^^^^^^
api  |   File "/usr/local/lib/python3.13/asyncio/runners.py", line 195, in run
api  |     return runner.run(main)
api  |            ~~~~~~~~~~^^^^^^
api  |   File "/usr/local/lib/python3.13/asyncio/runners.py", line 118, in run
api  |     return self._loop.run_until_complete(task)
api  |            ~~~~~~~~~~~~~~~~~~~~~~~~~~~~~^^^^^^
api  |   File "uvloop/loop.pyx", line 1518, in uvloop.loop.Loop.run_until_complete
api  |   File "/usr/local/lib/python3.13/site-packages/uvicorn/server.py", line 70, in serve
api  |     await self._serve(sockets)
api  |   File "/usr/local/lib/python3.13/site-packages/uvicorn/server.py", line 77, in _serve
api  |     config.load()
api  |     ~~~~~~~~~~~^^
api  |   File "/usr/local/lib/python3.13/site-packages/uvicorn/config.py", line 435, in load
api  |     self.loaded_app = import_from_string(self.app)
api  |                       ~~~~~~~~~~~~~~~~~~^^^^^^^^^^
api  |   File "/usr/local/lib/python3.13/site-packages/uvicorn/importer.py", line 19, in import_from_string
api  |     module = importlib.import_module(module_str)
api  |   File "/usr/local/lib/python3.13/importlib/__init__.py", line 88, in import_module
api  |     return _bootstrap._gcd_import(name[level:], package, level)
api  |            ~~~~~~~~~~~~~~~~~~~~~~^^^^^^^^^^^^^^^^^^^^^^^^^^^^^^
api  |   File "<frozen importlib._bootstrap>", line 1395, in _gcd_import
api  |   File "<frozen importlib._bootstrap>", line 1360, in _find_and_load
api  |   File "<frozen importlib._bootstrap>", line 1331, in _find_and_load_unlocked
api  |   File "<frozen importlib._bootstrap>", line 935, in _load_unlocked
api  |   File "<frozen importlib._bootstrap_external>", line 1023, in exec_module
api  |   File "<frozen importlib._bootstrap>", line 488, in _call_with_frames_removed
api  |   File "/app/app/main.py", line 9, in <module>
api  |     from app.rabbitmq import rabbitmq_publisher
api  | ImportError: cannot import name 'rabbitmq_publisher' from 'app.rabbitmq' (/app/app/rabbitmq.py)
api  | INFO:     Waiting for child process [161]
api  | INFO:     Child process [161] died
api  | INFO:     Waiting for child process [162]
api  | INFO:     Child process [162] died
api  | INFO:     Waiting for child process [167]
api  | INFO:     Child process [167] died
api  | INFO:     Waiting for child process [168]
api  | INFO:     Child process [168] died
api  | Process SpawnProcess-83:
api  | Traceback (most recent call last):
api  |   File "/usr/local/lib/python3.13/multiprocessing/process.py", line 313, in _bootstrap
api  |     self.run()
api  |     ~~~~~~~~^^
api  |   File "/usr/local/lib/python3.13/multiprocessing/process.py", line 108, in run
api  |     self._target(*self._args, **self._kwargs)
api  |     ~~~~~~~~~~~~^^^^^^^^^^^^^^^^^^^^^^^^^^^^^
api  |   File "/usr/local/lib/python3.13/site-packages/uvicorn/_subprocess.py", line 80, in subprocess_started
api  |     target(sockets=sockets)
api  |     ~~~~~~^^^^^^^^^^^^^^^^^
api  |   File "/usr/local/lib/python3.13/site-packages/uvicorn/supervisors/multiprocess.py", line 63, in target
api  |     return self.real_target(sockets)
api  |            ~~~~~~~~~~~~~~~~^^^^^^^^^
api  |   File "/usr/local/lib/python3.13/site-packages/uvicorn/server.py", line 66, in run
api  |     return asyncio.run(self.serve(sockets=sockets))
api  |            ~~~~~~~~~~~^^^^^^^^^^^^^^^^^^^^^^^^^^^^^
api  |   File "/usr/local/lib/python3.13/asyncio/runners.py", line 195, in run
api  |     return runner.run(main)
api  |            ~~~~~~~~~~^^^^^^
api  |   File "/usr/local/lib/python3.13/asyncio/runners.py", line 118, in run
api  |     return self._loop.run_until_complete(task)
api  |            ~~~~~~~~~~~~~~~~~~~~~~~~~~~~~^^^^^^
api  |   File "uvloop/loop.pyx", line 1518, in uvloop.loop.Loop.run_until_complete
api  |   File "/usr/local/lib/python3.13/site-packages/uvicorn/server.py", line 70, in serve
api  |     await self._serve(sockets)
api  |   File "/usr/local/lib/python3.13/site-packages/uvicorn/server.py", line 77, in _serve
api  |     config.load()
api  |     ~~~~~~~~~~~^^
api  |   File "/usr/local/lib/python3.13/site-packages/uvicorn/config.py", line 435, in load
api  |     self.loaded_app = import_from_string(self.app)
api  |                       ~~~~~~~~~~~~~~~~~~^^^^^^^^^^
api  |   File "/usr/local/lib/python3.13/site-packages/uvicorn/importer.py", line 19, in import_from_string
api  |     module = importlib.import_module(module_str)
api  |   File "/usr/local/lib/python3.13/importlib/__init__.py", line 88, in import_module
api  |     return _bootstrap._gcd_import(name[level:], package, level)
api  |            ~~~~~~~~~~~~~~~~~~~~~~^^^^^^^^^^^^^^^^^^^^^^^^^^^^^^
api  |   File "<frozen importlib._bootstrap>", line 1395, in _gcd_import
api  |   File "<frozen importlib._bootstrap>", line 1360, in _find_and_load
api  |   File "<frozen importlib._bootstrap>", line 1331, in _find_and_load_unlocked
api  |   File "<frozen importlib._bootstrap>", line 935, in _load_unlocked
api  |   File "<frozen importlib._bootstrap_external>", line 1023, in exec_module
api  |   File "<frozen importlib._bootstrap>", line 488, in _call_with_frames_removed
api  |   File "/app/app/main.py", line 9, in <module>
api  |     from app.rabbitmq import rabbitmq_publisher
api  | ImportError: cannot import name 'rabbitmq_publisher' from 'app.rabbitmq' (/app/app/rabbitmq.py)
api  | Process SpawnProcess-84:
api  | Process SpawnProcess-86:
api  | Traceback (most recent call last):
api  |   File "/usr/local/lib/python3.13/multiprocessing/process.py", line 313, in _bootstrap
api  |     self.run()
api  |     ~~~~~~~~^^
api  |   File "/usr/local/lib/python3.13/multiprocessing/process.py", line 108, in run
api  |     self._target(*self._args, **self._kwargs)
api  |     ~~~~~~~~~~~~^^^^^^^^^^^^^^^^^^^^^^^^^^^^^
api  |   File "/usr/local/lib/python3.13/site-packages/uvicorn/_subprocess.py", line 80, in subprocess_started
api  |     target(sockets=sockets)
api  |     ~~~~~~^^^^^^^^^^^^^^^^^
api  |   File "/usr/local/lib/python3.13/site-packages/uvicorn/supervisors/multiprocess.py", line 63, in target
api  |     return self.real_target(sockets)
api  |            ~~~~~~~~~~~~~~~~^^^^^^^^^
api  |   File "/usr/local/lib/python3.13/site-packages/uvicorn/server.py", line 66, in run
api  |     return asyncio.run(self.serve(sockets=sockets))
api  |            ~~~~~~~~~~~^^^^^^^^^^^^^^^^^^^^^^^^^^^^^
api  |   File "/usr/local/lib/python3.13/asyncio/runners.py", line 195, in run
api  |     return runner.run(main)
api  |            ~~~~~~~~~~^^^^^^
api  |   File "/usr/local/lib/python3.13/asyncio/runners.py", line 118, in run
api  |     return self._loop.run_until_complete(task)
api  |            ~~~~~~~~~~~~~~~~~~~~~~~~~~~~~^^^^^^
api  |   File "uvloop/loop.pyx", line 1518, in uvloop.loop.Loop.run_until_complete
api  |   File "/usr/local/lib/python3.13/site-packages/uvicorn/server.py", line 70, in serve
api  |     await self._serve(sockets)
api  |   File "/usr/local/lib/python3.13/site-packages/uvicorn/server.py", line 77, in _serve
api  |     config.load()
api  |     ~~~~~~~~~~~^^
api  |   File "/usr/local/lib/python3.13/site-packages/uvicorn/config.py", line 435, in load
api  |     self.loaded_app = import_from_string(self.app)
api  |                       ~~~~~~~~~~~~~~~~~~^^^^^^^^^^
api  |   File "/usr/local/lib/python3.13/site-packages/uvicorn/importer.py", line 19, in import_from_string
api  |     module = importlib.import_module(module_str)
api  |   File "/usr/local/lib/python3.13/importlib/__init__.py", line 88, in import_module
api  |     return _bootstrap._gcd_import(name[level:], package, level)
api  |            ~~~~~~~~~~~~~~~~~~~~~~^^^^^^^^^^^^^^^^^^^^^^^^^^^^^^
api  |   File "<frozen importlib._bootstrap>", line 1395, in _gcd_import
api  |   File "<frozen importlib._bootstrap>", line 1360, in _find_and_load
api  |   File "<frozen importlib._bootstrap>", line 1331, in _find_and_load_unlocked
api  |   File "<frozen importlib._bootstrap>", line 935, in _load_unlocked
api  |   File "<frozen importlib._bootstrap_external>", line 1023, in exec_module
api  |   File "<frozen importlib._bootstrap>", line 488, in _call_with_frames_removed
api  |   File "/app/app/main.py", line 9, in <module>
api  |     from app.rabbitmq import rabbitmq_publisher
api  | ImportError: cannot import name 'rabbitmq_publisher' from 'app.rabbitmq' (/app/app/rabbitmq.py)
api  | Traceback (most recent call last):
api  |   File "/usr/local/lib/python3.13/multiprocessing/process.py", line 313, in _bootstrap
api  |     self.run()
api  |     ~~~~~~~~^^
api  |   File "/usr/local/lib/python3.13/multiprocessing/process.py", line 108, in run
api  |     self._target(*self._args, **self._kwargs)
api  |     ~~~~~~~~~~~~^^^^^^^^^^^^^^^^^^^^^^^^^^^^^
api  |   File "/usr/local/lib/python3.13/site-packages/uvicorn/_subprocess.py", line 80, in subprocess_started
api  |     target(sockets=sockets)
api  |     ~~~~~~^^^^^^^^^^^^^^^^^
api  |   File "/usr/local/lib/python3.13/site-packages/uvicorn/supervisors/multiprocess.py", line 63, in target
api  |     return self.real_target(sockets)
api  |            ~~~~~~~~~~~~~~~~^^^^^^^^^
api  |   File "/usr/local/lib/python3.13/site-packages/uvicorn/server.py", line 66, in run
api  |     return asyncio.run(self.serve(sockets=sockets))
api  |            ~~~~~~~~~~~^^^^^^^^^^^^^^^^^^^^^^^^^^^^^
api  |   File "/usr/local/lib/python3.13/asyncio/runners.py", line 195, in run
api  |     return runner.run(main)
api  |            ~~~~~~~~~~^^^^^^
api  |   File "/usr/local/lib/python3.13/asyncio/runners.py", line 118, in run
api  |     return self._loop.run_until_complete(task)
api  |            ~~~~~~~~~~~~~~~~~~~~~~~~~~~~~^^^^^^
api  |   File "uvloop/loop.pyx", line 1518, in uvloop.loop.Loop.run_until_complete
api  |   File "/usr/local/lib/python3.13/site-packages/uvicorn/server.py", line 70, in serve
api  |     await self._serve(sockets)
api  |   File "/usr/local/lib/python3.13/site-packages/uvicorn/server.py", line 77, in _serve
api  |     config.load()
api  |     ~~~~~~~~~~~^^
api  |   File "/usr/local/lib/python3.13/site-packages/uvicorn/config.py", line 435, in load
api  |     self.loaded_app = import_from_string(self.app)
api  |                       ~~~~~~~~~~~~~~~~~~^^^^^^^^^^
api  |   File "/usr/local/lib/python3.13/site-packages/uvicorn/importer.py", line 19, in import_from_string
api  |     module = importlib.import_module(module_str)
api  |   File "/usr/local/lib/python3.13/importlib/__init__.py", line 88, in import_module
api  |     return _bootstrap._gcd_import(name[level:], package, level)
api  |            ~~~~~~~~~~~~~~~~~~~~~~^^^^^^^^^^^^^^^^^^^^^^^^^^^^^^
api  |   File "<frozen importlib._bootstrap>", line 1395, in _gcd_import
api  |   File "<frozen importlib._bootstrap>", line 1360, in _find_and_load
api  |   File "<frozen importlib._bootstrap>", line 1331, in _find_and_load_unlocked
api  |   File "<frozen importlib._bootstrap>", line 935, in _load_unlocked
api  |   File "<frozen importlib._bootstrap_external>", line 1023, in exec_module
api  |   File "<frozen importlib._bootstrap>", line 488, in _call_with_frames_removed
api  |   File "/app/app/main.py", line 9, in <module>
api  |     from app.rabbitmq import rabbitmq_publisher
api  | ImportError: cannot import name 'rabbitmq_publisher' from 'app.rabbitmq' (/app/app/rabbitmq.py)
api  | Process SpawnProcess-85:
api  | Traceback (most recent call last):
api  |   File "/usr/local/lib/python3.13/multiprocessing/process.py", line 313, in _bootstrap
api  |     self.run()
api  |     ~~~~~~~~^^
api  |   File "/usr/local/lib/python3.13/multiprocessing/process.py", line 108, in run
api  |     self._target(*self._args, **self._kwargs)
api  |     ~~~~~~~~~~~~^^^^^^^^^^^^^^^^^^^^^^^^^^^^^
api  |   File "/usr/local/lib/python3.13/site-packages/uvicorn/_subprocess.py", line 80, in subprocess_started
api  |     target(sockets=sockets)
api  |     ~~~~~~^^^^^^^^^^^^^^^^^
api  |   File "/usr/local/lib/python3.13/site-packages/uvicorn/supervisors/multiprocess.py", line 63, in target
api  |     return self.real_target(sockets)
api  |            ~~~~~~~~~~~~~~~~^^^^^^^^^
api  |   File "/usr/local/lib/python3.13/site-packages/uvicorn/server.py", line 66, in run
api  |     return asyncio.run(self.serve(sockets=sockets))
api  |            ~~~~~~~~~~~^^^^^^^^^^^^^^^^^^^^^^^^^^^^^
api  |   File "/usr/local/lib/python3.13/asyncio/runners.py", line 195, in run
api  |     return runner.run(main)
api  |            ~~~~~~~~~~^^^^^^
api  |   File "/usr/local/lib/python3.13/asyncio/runners.py", line 118, in run
api  |     return self._loop.run_until_complete(task)
api  |            ~~~~~~~~~~~~~~~~~~~~~~~~~~~~~^^^^^^
api  |   File "uvloop/loop.pyx", line 1518, in uvloop.loop.Loop.run_until_complete
api  |   File "/usr/local/lib/python3.13/site-packages/uvicorn/server.py", line 70, in serve
api  |     await self._serve(sockets)
api  |   File "/usr/local/lib/python3.13/site-packages/uvicorn/server.py", line 77, in _serve
api  |     config.load()
api  |     ~~~~~~~~~~~^^
api  |   File "/usr/local/lib/python3.13/site-packages/uvicorn/config.py", line 435, in load
api  |     self.loaded_app = import_from_string(self.app)
api  |                       ~~~~~~~~~~~~~~~~~~^^^^^^^^^^
api  |   File "/usr/local/lib/python3.13/site-packages/uvicorn/importer.py", line 19, in import_from_string
api  |     module = importlib.import_module(module_str)
api  |   File "/usr/local/lib/python3.13/importlib/__init__.py", line 88, in import_module
api  |     return _bootstrap._gcd_import(name[level:], package, level)
api  |            ~~~~~~~~~~~~~~~~~~~~~~^^^^^^^^^^^^^^^^^^^^^^^^^^^^^^
api  |   File "<frozen importlib._bootstrap>", line 1395, in _gcd_import
api  |   File "<frozen importlib._bootstrap>", line 1360, in _find_and_load
api  |   File "<frozen importlib._bootstrap>", line 1331, in _find_and_load_unlocked
api  |   File "<frozen importlib._bootstrap>", line 935, in _load_unlocked
api  |   File "<frozen importlib._bootstrap_external>", line 1023, in exec_module
api  |   File "<frozen importlib._bootstrap>", line 488, in _call_with_frames_removed
api  |   File "/app/app/main.py", line 9, in <module>
api  |     from app.rabbitmq import rabbitmq_publisher
api  | ImportError: cannot import name 'rabbitmq_publisher' from 'app.rabbitmq' (/app/app/rabbitmq.py)
api  | INFO:     Waiting for child process [171]
api  | INFO:     Child process [171] died
api  | INFO:     Waiting for child process [172]
api  | INFO:     Child process [172] died
api  | INFO:     Waiting for child process [173]
api  | INFO:     Child process [173] died
api  | INFO:     Waiting for child process [174]
api  | INFO:     Child process [174] died
api  | Process SpawnProcess-87:
api  | Traceback (most recent call last):
api  |   File "/usr/local/lib/python3.13/multiprocessing/process.py", line 313, in _bootstrap
api  |     self.run()
api  |     ~~~~~~~~^^
api  |   File "/usr/local/lib/python3.13/multiprocessing/process.py", line 108, in run
api  |     self._target(*self._args, **self._kwargs)
api  |     ~~~~~~~~~~~~^^^^^^^^^^^^^^^^^^^^^^^^^^^^^
api  |   File "/usr/local/lib/python3.13/site-packages/uvicorn/_subprocess.py", line 80, in subprocess_started
api  |     target(sockets=sockets)
api  |     ~~~~~~^^^^^^^^^^^^^^^^^
api  |   File "/usr/local/lib/python3.13/site-packages/uvicorn/supervisors/multiprocess.py", line 63, in target
api  |     return self.real_target(sockets)
api  |            ~~~~~~~~~~~~~~~~^^^^^^^^^
api  |   File "/usr/local/lib/python3.13/site-packages/uvicorn/server.py", line 66, in run
api  |     return asyncio.run(self.serve(sockets=sockets))
api  |            ~~~~~~~~~~~^^^^^^^^^^^^^^^^^^^^^^^^^^^^^
api  |   File "/usr/local/lib/python3.13/asyncio/runners.py", line 195, in run
api  |     return runner.run(main)
api  |            ~~~~~~~~~~^^^^^^
api  |   File "/usr/local/lib/python3.13/asyncio/runners.py", line 118, in run
api  |     return self._loop.run_until_complete(task)
api  |            ~~~~~~~~~~~~~~~~~~~~~~~~~~~~~^^^^^^
api  |   File "uvloop/loop.pyx", line 1518, in uvloop.loop.Loop.run_until_complete
api  |   File "/usr/local/lib/python3.13/site-packages/uvicorn/server.py", line 70, in serve
api  |     await self._serve(sockets)
api  |   File "/usr/local/lib/python3.13/site-packages/uvicorn/server.py", line 77, in _serve
api  |     config.load()
api  |     ~~~~~~~~~~~^^
api  |   File "/usr/local/lib/python3.13/site-packages/uvicorn/config.py", line 435, in load
api  |     self.loaded_app = import_from_string(self.app)
api  |                       ~~~~~~~~~~~~~~~~~~^^^^^^^^^^
api  |   File "/usr/local/lib/python3.13/site-packages/uvicorn/importer.py", line 19, in import_from_string
api  |     module = importlib.import_module(module_str)
api  |   File "/usr/local/lib/python3.13/importlib/__init__.py", line 88, in import_module
api  |     return _bootstrap._gcd_import(name[level:], package, level)
api  |            ~~~~~~~~~~~~~~~~~~~~~~^^^^^^^^^^^^^^^^^^^^^^^^^^^^^^
api  |   File "<frozen importlib._bootstrap>", line 1395, in _gcd_import
api  |   File "<frozen importlib._bootstrap>", line 1360, in _find_and_load
api  |   File "<frozen importlib._bootstrap>", line 1331, in _find_and_load_unlocked
api  |   File "<frozen importlib._bootstrap>", line 935, in _load_unlocked
api  |   File "<frozen importlib._bootstrap_external>", line 1023, in exec_module
api  |   File "<frozen importlib._bootstrap>", line 488, in _call_with_frames_removed
api  |   File "/app/app/main.py", line 9, in <module>
api  |     from app.rabbitmq import rabbitmq_publisher
api  | ImportError: cannot import name 'rabbitmq_publisher' from 'app.rabbitmq' (/app/app/rabbitmq.py)
api  | INFO:     Waiting for child process [179]
api  | INFO:     Child process [179] died
api  | Process SpawnProcess-89:
api  | Process SpawnProcess-88:
api  | Traceback (most recent call last):
api  |   File "/usr/local/lib/python3.13/multiprocessing/process.py", line 313, in _bootstrap
api  |     self.run()
api  |     ~~~~~~~~^^
api  |   File "/usr/local/lib/python3.13/multiprocessing/process.py", line 108, in run
api  |     self._target(*self._args, **self._kwargs)
api  |     ~~~~~~~~~~~~^^^^^^^^^^^^^^^^^^^^^^^^^^^^^
api  |   File "/usr/local/lib/python3.13/site-packages/uvicorn/_subprocess.py", line 80, in subprocess_started
api  |     target(sockets=sockets)
api  |     ~~~~~~^^^^^^^^^^^^^^^^^
api  |   File "/usr/local/lib/python3.13/site-packages/uvicorn/supervisors/multiprocess.py", line 63, in target
api  |     return self.real_target(sockets)
api  |            ~~~~~~~~~~~~~~~~^^^^^^^^^
api  |   File "/usr/local/lib/python3.13/site-packages/uvicorn/server.py", line 66, in run
api  |     return asyncio.run(self.serve(sockets=sockets))
api  |            ~~~~~~~~~~~^^^^^^^^^^^^^^^^^^^^^^^^^^^^^
api  |   File "/usr/local/lib/python3.13/asyncio/runners.py", line 195, in run
api  |     return runner.run(main)
api  |            ~~~~~~~~~~^^^^^^
api  |   File "/usr/local/lib/python3.13/asyncio/runners.py", line 118, in run
api  |     return self._loop.run_until_complete(task)
api  |            ~~~~~~~~~~~~~~~~~~~~~~~~~~~~~^^^^^^
api  |   File "uvloop/loop.pyx", line 1518, in uvloop.loop.Loop.run_until_complete
api  |   File "/usr/local/lib/python3.13/site-packages/uvicorn/server.py", line 70, in serve
api  |     await self._serve(sockets)
api  |   File "/usr/local/lib/python3.13/site-packages/uvicorn/server.py", line 77, in _serve
api  |     config.load()
api  |     ~~~~~~~~~~~^^
api  |   File "/usr/local/lib/python3.13/site-packages/uvicorn/config.py", line 435, in load
api  |     self.loaded_app = import_from_string(self.app)
api  |                       ~~~~~~~~~~~~~~~~~~^^^^^^^^^^
api  |   File "/usr/local/lib/python3.13/site-packages/uvicorn/importer.py", line 19, in import_from_string
api  |     module = importlib.import_module(module_str)
api  |   File "/usr/local/lib/python3.13/importlib/__init__.py", line 88, in import_module
api  |     return _bootstrap._gcd_import(name[level:], package, level)
api  |            ~~~~~~~~~~~~~~~~~~~~~~^^^^^^^^^^^^^^^^^^^^^^^^^^^^^^
api  |   File "<frozen importlib._bootstrap>", line 1395, in _gcd_import
api  |   File "<frozen importlib._bootstrap>", line 1360, in _find_and_load
api  |   File "<frozen importlib._bootstrap>", line 1331, in _find_and_load_unlocked
api  |   File "<frozen importlib._bootstrap>", line 935, in _load_unlocked
api  |   File "<frozen importlib._bootstrap_external>", line 1023, in exec_module
api  |   File "<frozen importlib._bootstrap>", line 488, in _call_with_frames_removed
api  |   File "/app/app/main.py", line 9, in <module>
api  |     from app.rabbitmq import rabbitmq_publisher
api  | ImportError: cannot import name 'rabbitmq_publisher' from 'app.rabbitmq' (/app/app/rabbitmq.py)
api  | Traceback (most recent call last):
api  |   File "/usr/local/lib/python3.13/multiprocessing/process.py", line 313, in _bootstrap
api  |     self.run()
api  |     ~~~~~~~~^^
api  |   File "/usr/local/lib/python3.13/multiprocessing/process.py", line 108, in run
api  |     self._target(*self._args, **self._kwargs)
api  |     ~~~~~~~~~~~~^^^^^^^^^^^^^^^^^^^^^^^^^^^^^
api  |   File "/usr/local/lib/python3.13/site-packages/uvicorn/_subprocess.py", line 80, in subprocess_started
api  |     target(sockets=sockets)
api  |     ~~~~~~^^^^^^^^^^^^^^^^^
api  |   File "/usr/local/lib/python3.13/site-packages/uvicorn/supervisors/multiprocess.py", line 63, in target
api  |     return self.real_target(sockets)
api  |            ~~~~~~~~~~~~~~~~^^^^^^^^^
api  |   File "/usr/local/lib/python3.13/site-packages/uvicorn/server.py", line 66, in run
api  |     return asyncio.run(self.serve(sockets=sockets))
api  |            ~~~~~~~~~~~^^^^^^^^^^^^^^^^^^^^^^^^^^^^^
api  |   File "/usr/local/lib/python3.13/asyncio/runners.py", line 195, in run
api  |     return runner.run(main)
api  |            ~~~~~~~~~~^^^^^^
api  |   File "/usr/local/lib/python3.13/asyncio/runners.py", line 118, in run
api  |     return self._loop.run_until_complete(task)
api  |            ~~~~~~~~~~~~~~~~~~~~~~~~~~~~~^^^^^^
api  |   File "uvloop/loop.pyx", line 1518, in uvloop.loop.Loop.run_until_complete
api  |   File "/usr/local/lib/python3.13/site-packages/uvicorn/server.py", line 70, in serve
api  |     await self._serve(sockets)
api  |   File "/usr/local/lib/python3.13/site-packages/uvicorn/server.py", line 77, in _serve
api  |     config.load()
api  |     ~~~~~~~~~~~^^
api  |   File "/usr/local/lib/python3.13/site-packages/uvicorn/config.py", line 435, in load
api  |     self.loaded_app = import_from_string(self.app)
api  |                       ~~~~~~~~~~~~~~~~~~^^^^^^^^^^
api  |   File "/usr/local/lib/python3.13/site-packages/uvicorn/importer.py", line 19, in import_from_string
api  |     module = importlib.import_module(module_str)
api  |   File "/usr/local/lib/python3.13/importlib/__init__.py", line 88, in import_module
api  |     return _bootstrap._gcd_import(name[level:], package, level)
api  |            ~~~~~~~~~~~~~~~~~~~~~~^^^^^^^^^^^^^^^^^^^^^^^^^^^^^^
api  |   File "<frozen importlib._bootstrap>", line 1395, in _gcd_import
api  |   File "<frozen importlib._bootstrap>", line 1360, in _find_and_load
api  |   File "<frozen importlib._bootstrap>", line 1331, in _find_and_load_unlocked
api  |   File "<frozen importlib._bootstrap>", line 935, in _load_unlocked
api  |   File "<frozen importlib._bootstrap_external>", line 1023, in exec_module
api  |   File "<frozen importlib._bootstrap>", line 488, in _call_with_frames_removed
api  |   File "/app/app/main.py", line 9, in <module>
api  |     from app.rabbitmq import rabbitmq_publisher
api  | ImportError: cannot import name 'rabbitmq_publisher' from 'app.rabbitmq' (/app/app/rabbitmq.py)
api  | Process SpawnProcess-90:
api  | Traceback (most recent call last):
api  |   File "/usr/local/lib/python3.13/multiprocessing/process.py", line 313, in _bootstrap
api  |     self.run()
api  |     ~~~~~~~~^^
api  |   File "/usr/local/lib/python3.13/multiprocessing/process.py", line 108, in run
api  |     self._target(*self._args, **self._kwargs)
api  |     ~~~~~~~~~~~~^^^^^^^^^^^^^^^^^^^^^^^^^^^^^
api  |   File "/usr/local/lib/python3.13/site-packages/uvicorn/_subprocess.py", line 80, in subprocess_started
api  |     target(sockets=sockets)
api  |     ~~~~~~^^^^^^^^^^^^^^^^^
api  |   File "/usr/local/lib/python3.13/site-packages/uvicorn/supervisors/multiprocess.py", line 63, in target
api  |     return self.real_target(sockets)
api  |            ~~~~~~~~~~~~~~~~^^^^^^^^^
api  |   File "/usr/local/lib/python3.13/site-packages/uvicorn/server.py", line 66, in run
api  |     return asyncio.run(self.serve(sockets=sockets))
api  |            ~~~~~~~~~~~^^^^^^^^^^^^^^^^^^^^^^^^^^^^^
api  |   File "/usr/local/lib/python3.13/asyncio/runners.py", line 195, in run
api  |     return runner.run(main)
api  |            ~~~~~~~~~~^^^^^^
api  |   File "/usr/local/lib/python3.13/asyncio/runners.py", line 118, in run
api  |     return self._loop.run_until_complete(task)
api  |            ~~~~~~~~~~~~~~~~~~~~~~~~~~~~~^^^^^^
api  |   File "uvloop/loop.pyx", line 1518, in uvloop.loop.Loop.run_until_complete
api  |   File "/usr/local/lib/python3.13/site-packages/uvicorn/server.py", line 70, in serve
api  |     await self._serve(sockets)
api  |   File "/usr/local/lib/python3.13/site-packages/uvicorn/server.py", line 77, in _serve
api  |     config.load()
api  |     ~~~~~~~~~~~^^
api  |   File "/usr/local/lib/python3.13/site-packages/uvicorn/config.py", line 435, in load
api  |     self.loaded_app = import_from_string(self.app)
api  |                       ~~~~~~~~~~~~~~~~~~^^^^^^^^^^
api  |   File "/usr/local/lib/python3.13/site-packages/uvicorn/importer.py", line 19, in import_from_string
api  |     module = importlib.import_module(module_str)
api  |   File "/usr/local/lib/python3.13/importlib/__init__.py", line 88, in import_module
api  |     return _bootstrap._gcd_import(name[level:], package, level)
api  |            ~~~~~~~~~~~~~~~~~~~~~~^^^^^^^^^^^^^^^^^^^^^^^^^^^^^^
api  |   File "<frozen importlib._bootstrap>", line 1395, in _gcd_import
api  |   File "<frozen importlib._bootstrap>", line 1360, in _find_and_load
api  |   File "<frozen importlib._bootstrap>", line 1331, in _find_and_load_unlocked
api  |   File "<frozen importlib._bootstrap>", line 935, in _load_unlocked
api  |   File "<frozen importlib._bootstrap_external>", line 1023, in exec_module
api  |   File "<frozen importlib._bootstrap>", line 488, in _call_with_frames_removed
api  |   File "/app/app/main.py", line 9, in <module>
api  |     from app.rabbitmq import rabbitmq_publisher
api  | ImportError: cannot import name 'rabbitmq_publisher' from 'app.rabbitmq' (/app/app/rabbitmq.py)
api  | INFO:     Waiting for child process [180]
api  | INFO:     Child process [180] died
api  | INFO:     Waiting for child process [181]
api  | INFO:     Child process [181] died
api  | INFO:     Waiting for child process [182]
api  | INFO:     Child process [182] died
api  | Process SpawnProcess-91:
api  | Traceback (most recent call last):
api  |   File "/usr/local/lib/python3.13/multiprocessing/process.py", line 313, in _bootstrap
api  |     self.run()
api  |     ~~~~~~~~^^
api  |   File "/usr/local/lib/python3.13/multiprocessing/process.py", line 108, in run
api  |     self._target(*self._args, **self._kwargs)
api  |     ~~~~~~~~~~~~^^^^^^^^^^^^^^^^^^^^^^^^^^^^^
api  |   File "/usr/local/lib/python3.13/site-packages/uvicorn/_subprocess.py", line 80, in subprocess_started
api  |     target(sockets=sockets)
api  |     ~~~~~~^^^^^^^^^^^^^^^^^
api  |   File "/usr/local/lib/python3.13/site-packages/uvicorn/supervisors/multiprocess.py", line 63, in target
api  |     return self.real_target(sockets)
api  |            ~~~~~~~~~~~~~~~~^^^^^^^^^
api  |   File "/usr/local/lib/python3.13/site-packages/uvicorn/server.py", line 66, in run
api  |     return asyncio.run(self.serve(sockets=sockets))
api  |            ~~~~~~~~~~~^^^^^^^^^^^^^^^^^^^^^^^^^^^^^
api  |   File "/usr/local/lib/python3.13/asyncio/runners.py", line 195, in run
api  |     return runner.run(main)
api  |            ~~~~~~~~~~^^^^^^
api  |   File "/usr/local/lib/python3.13/asyncio/runners.py", line 118, in run
api  |     return self._loop.run_until_complete(task)
api  |            ~~~~~~~~~~~~~~~~~~~~~~~~~~~~~^^^^^^
api  |   File "uvloop/loop.pyx", line 1518, in uvloop.loop.Loop.run_until_complete
api  |   File "/usr/local/lib/python3.13/site-packages/uvicorn/server.py", line 70, in serve
api  |     await self._serve(sockets)
api  |   File "/usr/local/lib/python3.13/site-packages/uvicorn/server.py", line 77, in _serve
api  |     config.load()
api  |     ~~~~~~~~~~~^^
api  |   File "/usr/local/lib/python3.13/site-packages/uvicorn/config.py", line 435, in load
api  |     self.loaded_app = import_from_string(self.app)
api  |                       ~~~~~~~~~~~~~~~~~~^^^^^^^^^^
api  |   File "/usr/local/lib/python3.13/site-packages/uvicorn/importer.py", line 19, in import_from_string
api  |     module = importlib.import_module(module_str)
api  |   File "/usr/local/lib/python3.13/importlib/__init__.py", line 88, in import_module
api  |     return _bootstrap._gcd_import(name[level:], package, level)
api  |            ~~~~~~~~~~~~~~~~~~~~~~^^^^^^^^^^^^^^^^^^^^^^^^^^^^^^
api  |   File "<frozen importlib._bootstrap>", line 1395, in _gcd_import
api  |   File "<frozen importlib._bootstrap>", line 1360, in _find_and_load
api  |   File "<frozen importlib._bootstrap>", line 1331, in _find_and_load_unlocked
api  |   File "<frozen importlib._bootstrap>", line 935, in _load_unlocked
api  |   File "<frozen importlib._bootstrap_external>", line 1023, in exec_module
api  |   File "<frozen importlib._bootstrap>", line 488, in _call_with_frames_removed
api  |   File "/app/app/main.py", line 9, in <module>
api  |     from app.rabbitmq import rabbitmq_publisher
api  | ImportError: cannot import name 'rabbitmq_publisher' from 'app.rabbitmq' (/app/app/rabbitmq.py)
api  | INFO:     Waiting for child process [187]
api  | INFO:     Child process [187] died
api  | Process SpawnProcess-92:
api  | Process SpawnProcess-93:
api  | Traceback (most recent call last):
api  |   File "/usr/local/lib/python3.13/multiprocessing/process.py", line 313, in _bootstrap
api  |     self.run()
api  |     ~~~~~~~~^^
api  |   File "/usr/local/lib/python3.13/multiprocessing/process.py", line 108, in run
api  |     self._target(*self._args, **self._kwargs)
api  |     ~~~~~~~~~~~~^^^^^^^^^^^^^^^^^^^^^^^^^^^^^
api  |   File "/usr/local/lib/python3.13/site-packages/uvicorn/_subprocess.py", line 80, in subprocess_started
api  |     target(sockets=sockets)
api  |     ~~~~~~^^^^^^^^^^^^^^^^^
api  |   File "/usr/local/lib/python3.13/site-packages/uvicorn/supervisors/multiprocess.py", line 63, in target
api  |     return self.real_target(sockets)
api  |            ~~~~~~~~~~~~~~~~^^^^^^^^^
api  |   File "/usr/local/lib/python3.13/site-packages/uvicorn/server.py", line 66, in run
api  |     return asyncio.run(self.serve(sockets=sockets))
api  |            ~~~~~~~~~~~^^^^^^^^^^^^^^^^^^^^^^^^^^^^^
api  |   File "/usr/local/lib/python3.13/asyncio/runners.py", line 195, in run
api  |     return runner.run(main)
api  |            ~~~~~~~~~~^^^^^^
api  |   File "/usr/local/lib/python3.13/asyncio/runners.py", line 118, in run
api  |     return self._loop.run_until_complete(task)
api  |            ~~~~~~~~~~~~~~~~~~~~~~~~~~~~~^^^^^^
api  |   File "uvloop/loop.pyx", line 1518, in uvloop.loop.Loop.run_until_complete
api  |   File "/usr/local/lib/python3.13/site-packages/uvicorn/server.py", line 70, in serve
api  |     await self._serve(sockets)
api  |   File "/usr/local/lib/python3.13/site-packages/uvicorn/server.py", line 77, in _serve
api  |     config.load()
api  |     ~~~~~~~~~~~^^
api  |   File "/usr/local/lib/python3.13/site-packages/uvicorn/config.py", line 435, in load
api  |     self.loaded_app = import_from_string(self.app)
api  |                       ~~~~~~~~~~~~~~~~~~^^^^^^^^^^
api  |   File "/usr/local/lib/python3.13/site-packages/uvicorn/importer.py", line 19, in import_from_string
api  |     module = importlib.import_module(module_str)
api  |   File "/usr/local/lib/python3.13/importlib/__init__.py", line 88, in import_module
api  |     return _bootstrap._gcd_import(name[level:], package, level)
api  |            ~~~~~~~~~~~~~~~~~~~~~~^^^^^^^^^^^^^^^^^^^^^^^^^^^^^^
api  |   File "<frozen importlib._bootstrap>", line 1395, in _gcd_import
api  |   File "<frozen importlib._bootstrap>", line 1360, in _find_and_load
api  |   File "<frozen importlib._bootstrap>", line 1331, in _find_and_load_unlocked
api  |   File "<frozen importlib._bootstrap>", line 935, in _load_unlocked
api  |   File "<frozen importlib._bootstrap_external>", line 1023, in exec_module
api  |   File "<frozen importlib._bootstrap>", line 488, in _call_with_frames_removed
api  |   File "/app/app/main.py", line 9, in <module>
api  |     from app.rabbitmq import rabbitmq_publisher
api  | ImportError: cannot import name 'rabbitmq_publisher' from 'app.rabbitmq' (/app/app/rabbitmq.py)
api  | Traceback (most recent call last):
api  |   File "/usr/local/lib/python3.13/multiprocessing/process.py", line 313, in _bootstrap
api  |     self.run()
api  |     ~~~~~~~~^^
api  |   File "/usr/local/lib/python3.13/multiprocessing/process.py", line 108, in run
api  |     self._target(*self._args, **self._kwargs)
api  |     ~~~~~~~~~~~~^^^^^^^^^^^^^^^^^^^^^^^^^^^^^
api  |   File "/usr/local/lib/python3.13/site-packages/uvicorn/_subprocess.py", line 80, in subprocess_started
api  |     target(sockets=sockets)
api  |     ~~~~~~^^^^^^^^^^^^^^^^^
api  |   File "/usr/local/lib/python3.13/site-packages/uvicorn/supervisors/multiprocess.py", line 63, in target
api  |     return self.real_target(sockets)
api  |            ~~~~~~~~~~~~~~~~^^^^^^^^^
api  |   File "/usr/local/lib/python3.13/site-packages/uvicorn/server.py", line 66, in run
api  |     return asyncio.run(self.serve(sockets=sockets))
api  |            ~~~~~~~~~~~^^^^^^^^^^^^^^^^^^^^^^^^^^^^^
api  |   File "/usr/local/lib/python3.13/asyncio/runners.py", line 195, in run
api  |     return runner.run(main)
api  |            ~~~~~~~~~~^^^^^^
api  |   File "/usr/local/lib/python3.13/asyncio/runners.py", line 118, in run
api  |     return self._loop.run_until_complete(task)
api  |            ~~~~~~~~~~~~~~~~~~~~~~~~~~~~~^^^^^^
api  |   File "uvloop/loop.pyx", line 1518, in uvloop.loop.Loop.run_until_complete
api  |   File "/usr/local/lib/python3.13/site-packages/uvicorn/server.py", line 70, in serve
api  |     await self._serve(sockets)
api  |   File "/usr/local/lib/python3.13/site-packages/uvicorn/server.py", line 77, in _serve
api  |     config.load()
api  |     ~~~~~~~~~~~^^
api  |   File "/usr/local/lib/python3.13/site-packages/uvicorn/config.py", line 435, in load
api  |     self.loaded_app = import_from_string(self.app)
api  |                       ~~~~~~~~~~~~~~~~~~^^^^^^^^^^
api  |   File "/usr/local/lib/python3.13/site-packages/uvicorn/importer.py", line 19, in import_from_string
api  |     module = importlib.import_module(module_str)
api  |   File "/usr/local/lib/python3.13/importlib/__init__.py", line 88, in import_module
api  |     return _bootstrap._gcd_import(name[level:], package, level)
api  |            ~~~~~~~~~~~~~~~~~~~~~~^^^^^^^^^^^^^^^^^^^^^^^^^^^^^^
api  |   File "<frozen importlib._bootstrap>", line 1395, in _gcd_import
api  |   File "<frozen importlib._bootstrap>", line 1360, in _find_and_load
api  |   File "<frozen importlib._bootstrap>", line 1331, in _find_and_load_unlocked
api  |   File "<frozen importlib._bootstrap>", line 935, in _load_unlocked
api  |   File "<frozen importlib._bootstrap_external>", line 1023, in exec_module
api  |   File "<frozen importlib._bootstrap>", line 488, in _call_with_frames_removed
api  |   File "/app/app/main.py", line 9, in <module>
api  |     from app.rabbitmq import rabbitmq_publisher
api  | ImportError: cannot import name 'rabbitmq_publisher' from 'app.rabbitmq' (/app/app/rabbitmq.py)
api  | Process SpawnProcess-94:
api  | Traceback (most recent call last):
api  |   File "/usr/local/lib/python3.13/multiprocessing/process.py", line 313, in _bootstrap
api  |     self.run()
api  |     ~~~~~~~~^^
api  |   File "/usr/local/lib/python3.13/multiprocessing/process.py", line 108, in run
api  |     self._target(*self._args, **self._kwargs)
api  |     ~~~~~~~~~~~~^^^^^^^^^^^^^^^^^^^^^^^^^^^^^
api  |   File "/usr/local/lib/python3.13/site-packages/uvicorn/_subprocess.py", line 80, in subprocess_started
api  |     target(sockets=sockets)
api  |     ~~~~~~^^^^^^^^^^^^^^^^^
api  |   File "/usr/local/lib/python3.13/site-packages/uvicorn/supervisors/multiprocess.py", line 63, in target
api  |     return self.real_target(sockets)
api  |            ~~~~~~~~~~~~~~~~^^^^^^^^^
api  |   File "/usr/local/lib/python3.13/site-packages/uvicorn/server.py", line 66, in run
api  |     return asyncio.run(self.serve(sockets=sockets))
api  |            ~~~~~~~~~~~^^^^^^^^^^^^^^^^^^^^^^^^^^^^^
api  |   File "/usr/local/lib/python3.13/asyncio/runners.py", line 195, in run
api  |     return runner.run(main)
api  |            ~~~~~~~~~~^^^^^^
api  |   File "/usr/local/lib/python3.13/asyncio/runners.py", line 118, in run
api  |     return self._loop.run_until_complete(task)
api  |            ~~~~~~~~~~~~~~~~~~~~~~~~~~~~~^^^^^^
api  |   File "uvloop/loop.pyx", line 1518, in uvloop.loop.Loop.run_until_complete
api  |   File "/usr/local/lib/python3.13/site-packages/uvicorn/server.py", line 70, in serve
api  |     await self._serve(sockets)
api  |   File "/usr/local/lib/python3.13/site-packages/uvicorn/server.py", line 77, in _serve
api  |     config.load()
api  |     ~~~~~~~~~~~^^
api  |   File "/usr/local/lib/python3.13/site-packages/uvicorn/config.py", line 435, in load
api  |     self.loaded_app = import_from_string(self.app)
api  |                       ~~~~~~~~~~~~~~~~~~^^^^^^^^^^
api  |   File "/usr/local/lib/python3.13/site-packages/uvicorn/importer.py", line 19, in import_from_string
api  |     module = importlib.import_module(module_str)
api  |   File "/usr/local/lib/python3.13/importlib/__init__.py", line 88, in import_module
api  |     return _bootstrap._gcd_import(name[level:], package, level)
api  |            ~~~~~~~~~~~~~~~~~~~~~~^^^^^^^^^^^^^^^^^^^^^^^^^^^^^^
api  |   File "<frozen importlib._bootstrap>", line 1395, in _gcd_import
api  |   File "<frozen importlib._bootstrap>", line 1360, in _find_and_load
api  |   File "<frozen importlib._bootstrap>", line 1331, in _find_and_load_unlocked
api  |   File "<frozen importlib._bootstrap>", line 935, in _load_unlocked
api  |   File "<frozen importlib._bootstrap_external>", line 1023, in exec_module
api  |   File "<frozen importlib._bootstrap>", line 488, in _call_with_frames_removed
api  |   File "/app/app/main.py", line 9, in <module>
api  |     from app.rabbitmq import rabbitmq_publisher
api  | ImportError: cannot import name 'rabbitmq_publisher' from 'app.rabbitmq' (/app/app/rabbitmq.py)
api  | Process SpawnProcess-95:
api  | Traceback (most recent call last):
api  |   File "/usr/local/lib/python3.13/multiprocessing/process.py", line 313, in _bootstrap
api  |     self.run()
api  |     ~~~~~~~~^^
api  |   File "/usr/local/lib/python3.13/multiprocessing/process.py", line 108, in run
api  |     self._target(*self._args, **self._kwargs)
api  |     ~~~~~~~~~~~~^^^^^^^^^^^^^^^^^^^^^^^^^^^^^
api  |   File "/usr/local/lib/python3.13/site-packages/uvicorn/_subprocess.py", line 80, in subprocess_started
api  |     target(sockets=sockets)
api  |     ~~~~~~^^^^^^^^^^^^^^^^^
api  |   File "/usr/local/lib/python3.13/site-packages/uvicorn/supervisors/multiprocess.py", line 63, in target
api  |     return self.real_target(sockets)
api  |            ~~~~~~~~~~~~~~~~^^^^^^^^^
api  |   File "/usr/local/lib/python3.13/site-packages/uvicorn/server.py", line 66, in run
api  |     return asyncio.run(self.serve(sockets=sockets))
api  |            ~~~~~~~~~~~^^^^^^^^^^^^^^^^^^^^^^^^^^^^^
api  |   File "/usr/local/lib/python3.13/asyncio/runners.py", line 195, in run
api  |     return runner.run(main)
api  |            ~~~~~~~~~~^^^^^^
api  |   File "/usr/local/lib/python3.13/asyncio/runners.py", line 118, in run
api  |     return self._loop.run_until_complete(task)
api  |            ~~~~~~~~~~~~~~~~~~~~~~~~~~~~~^^^^^^
api  |   File "uvloop/loop.pyx", line 1518, in uvloop.loop.Loop.run_until_complete
api  |   File "/usr/local/lib/python3.13/site-packages/uvicorn/server.py", line 70, in serve
api  |     await self._serve(sockets)
api  |   File "/usr/local/lib/python3.13/site-packages/uvicorn/server.py", line 77, in _serve
api  |     config.load()
api  |     ~~~~~~~~~~~^^
api  |   File "/usr/local/lib/python3.13/site-packages/uvicorn/config.py", line 435, in load
api  |     self.loaded_app = import_from_string(self.app)
api  |                       ~~~~~~~~~~~~~~~~~~^^^^^^^^^^
api  |   File "/usr/local/lib/python3.13/site-packages/uvicorn/importer.py", line 19, in import_from_string
api  |     module = importlib.import_module(module_str)
api  |   File "/usr/local/lib/python3.13/importlib/__init__.py", line 88, in import_module
api  |     return _bootstrap._gcd_import(name[level:], package, level)
api  |            ~~~~~~~~~~~~~~~~~~~~~~^^^^^^^^^^^^^^^^^^^^^^^^^^^^^^
api  |   File "<frozen importlib._bootstrap>", line 1395, in _gcd_import
api  |   File "<frozen importlib._bootstrap>", line 1360, in _find_and_load
api  |   File "<frozen importlib._bootstrap>", line 1331, in _find_and_load_unlocked
api  |   File "<frozen importlib._bootstrap>", line 935, in _load_unlocked
api  |   File "<frozen importlib._bootstrap_external>", line 1023, in exec_module
api  |   File "<frozen importlib._bootstrap>", line 488, in _call_with_frames_removed
api  |   File "/app/app/main.py", line 9, in <module>
api  |     from app.rabbitmq import rabbitmq_publisher
api  | ImportError: cannot import name 'rabbitmq_publisher' from 'app.rabbitmq' (/app/app/rabbitmq.py)
api  | INFO:     Waiting for child process [189]
api  | INFO:     Child process [189] died
api  | INFO:     Waiting for child process [190]
api  | INFO:     Child process [190] died
api  | INFO:     Waiting for child process [191]
api  | INFO:     Child process [191] died
api  | INFO:     Waiting for child process [195]
api  | INFO:     Child process [195] died
api  | Process SpawnProcess-99:
api  | Process SpawnProcess-96:
api  | Traceback (most recent call last):
api  | Traceback (most recent call last):
api  |   File "/usr/local/lib/python3.13/multiprocessing/process.py", line 313, in _bootstrap
api  |     self.run()
api  |     ~~~~~~~~^^
api  |   File "/usr/local/lib/python3.13/multiprocessing/process.py", line 108, in run
api  |     self._target(*self._args, **self._kwargs)
api  |     ~~~~~~~~~~~~^^^^^^^^^^^^^^^^^^^^^^^^^^^^^
api  |   File "/usr/local/lib/python3.13/site-packages/uvicorn/_subprocess.py", line 80, in subprocess_started
api  |     target(sockets=sockets)
api  |     ~~~~~~^^^^^^^^^^^^^^^^^
api  |   File "/usr/local/lib/python3.13/site-packages/uvicorn/supervisors/multiprocess.py", line 63, in target
api  |     return self.real_target(sockets)
api  |            ~~~~~~~~~~~~~~~~^^^^^^^^^
api  |   File "/usr/local/lib/python3.13/site-packages/uvicorn/server.py", line 66, in run
api  |     return asyncio.run(self.serve(sockets=sockets))
api  |            ~~~~~~~~~~~^^^^^^^^^^^^^^^^^^^^^^^^^^^^^
api  |   File "/usr/local/lib/python3.13/asyncio/runners.py", line 195, in run
api  |     return runner.run(main)
api  |            ~~~~~~~~~~^^^^^^
api  |   File "/usr/local/lib/python3.13/asyncio/runners.py", line 118, in run
api  |     return self._loop.run_until_complete(task)
api  |            ~~~~~~~~~~~~~~~~~~~~~~~~~~~~~^^^^^^
api  |   File "uvloop/loop.pyx", line 1518, in uvloop.loop.Loop.run_until_complete
api  |   File "/usr/local/lib/python3.13/site-packages/uvicorn/server.py", line 70, in serve
api  |     await self._serve(sockets)
api  |   File "/usr/local/lib/python3.13/site-packages/uvicorn/server.py", line 77, in _serve
api  |     config.load()
api  |     ~~~~~~~~~~~^^
api  |   File "/usr/local/lib/python3.13/site-packages/uvicorn/config.py", line 435, in load
api  |     self.loaded_app = import_from_string(self.app)
api  |                       ~~~~~~~~~~~~~~~~~~^^^^^^^^^^
api  |   File "/usr/local/lib/python3.13/site-packages/uvicorn/importer.py", line 19, in import_from_string
api  |     module = importlib.import_module(module_str)
api  |   File "/usr/local/lib/python3.13/importlib/__init__.py", line 88, in import_module
api  |     return _bootstrap._gcd_import(name[level:], package, level)
api  |            ~~~~~~~~~~~~~~~~~~~~~~^^^^^^^^^^^^^^^^^^^^^^^^^^^^^^
api  |   File "<frozen importlib._bootstrap>", line 1395, in _gcd_import
api  |   File "<frozen importlib._bootstrap>", line 1360, in _find_and_load
api  |   File "<frozen importlib._bootstrap>", line 1331, in _find_and_load_unlocked
api  |   File "<frozen importlib._bootstrap>", line 935, in _load_unlocked
api  |   File "<frozen importlib._bootstrap_external>", line 1023, in exec_module
api  |   File "<frozen importlib._bootstrap>", line 488, in _call_with_frames_removed
api  |   File "/app/app/main.py", line 9, in <module>
api  |     from app.rabbitmq import rabbitmq_publisher
api  | ImportError: cannot import name 'rabbitmq_publisher' from 'app.rabbitmq' (/app/app/rabbitmq.py)
api  | Process SpawnProcess-97:
api  |   File "/usr/local/lib/python3.13/multiprocessing/process.py", line 313, in _bootstrap
api  |     self.run()
api  |     ~~~~~~~~^^
api  |   File "/usr/local/lib/python3.13/multiprocessing/process.py", line 108, in run
api  |     self._target(*self._args, **self._kwargs)
api  |     ~~~~~~~~~~~~^^^^^^^^^^^^^^^^^^^^^^^^^^^^^
api  |   File "/usr/local/lib/python3.13/site-packages/uvicorn/_subprocess.py", line 80, in subprocess_started
api  |     target(sockets=sockets)
api  |     ~~~~~~^^^^^^^^^^^^^^^^^
api  |   File "/usr/local/lib/python3.13/site-packages/uvicorn/supervisors/multiprocess.py", line 63, in target
api  |     return self.real_target(sockets)
api  |            ~~~~~~~~~~~~~~~~^^^^^^^^^
api  |   File "/usr/local/lib/python3.13/site-packages/uvicorn/server.py", line 66, in run
api  |     return asyncio.run(self.serve(sockets=sockets))
api  |            ~~~~~~~~~~~^^^^^^^^^^^^^^^^^^^^^^^^^^^^^
api  |   File "/usr/local/lib/python3.13/asyncio/runners.py", line 195, in run
api  |     return runner.run(main)
api  |            ~~~~~~~~~~^^^^^^
api  |   File "/usr/local/lib/python3.13/asyncio/runners.py", line 118, in run
api  |     return self._loop.run_until_complete(task)
api  |            ~~~~~~~~~~~~~~~~~~~~~~~~~~~~~^^^^^^
api  |   File "uvloop/loop.pyx", line 1518, in uvloop.loop.Loop.run_until_complete
api  |   File "/usr/local/lib/python3.13/site-packages/uvicorn/server.py", line 70, in serve
api  |     await self._serve(sockets)
api  |   File "/usr/local/lib/python3.13/site-packages/uvicorn/server.py", line 77, in _serve
api  |     config.load()
api  |     ~~~~~~~~~~~^^
api  |   File "/usr/local/lib/python3.13/site-packages/uvicorn/config.py", line 435, in load
api  |     self.loaded_app = import_from_string(self.app)
api  |                       ~~~~~~~~~~~~~~~~~~^^^^^^^^^^
api  |   File "/usr/local/lib/python3.13/site-packages/uvicorn/importer.py", line 19, in import_from_string
api  |     module = importlib.import_module(module_str)
api  |   File "/usr/local/lib/python3.13/importlib/__init__.py", line 88, in import_module
api  |     return _bootstrap._gcd_import(name[level:], package, level)
api  |            ~~~~~~~~~~~~~~~~~~~~~~^^^^^^^^^^^^^^^^^^^^^^^^^^^^^^
api  |   File "<frozen importlib._bootstrap>", line 1395, in _gcd_import
api  |   File "<frozen importlib._bootstrap>", line 1360, in _find_and_load
api  |   File "<frozen importlib._bootstrap>", line 1331, in _find_and_load_unlocked
api  |   File "<frozen importlib._bootstrap>", line 935, in _load_unlocked
api  |   File "<frozen importlib._bootstrap_external>", line 1023, in exec_module
api  |   File "<frozen importlib._bootstrap>", line 488, in _call_with_frames_removed
api  |   File "/app/app/main.py", line 9, in <module>
api  |     from app.rabbitmq import rabbitmq_publisher
api  | ImportError: cannot import name 'rabbitmq_publisher' from 'app.rabbitmq' (/app/app/rabbitmq.py)
api  | Traceback (most recent call last):
api  |   File "/usr/local/lib/python3.13/multiprocessing/process.py", line 313, in _bootstrap
api  |     self.run()
api  |     ~~~~~~~~^^
api  |   File "/usr/local/lib/python3.13/multiprocessing/process.py", line 108, in run
api  |     self._target(*self._args, **self._kwargs)
api  |     ~~~~~~~~~~~~^^^^^^^^^^^^^^^^^^^^^^^^^^^^^
api  |   File "/usr/local/lib/python3.13/site-packages/uvicorn/_subprocess.py", line 80, in subprocess_started
api  |     target(sockets=sockets)
api  |     ~~~~~~^^^^^^^^^^^^^^^^^
api  |   File "/usr/local/lib/python3.13/site-packages/uvicorn/supervisors/multiprocess.py", line 63, in target
api  |     return self.real_target(sockets)
api  |            ~~~~~~~~~~~~~~~~^^^^^^^^^
api  |   File "/usr/local/lib/python3.13/site-packages/uvicorn/server.py", line 66, in run
api  |     return asyncio.run(self.serve(sockets=sockets))
api  |            ~~~~~~~~~~~^^^^^^^^^^^^^^^^^^^^^^^^^^^^^
api  |   File "/usr/local/lib/python3.13/asyncio/runners.py", line 195, in run
api  |     return runner.run(main)
api  |            ~~~~~~~~~~^^^^^^
api  |   File "/usr/local/lib/python3.13/asyncio/runners.py", line 118, in run
api  |     return self._loop.run_until_complete(task)
api  |            ~~~~~~~~~~~~~~~~~~~~~~~~~~~~~^^^^^^
api  |   File "uvloop/loop.pyx", line 1518, in uvloop.loop.Loop.run_until_complete
api  |   File "/usr/local/lib/python3.13/site-packages/uvicorn/server.py", line 70, in serve
api  |     await self._serve(sockets)
api  |   File "/usr/local/lib/python3.13/site-packages/uvicorn/server.py", line 77, in _serve
api  |     config.load()
api  |     ~~~~~~~~~~~^^
api  |   File "/usr/local/lib/python3.13/site-packages/uvicorn/config.py", line 435, in load
api  |     self.loaded_app = import_from_string(self.app)
api  |                       ~~~~~~~~~~~~~~~~~~^^^^^^^^^^
api  |   File "/usr/local/lib/python3.13/site-packages/uvicorn/importer.py", line 19, in import_from_string
api  |     module = importlib.import_module(module_str)
api  |   File "/usr/local/lib/python3.13/importlib/__init__.py", line 88, in import_module
api  |     return _bootstrap._gcd_import(name[level:], package, level)
api  |            ~~~~~~~~~~~~~~~~~~~~~~^^^^^^^^^^^^^^^^^^^^^^^^^^^^^^
api  |   File "<frozen importlib._bootstrap>", line 1395, in _gcd_import
api  |   File "<frozen importlib._bootstrap>", line 1360, in _find_and_load
api  |   File "<frozen importlib._bootstrap>", line 1331, in _find_and_load_unlocked
api  |   File "<frozen importlib._bootstrap>", line 935, in _load_unlocked
api  |   File "<frozen importlib._bootstrap_external>", line 1023, in exec_module
api  |   File "<frozen importlib._bootstrap>", line 488, in _call_with_frames_removed
api  |   File "/app/app/main.py", line 9, in <module>
api  |     from app.rabbitmq import rabbitmq_publisher
api  | ImportError: cannot import name 'rabbitmq_publisher' from 'app.rabbitmq' (/app/app/rabbitmq.py)
api  | Process SpawnProcess-98:
api  | Traceback (most recent call last):
api  |   File "/usr/local/lib/python3.13/multiprocessing/process.py", line 313, in _bootstrap
api  |     self.run()
api  |     ~~~~~~~~^^
api  |   File "/usr/local/lib/python3.13/multiprocessing/process.py", line 108, in run
api  |     self._target(*self._args, **self._kwargs)
api  |     ~~~~~~~~~~~~^^^^^^^^^^^^^^^^^^^^^^^^^^^^^
api  |   File "/usr/local/lib/python3.13/site-packages/uvicorn/_subprocess.py", line 80, in subprocess_started
api  |     target(sockets=sockets)
api  |     ~~~~~~^^^^^^^^^^^^^^^^^
api  |   File "/usr/local/lib/python3.13/site-packages/uvicorn/supervisors/multiprocess.py", line 63, in target
api  |     return self.real_target(sockets)
api  |            ~~~~~~~~~~~~~~~~^^^^^^^^^
api  |   File "/usr/local/lib/python3.13/site-packages/uvicorn/server.py", line 66, in run
api  |     return asyncio.run(self.serve(sockets=sockets))
api  |            ~~~~~~~~~~~^^^^^^^^^^^^^^^^^^^^^^^^^^^^^
api  |   File "/usr/local/lib/python3.13/asyncio/runners.py", line 195, in run
api  |     return runner.run(main)
api  |            ~~~~~~~~~~^^^^^^
api  |   File "/usr/local/lib/python3.13/asyncio/runners.py", line 118, in run
api  |     return self._loop.run_until_complete(task)
api  |            ~~~~~~~~~~~~~~~~~~~~~~~~~~~~~^^^^^^
api  |   File "uvloop/loop.pyx", line 1518, in uvloop.loop.Loop.run_until_complete
api  |   File "/usr/local/lib/python3.13/site-packages/uvicorn/server.py", line 70, in serve
api  |     await self._serve(sockets)
api  |   File "/usr/local/lib/python3.13/site-packages/uvicorn/server.py", line 77, in _serve
api  |     config.load()
api  |     ~~~~~~~~~~~^^
api  |   File "/usr/local/lib/python3.13/site-packages/uvicorn/config.py", line 435, in load
api  |     self.loaded_app = import_from_string(self.app)
api  |                       ~~~~~~~~~~~~~~~~~~^^^^^^^^^^
api  |   File "/usr/local/lib/python3.13/site-packages/uvicorn/importer.py", line 19, in import_from_string
api  |     module = importlib.import_module(module_str)
api  |   File "/usr/local/lib/python3.13/importlib/__init__.py", line 88, in import_module
api  |     return _bootstrap._gcd_import(name[level:], package, level)
api  |            ~~~~~~~~~~~~~~~~~~~~~~^^^^^^^^^^^^^^^^^^^^^^^^^^^^^^
api  |   File "<frozen importlib._bootstrap>", line 1395, in _gcd_import
api  |   File "<frozen importlib._bootstrap>", line 1360, in _find_and_load
api  |   File "<frozen importlib._bootstrap>", line 1331, in _find_and_load_unlocked
api  |   File "<frozen importlib._bootstrap>", line 935, in _load_unlocked
api  |   File "<frozen importlib._bootstrap_external>", line 1023, in exec_module
api  |   File "<frozen importlib._bootstrap>", line 488, in _call_with_frames_removed
api  |   File "/app/app/main.py", line 9, in <module>
api  |     from app.rabbitmq import rabbitmq_publisher
api  | ImportError: cannot import name 'rabbitmq_publisher' from 'app.rabbitmq' (/app/app/rabbitmq.py)
api  | INFO:     Waiting for child process [197]
api  | INFO:     Child process [197] died
api  | INFO:     Waiting for child process [198]
api  | INFO:     Child process [198] died
api  | INFO:     Waiting for child process [199]
api  | INFO:     Child process [199] died
api  | INFO:     Waiting for child process [200]
api  | INFO:     Child process [200] died
api  | Process SpawnProcess-101:
api  | Traceback (most recent call last):
api  |   File "/usr/local/lib/python3.13/multiprocessing/process.py", line 313, in _bootstrap
api  |     self.run()
api  |     ~~~~~~~~^^
api  |   File "/usr/local/lib/python3.13/multiprocessing/process.py", line 108, in run
api  |     self._target(*self._args, **self._kwargs)
api  |     ~~~~~~~~~~~~^^^^^^^^^^^^^^^^^^^^^^^^^^^^^
api  |   File "/usr/local/lib/python3.13/site-packages/uvicorn/_subprocess.py", line 80, in subprocess_started
api  |     target(sockets=sockets)
api  |     ~~~~~~^^^^^^^^^^^^^^^^^
api  |   File "/usr/local/lib/python3.13/site-packages/uvicorn/supervisors/multiprocess.py", line 63, in target
api  |     return self.real_target(sockets)
api  |            ~~~~~~~~~~~~~~~~^^^^^^^^^
api  |   File "/usr/local/lib/python3.13/site-packages/uvicorn/server.py", line 66, in run
api  |     return asyncio.run(self.serve(sockets=sockets))
api  |            ~~~~~~~~~~~^^^^^^^^^^^^^^^^^^^^^^^^^^^^^
api  |   File "/usr/local/lib/python3.13/asyncio/runners.py", line 195, in run
api  |     return runner.run(main)
api  |            ~~~~~~~~~~^^^^^^
api  |   File "/usr/local/lib/python3.13/asyncio/runners.py", line 118, in run
api  |     return self._loop.run_until_complete(task)
api  |            ~~~~~~~~~~~~~~~~~~~~~~~~~~~~~^^^^^^
api  |   File "uvloop/loop.pyx", line 1518, in uvloop.loop.Loop.run_until_complete
api  |   File "/usr/local/lib/python3.13/site-packages/uvicorn/server.py", line 70, in serve
api  |     await self._serve(sockets)
api  |   File "/usr/local/lib/python3.13/site-packages/uvicorn/server.py", line 77, in _serve
api  |     config.load()
api  |     ~~~~~~~~~~~^^
api  |   File "/usr/local/lib/python3.13/site-packages/uvicorn/config.py", line 435, in load
api  |     self.loaded_app = import_from_string(self.app)
api  |                       ~~~~~~~~~~~~~~~~~~^^^^^^^^^^
api  |   File "/usr/local/lib/python3.13/site-packages/uvicorn/importer.py", line 19, in import_from_string
api  |     module = importlib.import_module(module_str)
api  |   File "/usr/local/lib/python3.13/importlib/__init__.py", line 88, in import_module
api  |     return _bootstrap._gcd_import(name[level:], package, level)
api  |            ~~~~~~~~~~~~~~~~~~~~~~^^^^^^^^^^^^^^^^^^^^^^^^^^^^^^
api  |   File "<frozen importlib._bootstrap>", line 1395, in _gcd_import
api  |   File "<frozen importlib._bootstrap>", line 1360, in _find_and_load
api  |   File "<frozen importlib._bootstrap>", line 1331, in _find_and_load_unlocked
api  |   File "<frozen importlib._bootstrap>", line 935, in _load_unlocked
api  |   File "<frozen importlib._bootstrap_external>", line 1023, in exec_module
api  |   File "<frozen importlib._bootstrap>", line 488, in _call_with_frames_removed
api  |   File "/app/app/main.py", line 9, in <module>
api  |     from app.rabbitmq import rabbitmq_publisher
api  | ImportError: cannot import name 'rabbitmq_publisher' from 'app.rabbitmq' (/app/app/rabbitmq.py)
api  | Process SpawnProcess-103:
api  | Process SpawnProcess-100:
api  | Traceback (most recent call last):
api  |   File "/usr/local/lib/python3.13/multiprocessing/process.py", line 313, in _bootstrap
api  |     self.run()
api  |     ~~~~~~~~^^
api  |   File "/usr/local/lib/python3.13/multiprocessing/process.py", line 108, in run
api  |     self._target(*self._args, **self._kwargs)
api  |     ~~~~~~~~~~~~^^^^^^^^^^^^^^^^^^^^^^^^^^^^^
api  |   File "/usr/local/lib/python3.13/site-packages/uvicorn/_subprocess.py", line 80, in subprocess_started
api  |     target(sockets=sockets)
api  |     ~~~~~~^^^^^^^^^^^^^^^^^
api  |   File "/usr/local/lib/python3.13/site-packages/uvicorn/supervisors/multiprocess.py", line 63, in target
api  |     return self.real_target(sockets)
api  |            ~~~~~~~~~~~~~~~~^^^^^^^^^
api  |   File "/usr/local/lib/python3.13/site-packages/uvicorn/server.py", line 66, in run
api  |     return asyncio.run(self.serve(sockets=sockets))
api  |            ~~~~~~~~~~~^^^^^^^^^^^^^^^^^^^^^^^^^^^^^
api  |   File "/usr/local/lib/python3.13/asyncio/runners.py", line 195, in run
api  |     return runner.run(main)
api  |            ~~~~~~~~~~^^^^^^
api  |   File "/usr/local/lib/python3.13/asyncio/runners.py", line 118, in run
api  |     return self._loop.run_until_complete(task)
api  |            ~~~~~~~~~~~~~~~~~~~~~~~~~~~~~^^^^^^
api  |   File "uvloop/loop.pyx", line 1518, in uvloop.loop.Loop.run_until_complete
api  |   File "/usr/local/lib/python3.13/site-packages/uvicorn/server.py", line 70, in serve
api  |     await self._serve(sockets)
api  |   File "/usr/local/lib/python3.13/site-packages/uvicorn/server.py", line 77, in _serve
api  |     config.load()
api  |     ~~~~~~~~~~~^^
api  |   File "/usr/local/lib/python3.13/site-packages/uvicorn/config.py", line 435, in load
api  |     self.loaded_app = import_from_string(self.app)
api  |                       ~~~~~~~~~~~~~~~~~~^^^^^^^^^^
api  |   File "/usr/local/lib/python3.13/site-packages/uvicorn/importer.py", line 19, in import_from_string
api  |     module = importlib.import_module(module_str)
api  |   File "/usr/local/lib/python3.13/importlib/__init__.py", line 88, in import_module
api  |     return _bootstrap._gcd_import(name[level:], package, level)
api  |            ~~~~~~~~~~~~~~~~~~~~~~^^^^^^^^^^^^^^^^^^^^^^^^^^^^^^
api  |   File "<frozen importlib._bootstrap>", line 1395, in _gcd_import
api  |   File "<frozen importlib._bootstrap>", line 1360, in _find_and_load
api  |   File "<frozen importlib._bootstrap>", line 1331, in _find_and_load_unlocked
api  |   File "<frozen importlib._bootstrap>", line 935, in _load_unlocked
api  |   File "<frozen importlib._bootstrap_external>", line 1023, in exec_module
api  |   File "<frozen importlib._bootstrap>", line 488, in _call_with_frames_removed
api  |   File "/app/app/main.py", line 9, in <module>
api  |     from app.rabbitmq import rabbitmq_publisher
api  | ImportError: cannot import name 'rabbitmq_publisher' from 'app.rabbitmq' (/app/app/rabbitmq.py)
api  | Traceback (most recent call last):
api  | Process SpawnProcess-102:
api  |   File "/usr/local/lib/python3.13/multiprocessing/process.py", line 313, in _bootstrap
api  |     self.run()
api  |     ~~~~~~~~^^
api  |   File "/usr/local/lib/python3.13/multiprocessing/process.py", line 108, in run
api  |     self._target(*self._args, **self._kwargs)
api  |     ~~~~~~~~~~~~^^^^^^^^^^^^^^^^^^^^^^^^^^^^^
api  |   File "/usr/local/lib/python3.13/site-packages/uvicorn/_subprocess.py", line 80, in subprocess_started
api  |     target(sockets=sockets)
api  |     ~~~~~~^^^^^^^^^^^^^^^^^
api  |   File "/usr/local/lib/python3.13/site-packages/uvicorn/supervisors/multiprocess.py", line 63, in target
api  |     return self.real_target(sockets)
api  |            ~~~~~~~~~~~~~~~~^^^^^^^^^
api  |   File "/usr/local/lib/python3.13/site-packages/uvicorn/server.py", line 66, in run
api  |     return asyncio.run(self.serve(sockets=sockets))
api  |            ~~~~~~~~~~~^^^^^^^^^^^^^^^^^^^^^^^^^^^^^
api  |   File "/usr/local/lib/python3.13/asyncio/runners.py", line 195, in run
api  |     return runner.run(main)
api  |            ~~~~~~~~~~^^^^^^
api  |   File "/usr/local/lib/python3.13/asyncio/runners.py", line 118, in run
api  |     return self._loop.run_until_complete(task)
api  |            ~~~~~~~~~~~~~~~~~~~~~~~~~~~~~^^^^^^
api  |   File "uvloop/loop.pyx", line 1518, in uvloop.loop.Loop.run_until_complete
api  |   File "/usr/local/lib/python3.13/site-packages/uvicorn/server.py", line 70, in serve
api  |     await self._serve(sockets)
api  |   File "/usr/local/lib/python3.13/site-packages/uvicorn/server.py", line 77, in _serve
api  |     config.load()
api  |     ~~~~~~~~~~~^^
api  |   File "/usr/local/lib/python3.13/site-packages/uvicorn/config.py", line 435, in load
api  |     self.loaded_app = import_from_string(self.app)
api  |                       ~~~~~~~~~~~~~~~~~~^^^^^^^^^^
api  |   File "/usr/local/lib/python3.13/site-packages/uvicorn/importer.py", line 19, in import_from_string
api  |     module = importlib.import_module(module_str)
api  |   File "/usr/local/lib/python3.13/importlib/__init__.py", line 88, in import_module
api  |     return _bootstrap._gcd_import(name[level:], package, level)
api  |            ~~~~~~~~~~~~~~~~~~~~~~^^^^^^^^^^^^^^^^^^^^^^^^^^^^^^
api  |   File "<frozen importlib._bootstrap>", line 1395, in _gcd_import
api  |   File "<frozen importlib._bootstrap>", line 1360, in _find_and_load
api  |   File "<frozen importlib._bootstrap>", line 1331, in _find_and_load_unlocked
api  |   File "<frozen importlib._bootstrap>", line 935, in _load_unlocked
api  |   File "<frozen importlib._bootstrap_external>", line 1023, in exec_module
api  |   File "<frozen importlib._bootstrap>", line 488, in _call_with_frames_removed
api  |   File "/app/app/main.py", line 9, in <module>
api  |     from app.rabbitmq import rabbitmq_publisher
api  | ImportError: cannot import name 'rabbitmq_publisher' from 'app.rabbitmq' (/app/app/rabbitmq.py)
api  | Traceback (most recent call last):
api  |   File "/usr/local/lib/python3.13/multiprocessing/process.py", line 313, in _bootstrap
api  |     self.run()
api  |     ~~~~~~~~^^
api  |   File "/usr/local/lib/python3.13/multiprocessing/process.py", line 108, in run
api  |     self._target(*self._args, **self._kwargs)
api  |     ~~~~~~~~~~~~^^^^^^^^^^^^^^^^^^^^^^^^^^^^^
api  |   File "/usr/local/lib/python3.13/site-packages/uvicorn/_subprocess.py", line 80, in subprocess_started
api  |     target(sockets=sockets)
api  |     ~~~~~~^^^^^^^^^^^^^^^^^
api  |   File "/usr/local/lib/python3.13/site-packages/uvicorn/supervisors/multiprocess.py", line 63, in target
api  |     return self.real_target(sockets)
api  |            ~~~~~~~~~~~~~~~~^^^^^^^^^
api  |   File "/usr/local/lib/python3.13/site-packages/uvicorn/server.py", line 66, in run
api  |     return asyncio.run(self.serve(sockets=sockets))
api  |            ~~~~~~~~~~~^^^^^^^^^^^^^^^^^^^^^^^^^^^^^
api  |   File "/usr/local/lib/python3.13/asyncio/runners.py", line 195, in run
api  |     return runner.run(main)
api  |            ~~~~~~~~~~^^^^^^
api  |   File "/usr/local/lib/python3.13/asyncio/runners.py", line 118, in run
api  |     return self._loop.run_until_complete(task)
api  |            ~~~~~~~~~~~~~~~~~~~~~~~~~~~~~^^^^^^
api  |   File "uvloop/loop.pyx", line 1518, in uvloop.loop.Loop.run_until_complete
api  |   File "/usr/local/lib/python3.13/site-packages/uvicorn/server.py", line 70, in serve
api  |     await self._serve(sockets)
api  |   File "/usr/local/lib/python3.13/site-packages/uvicorn/server.py", line 77, in _serve
api  |     config.load()
api  |     ~~~~~~~~~~~^^
api  |   File "/usr/local/lib/python3.13/site-packages/uvicorn/config.py", line 435, in load
api  |     self.loaded_app = import_from_string(self.app)
api  |                       ~~~~~~~~~~~~~~~~~~^^^^^^^^^^
api  |   File "/usr/local/lib/python3.13/site-packages/uvicorn/importer.py", line 19, in import_from_string
api  |     module = importlib.import_module(module_str)
api  |   File "/usr/local/lib/python3.13/importlib/__init__.py", line 88, in import_module
api  |     return _bootstrap._gcd_import(name[level:], package, level)
api  |            ~~~~~~~~~~~~~~~~~~~~~~^^^^^^^^^^^^^^^^^^^^^^^^^^^^^^
api  |   File "<frozen importlib._bootstrap>", line 1395, in _gcd_import
api  |   File "<frozen importlib._bootstrap>", line 1360, in _find_and_load
api  |   File "<frozen importlib._bootstrap>", line 1331, in _find_and_load_unlocked
api  |   File "<frozen importlib._bootstrap>", line 935, in _load_unlocked
api  |   File "<frozen importlib._bootstrap_external>", line 1023, in exec_module
api  |   File "<frozen importlib._bootstrap>", line 488, in _call_with_frames_removed
api  |   File "/app/app/main.py", line 9, in <module>
api  |     from app.rabbitmq import rabbitmq_publisher
api  | ImportError: cannot import name 'rabbitmq_publisher' from 'app.rabbitmq' (/app/app/rabbitmq.py)
api  | INFO:     Waiting for child process [205]
api  | INFO:     Child process [205] died
api  | INFO:     Waiting for child process [206]
api  | INFO:     Child process [206] died
api  | INFO:     Waiting for child process [207]
api  | INFO:     Child process [207] died
api  | INFO:     Waiting for child process [208]
api  | INFO:     Child process [208] died
api  | Process SpawnProcess-106:
api  | Traceback (most recent call last):
api  | Process SpawnProcess-104:
api  |   File "/usr/local/lib/python3.13/multiprocessing/process.py", line 313, in _bootstrap
api  |     self.run()
api  |     ~~~~~~~~^^
api  |   File "/usr/local/lib/python3.13/multiprocessing/process.py", line 108, in run
api  |     self._target(*self._args, **self._kwargs)
api  |     ~~~~~~~~~~~~^^^^^^^^^^^^^^^^^^^^^^^^^^^^^
api  |   File "/usr/local/lib/python3.13/site-packages/uvicorn/_subprocess.py", line 80, in subprocess_started
api  |     target(sockets=sockets)
api  |     ~~~~~~^^^^^^^^^^^^^^^^^
api  |   File "/usr/local/lib/python3.13/site-packages/uvicorn/supervisors/multiprocess.py", line 63, in target
api  |     return self.real_target(sockets)
api  |            ~~~~~~~~~~~~~~~~^^^^^^^^^
api  |   File "/usr/local/lib/python3.13/site-packages/uvicorn/server.py", line 66, in run
api  |     return asyncio.run(self.serve(sockets=sockets))
api  |            ~~~~~~~~~~~^^^^^^^^^^^^^^^^^^^^^^^^^^^^^
api  |   File "/usr/local/lib/python3.13/asyncio/runners.py", line 195, in run
api  |     return runner.run(main)
api  |            ~~~~~~~~~~^^^^^^
api  |   File "/usr/local/lib/python3.13/asyncio/runners.py", line 118, in run
api  |     return self._loop.run_until_complete(task)
api  |            ~~~~~~~~~~~~~~~~~~~~~~~~~~~~~^^^^^^
api  |   File "uvloop/loop.pyx", line 1518, in uvloop.loop.Loop.run_until_complete
api  |   File "/usr/local/lib/python3.13/site-packages/uvicorn/server.py", line 70, in serve
api  |     await self._serve(sockets)
api  |   File "/usr/local/lib/python3.13/site-packages/uvicorn/server.py", line 77, in _serve
api  |     config.load()
api  |     ~~~~~~~~~~~^^
api  |   File "/usr/local/lib/python3.13/site-packages/uvicorn/config.py", line 435, in load
api  |     self.loaded_app = import_from_string(self.app)
api  |                       ~~~~~~~~~~~~~~~~~~^^^^^^^^^^
api  |   File "/usr/local/lib/python3.13/site-packages/uvicorn/importer.py", line 19, in import_from_string
api  |     module = importlib.import_module(module_str)
api  |   File "/usr/local/lib/python3.13/importlib/__init__.py", line 88, in import_module
api  |     return _bootstrap._gcd_import(name[level:], package, level)
api  |            ~~~~~~~~~~~~~~~~~~~~~~^^^^^^^^^^^^^^^^^^^^^^^^^^^^^^
api  |   File "<frozen importlib._bootstrap>", line 1395, in _gcd_import
api  |   File "<frozen importlib._bootstrap>", line 1360, in _find_and_load
api  |   File "<frozen importlib._bootstrap>", line 1331, in _find_and_load_unlocked
api  |   File "<frozen importlib._bootstrap>", line 935, in _load_unlocked
api  |   File "<frozen importlib._bootstrap_external>", line 1023, in exec_module
api  |   File "<frozen importlib._bootstrap>", line 488, in _call_with_frames_removed
api  |   File "/app/app/main.py", line 9, in <module>
api  |     from app.rabbitmq import rabbitmq_publisher
api  | ImportError: cannot import name 'rabbitmq_publisher' from 'app.rabbitmq' (/app/app/rabbitmq.py)
api  | Process SpawnProcess-105:
api  | Process SpawnProcess-107:
api  | Traceback (most recent call last):
api  |   File "/usr/local/lib/python3.13/multiprocessing/process.py", line 313, in _bootstrap
api  |     self.run()
api  |     ~~~~~~~~^^
api  |   File "/usr/local/lib/python3.13/multiprocessing/process.py", line 108, in run
api  |     self._target(*self._args, **self._kwargs)
api  |     ~~~~~~~~~~~~^^^^^^^^^^^^^^^^^^^^^^^^^^^^^
api  |   File "/usr/local/lib/python3.13/site-packages/uvicorn/_subprocess.py", line 80, in subprocess_started
api  |     target(sockets=sockets)
api  |     ~~~~~~^^^^^^^^^^^^^^^^^
api  |   File "/usr/local/lib/python3.13/site-packages/uvicorn/supervisors/multiprocess.py", line 63, in target
api  |     return self.real_target(sockets)
api  |            ~~~~~~~~~~~~~~~~^^^^^^^^^
api  |   File "/usr/local/lib/python3.13/site-packages/uvicorn/server.py", line 66, in run
api  |     return asyncio.run(self.serve(sockets=sockets))
api  |            ~~~~~~~~~~~^^^^^^^^^^^^^^^^^^^^^^^^^^^^^
api  |   File "/usr/local/lib/python3.13/asyncio/runners.py", line 195, in run
api  |     return runner.run(main)
api  |            ~~~~~~~~~~^^^^^^
api  |   File "/usr/local/lib/python3.13/asyncio/runners.py", line 118, in run
api  |     return self._loop.run_until_complete(task)
api  |            ~~~~~~~~~~~~~~~~~~~~~~~~~~~~~^^^^^^
api  |   File "uvloop/loop.pyx", line 1518, in uvloop.loop.Loop.run_until_complete
api  |   File "/usr/local/lib/python3.13/site-packages/uvicorn/server.py", line 70, in serve
api  |     await self._serve(sockets)
api  |   File "/usr/local/lib/python3.13/site-packages/uvicorn/server.py", line 77, in _serve
api  |     config.load()
api  |     ~~~~~~~~~~~^^
api  |   File "/usr/local/lib/python3.13/site-packages/uvicorn/config.py", line 435, in load
api  |     self.loaded_app = import_from_string(self.app)
api  |                       ~~~~~~~~~~~~~~~~~~^^^^^^^^^^
api  |   File "/usr/local/lib/python3.13/site-packages/uvicorn/importer.py", line 19, in import_from_string
api  |     module = importlib.import_module(module_str)
api  |   File "/usr/local/lib/python3.13/importlib/__init__.py", line 88, in import_module
api  |     return _bootstrap._gcd_import(name[level:], package, level)
api  |            ~~~~~~~~~~~~~~~~~~~~~~^^^^^^^^^^^^^^^^^^^^^^^^^^^^^^
api  |   File "<frozen importlib._bootstrap>", line 1395, in _gcd_import
api  |   File "<frozen importlib._bootstrap>", line 1360, in _find_and_load
api  |   File "<frozen importlib._bootstrap>", line 1331, in _find_and_load_unlocked
api  |   File "<frozen importlib._bootstrap>", line 935, in _load_unlocked
api  |   File "<frozen importlib._bootstrap_external>", line 1023, in exec_module
api  |   File "<frozen importlib._bootstrap>", line 488, in _call_with_frames_removed
api  |   File "/app/app/main.py", line 9, in <module>
api  |     from app.rabbitmq import rabbitmq_publisher
api  | ImportError: cannot import name 'rabbitmq_publisher' from 'app.rabbitmq' (/app/app/rabbitmq.py)
api  | Traceback (most recent call last):
api  | Traceback (most recent call last):
api  |   File "/usr/local/lib/python3.13/multiprocessing/process.py", line 313, in _bootstrap
api  |     self.run()
api  |     ~~~~~~~~^^
api  |   File "/usr/local/lib/python3.13/multiprocessing/process.py", line 108, in run
api  |     self._target(*self._args, **self._kwargs)
api  |     ~~~~~~~~~~~~^^^^^^^^^^^^^^^^^^^^^^^^^^^^^
api  |   File "/usr/local/lib/python3.13/site-packages/uvicorn/_subprocess.py", line 80, in subprocess_started
api  |     target(sockets=sockets)
api  |     ~~~~~~^^^^^^^^^^^^^^^^^
api  |   File "/usr/local/lib/python3.13/multiprocessing/process.py", line 313, in _bootstrap
api  |     self.run()
api  |     ~~~~~~~~^^
api  |   File "/usr/local/lib/python3.13/multiprocessing/process.py", line 108, in run
api  |     self._target(*self._args, **self._kwargs)
api  |     ~~~~~~~~~~~~^^^^^^^^^^^^^^^^^^^^^^^^^^^^^
api  |   File "/usr/local/lib/python3.13/site-packages/uvicorn/_subprocess.py", line 80, in subprocess_started
api  |     target(sockets=sockets)
api  |     ~~~~~~^^^^^^^^^^^^^^^^^
api  |   File "/usr/local/lib/python3.13/site-packages/uvicorn/supervisors/multiprocess.py", line 63, in target
api  |     return self.real_target(sockets)
api  |            ~~~~~~~~~~~~~~~~^^^^^^^^^
api  |   File "/usr/local/lib/python3.13/site-packages/uvicorn/server.py", line 66, in run
api  |     return asyncio.run(self.serve(sockets=sockets))
api  |            ~~~~~~~~~~~^^^^^^^^^^^^^^^^^^^^^^^^^^^^^
api  |   File "/usr/local/lib/python3.13/asyncio/runners.py", line 195, in run
api  |     return runner.run(main)
api  |            ~~~~~~~~~~^^^^^^
api  |   File "/usr/local/lib/python3.13/asyncio/runners.py", line 118, in run
api  |     return self._loop.run_until_complete(task)
api  |            ~~~~~~~~~~~~~~~~~~~~~~~~~~~~~^^^^^^
api  |   File "uvloop/loop.pyx", line 1518, in uvloop.loop.Loop.run_until_complete
api  |   File "/usr/local/lib/python3.13/site-packages/uvicorn/server.py", line 70, in serve
api  |     await self._serve(sockets)
api  |   File "/usr/local/lib/python3.13/site-packages/uvicorn/server.py", line 77, in _serve
api  |     config.load()
api  |     ~~~~~~~~~~~^^
api  |   File "/usr/local/lib/python3.13/site-packages/uvicorn/config.py", line 435, in load
api  |     self.loaded_app = import_from_string(self.app)
api  |                       ~~~~~~~~~~~~~~~~~~^^^^^^^^^^
api  |   File "/usr/local/lib/python3.13/site-packages/uvicorn/importer.py", line 19, in import_from_string
api  |     module = importlib.import_module(module_str)
api  |   File "/usr/local/lib/python3.13/importlib/__init__.py", line 88, in import_module
api  |     return _bootstrap._gcd_import(name[level:], package, level)
api  |            ~~~~~~~~~~~~~~~~~~~~~~^^^^^^^^^^^^^^^^^^^^^^^^^^^^^^
api  |   File "<frozen importlib._bootstrap>", line 1395, in _gcd_import
api  |   File "<frozen importlib._bootstrap>", line 1360, in _find_and_load
api  |   File "<frozen importlib._bootstrap>", line 1331, in _find_and_load_unlocked
api  |   File "<frozen importlib._bootstrap>", line 935, in _load_unlocked
api  |   File "<frozen importlib._bootstrap_external>", line 1023, in exec_module
api  |   File "<frozen importlib._bootstrap>", line 488, in _call_with_frames_removed
api  |   File "/app/app/main.py", line 9, in <module>
api  |     from app.rabbitmq import rabbitmq_publisher
api  | ImportError: cannot import name 'rabbitmq_publisher' from 'app.rabbitmq' (/app/app/rabbitmq.py)
api  |   File "/usr/local/lib/python3.13/site-packages/uvicorn/supervisors/multiprocess.py", line 63, in target
api  |     return self.real_target(sockets)
api  |            ~~~~~~~~~~~~~~~~^^^^^^^^^
api  |   File "/usr/local/lib/python3.13/site-packages/uvicorn/server.py", line 66, in run
api  |     return asyncio.run(self.serve(sockets=sockets))
api  |            ~~~~~~~~~~~^^^^^^^^^^^^^^^^^^^^^^^^^^^^^
api  |   File "/usr/local/lib/python3.13/asyncio/runners.py", line 195, in run
api  |     return runner.run(main)
api  |            ~~~~~~~~~~^^^^^^
api  |   File "/usr/local/lib/python3.13/asyncio/runners.py", line 118, in run
api  |     return self._loop.run_until_complete(task)
api  |            ~~~~~~~~~~~~~~~~~~~~~~~~~~~~~^^^^^^
api  |   File "uvloop/loop.pyx", line 1518, in uvloop.loop.Loop.run_until_complete
api  |   File "/usr/local/lib/python3.13/site-packages/uvicorn/server.py", line 70, in serve
api  |     await self._serve(sockets)
api  |   File "/usr/local/lib/python3.13/site-packages/uvicorn/server.py", line 77, in _serve
api  |     config.load()
api  |     ~~~~~~~~~~~^^
api  |   File "/usr/local/lib/python3.13/site-packages/uvicorn/config.py", line 435, in load
api  |     self.loaded_app = import_from_string(self.app)
api  |                       ~~~~~~~~~~~~~~~~~~^^^^^^^^^^
api  |   File "/usr/local/lib/python3.13/site-packages/uvicorn/importer.py", line 19, in import_from_string
api  |     module = importlib.import_module(module_str)
api  |   File "/usr/local/lib/python3.13/importlib/__init__.py", line 88, in import_module
api  |     return _bootstrap._gcd_import(name[level:], package, level)
api  |            ~~~~~~~~~~~~~~~~~~~~~~^^^^^^^^^^^^^^^^^^^^^^^^^^^^^^
api  |   File "<frozen importlib._bootstrap>", line 1395, in _gcd_import
api  |   File "<frozen importlib._bootstrap>", line 1360, in _find_and_load
api  |   File "<frozen importlib._bootstrap>", line 1331, in _find_and_load_unlocked
api  |   File "<frozen importlib._bootstrap>", line 935, in _load_unlocked
api  |   File "<frozen importlib._bootstrap_external>", line 1023, in exec_module
api  |   File "<frozen importlib._bootstrap>", line 488, in _call_with_frames_removed
api  |   File "/app/app/main.py", line 9, in <module>
api  |     from app.rabbitmq import rabbitmq_publisher
api  | ImportError: cannot import name 'rabbitmq_publisher' from 'app.rabbitmq' (/app/app/rabbitmq.py)
api  | INFO:     Waiting for child process [213]
api  | INFO:     Child process [213] died
api  | INFO:     Waiting for child process [214]
api  | INFO:     Child process [214] died
api  | INFO:     Waiting for child process [215]
api  | INFO:     Child process [215] died
api  | INFO:     Waiting for child process [216]
api  | INFO:     Child process [216] died
api  | Process SpawnProcess-109:
api  | Traceback (most recent call last):
api  |   File "/usr/local/lib/python3.13/multiprocessing/process.py", line 313, in _bootstrap
api  |     self.run()
api  |     ~~~~~~~~^^
api  |   File "/usr/local/lib/python3.13/multiprocessing/process.py", line 108, in run
api  |     self._target(*self._args, **self._kwargs)
api  |     ~~~~~~~~~~~~^^^^^^^^^^^^^^^^^^^^^^^^^^^^^
api  |   File "/usr/local/lib/python3.13/site-packages/uvicorn/_subprocess.py", line 80, in subprocess_started
api  |     target(sockets=sockets)
api  |     ~~~~~~^^^^^^^^^^^^^^^^^
api  |   File "/usr/local/lib/python3.13/site-packages/uvicorn/supervisors/multiprocess.py", line 63, in target
api  |     return self.real_target(sockets)
api  |            ~~~~~~~~~~~~~~~~^^^^^^^^^
api  |   File "/usr/local/lib/python3.13/site-packages/uvicorn/server.py", line 66, in run
api  |     return asyncio.run(self.serve(sockets=sockets))
api  |            ~~~~~~~~~~~^^^^^^^^^^^^^^^^^^^^^^^^^^^^^
api  |   File "/usr/local/lib/python3.13/asyncio/runners.py", line 195, in run
api  |     return runner.run(main)
api  |            ~~~~~~~~~~^^^^^^
api  |   File "/usr/local/lib/python3.13/asyncio/runners.py", line 118, in run
api  |     return self._loop.run_until_complete(task)
api  |            ~~~~~~~~~~~~~~~~~~~~~~~~~~~~~^^^^^^
api  |   File "uvloop/loop.pyx", line 1518, in uvloop.loop.Loop.run_until_complete
api  |   File "/usr/local/lib/python3.13/site-packages/uvicorn/server.py", line 70, in serve
api  |     await self._serve(sockets)
api  |   File "/usr/local/lib/python3.13/site-packages/uvicorn/server.py", line 77, in _serve
api  |     config.load()
api  |     ~~~~~~~~~~~^^
api  |   File "/usr/local/lib/python3.13/site-packages/uvicorn/config.py", line 435, in load
api  |     self.loaded_app = import_from_string(self.app)
api  |                       ~~~~~~~~~~~~~~~~~~^^^^^^^^^^
api  |   File "/usr/local/lib/python3.13/site-packages/uvicorn/importer.py", line 19, in import_from_string
api  |     module = importlib.import_module(module_str)
api  |   File "/usr/local/lib/python3.13/importlib/__init__.py", line 88, in import_module
api  |     return _bootstrap._gcd_import(name[level:], package, level)
api  |            ~~~~~~~~~~~~~~~~~~~~~~^^^^^^^^^^^^^^^^^^^^^^^^^^^^^^
api  |   File "<frozen importlib._bootstrap>", line 1395, in _gcd_import
api  |   File "<frozen importlib._bootstrap>", line 1360, in _find_and_load
api  |   File "<frozen importlib._bootstrap>", line 1331, in _find_and_load_unlocked
api  |   File "<frozen importlib._bootstrap>", line 935, in _load_unlocked
api  |   File "<frozen importlib._bootstrap_external>", line 1023, in exec_module
api  |   File "<frozen importlib._bootstrap>", line 488, in _call_with_frames_removed
api  |   File "/app/app/main.py", line 9, in <module>
api  |     from app.rabbitmq import rabbitmq_publisher
api  | ImportError: cannot import name 'rabbitmq_publisher' from 'app.rabbitmq' (/app/app/rabbitmq.py)
api  | Process SpawnProcess-108:
api  | Traceback (most recent call last):
api  |   File "/usr/local/lib/python3.13/multiprocessing/process.py", line 313, in _bootstrap
api  |     self.run()
api  |     ~~~~~~~~^^
api  |   File "/usr/local/lib/python3.13/multiprocessing/process.py", line 108, in run
api  |     self._target(*self._args, **self._kwargs)
api  |     ~~~~~~~~~~~~^^^^^^^^^^^^^^^^^^^^^^^^^^^^^
api  |   File "/usr/local/lib/python3.13/site-packages/uvicorn/_subprocess.py", line 80, in subprocess_started
api  |     target(sockets=sockets)
api  |     ~~~~~~^^^^^^^^^^^^^^^^^
api  |   File "/usr/local/lib/python3.13/site-packages/uvicorn/supervisors/multiprocess.py", line 63, in target
api  |     return self.real_target(sockets)
api  |            ~~~~~~~~~~~~~~~~^^^^^^^^^
api  |   File "/usr/local/lib/python3.13/site-packages/uvicorn/server.py", line 66, in run
api  |     return asyncio.run(self.serve(sockets=sockets))
api  |            ~~~~~~~~~~~^^^^^^^^^^^^^^^^^^^^^^^^^^^^^
api  |   File "/usr/local/lib/python3.13/asyncio/runners.py", line 195, in run
api  |     return runner.run(main)
api  |            ~~~~~~~~~~^^^^^^
api  |   File "/usr/local/lib/python3.13/asyncio/runners.py", line 118, in run
api  |     return self._loop.run_until_complete(task)
api  |            ~~~~~~~~~~~~~~~~~~~~~~~~~~~~~^^^^^^
api  |   File "uvloop/loop.pyx", line 1518, in uvloop.loop.Loop.run_until_complete
api  |   File "/usr/local/lib/python3.13/site-packages/uvicorn/server.py", line 70, in serve
api  |     await self._serve(sockets)
api  |   File "/usr/local/lib/python3.13/site-packages/uvicorn/server.py", line 77, in _serve
api  |     config.load()
api  |     ~~~~~~~~~~~^^
api  |   File "/usr/local/lib/python3.13/site-packages/uvicorn/config.py", line 435, in load
api  |     self.loaded_app = import_from_string(self.app)
api  |                       ~~~~~~~~~~~~~~~~~~^^^^^^^^^^
api  |   File "/usr/local/lib/python3.13/site-packages/uvicorn/importer.py", line 19, in import_from_string
api  |     module = importlib.import_module(module_str)
api  |   File "/usr/local/lib/python3.13/importlib/__init__.py", line 88, in import_module
api  |     return _bootstrap._gcd_import(name[level:], package, level)
api  |            ~~~~~~~~~~~~~~~~~~~~~~^^^^^^^^^^^^^^^^^^^^^^^^^^^^^^
api  |   File "<frozen importlib._bootstrap>", line 1395, in _gcd_import
api  |   File "<frozen importlib._bootstrap>", line 1360, in _find_and_load
api  |   File "<frozen importlib._bootstrap>", line 1331, in _find_and_load_unlocked
api  |   File "<frozen importlib._bootstrap>", line 935, in _load_unlocked
api  |   File "<frozen importlib._bootstrap_external>", line 1023, in exec_module
api  |   File "<frozen importlib._bootstrap>", line 488, in _call_with_frames_removed
api  |   File "/app/app/main.py", line 9, in <module>
api  |     from app.rabbitmq import rabbitmq_publisher
api  | ImportError: cannot import name 'rabbitmq_publisher' from 'app.rabbitmq' (/app/app/rabbitmq.py)
api  | Process SpawnProcess-110:
api  | Process SpawnProcess-111:
api  | Traceback (most recent call last):
api  |   File "/usr/local/lib/python3.13/multiprocessing/process.py", line 313, in _bootstrap
api  |     self.run()
api  |     ~~~~~~~~^^
api  |   File "/usr/local/lib/python3.13/multiprocessing/process.py", line 108, in run
api  |     self._target(*self._args, **self._kwargs)
api  |     ~~~~~~~~~~~~^^^^^^^^^^^^^^^^^^^^^^^^^^^^^
api  |   File "/usr/local/lib/python3.13/site-packages/uvicorn/_subprocess.py", line 80, in subprocess_started
api  |     target(sockets=sockets)
api  |     ~~~~~~^^^^^^^^^^^^^^^^^
api  |   File "/usr/local/lib/python3.13/site-packages/uvicorn/supervisors/multiprocess.py", line 63, in target
api  |     return self.real_target(sockets)
api  |            ~~~~~~~~~~~~~~~~^^^^^^^^^
api  |   File "/usr/local/lib/python3.13/site-packages/uvicorn/server.py", line 66, in run
api  |     return asyncio.run(self.serve(sockets=sockets))
api  |            ~~~~~~~~~~~^^^^^^^^^^^^^^^^^^^^^^^^^^^^^
api  |   File "/usr/local/lib/python3.13/asyncio/runners.py", line 195, in run
api  |     return runner.run(main)
api  |            ~~~~~~~~~~^^^^^^
api  |   File "/usr/local/lib/python3.13/asyncio/runners.py", line 118, in run
api  |     return self._loop.run_until_complete(task)
api  |            ~~~~~~~~~~~~~~~~~~~~~~~~~~~~~^^^^^^
api  |   File "uvloop/loop.pyx", line 1518, in uvloop.loop.Loop.run_until_complete
api  |   File "/usr/local/lib/python3.13/site-packages/uvicorn/server.py", line 70, in serve
api  |     await self._serve(sockets)
api  |   File "/usr/local/lib/python3.13/site-packages/uvicorn/server.py", line 77, in _serve
api  |     config.load()
api  |     ~~~~~~~~~~~^^
api  |   File "/usr/local/lib/python3.13/site-packages/uvicorn/config.py", line 435, in load
api  |     self.loaded_app = import_from_string(self.app)
api  |                       ~~~~~~~~~~~~~~~~~~^^^^^^^^^^
api  |   File "/usr/local/lib/python3.13/site-packages/uvicorn/importer.py", line 19, in import_from_string
api  |     module = importlib.import_module(module_str)
api  |   File "/usr/local/lib/python3.13/importlib/__init__.py", line 88, in import_module
api  |     return _bootstrap._gcd_import(name[level:], package, level)
api  |            ~~~~~~~~~~~~~~~~~~~~~~^^^^^^^^^^^^^^^^^^^^^^^^^^^^^^
api  |   File "<frozen importlib._bootstrap>", line 1395, in _gcd_import
api  |   File "<frozen importlib._bootstrap>", line 1360, in _find_and_load
api  |   File "<frozen importlib._bootstrap>", line 1331, in _find_and_load_unlocked
api  |   File "<frozen importlib._bootstrap>", line 935, in _load_unlocked
api  |   File "<frozen importlib._bootstrap_external>", line 1023, in exec_module
api  |   File "<frozen importlib._bootstrap>", line 488, in _call_with_frames_removed
api  |   File "/app/app/main.py", line 9, in <module>
api  |     from app.rabbitmq import rabbitmq_publisher
api  | ImportError: cannot import name 'rabbitmq_publisher' from 'app.rabbitmq' (/app/app/rabbitmq.py)
api  | Traceback (most recent call last):
api  |   File "/usr/local/lib/python3.13/multiprocessing/process.py", line 313, in _bootstrap
api  |     self.run()
api  |     ~~~~~~~~^^
api  |   File "/usr/local/lib/python3.13/multiprocessing/process.py", line 108, in run
api  |     self._target(*self._args, **self._kwargs)
api  |     ~~~~~~~~~~~~^^^^^^^^^^^^^^^^^^^^^^^^^^^^^
api  |   File "/usr/local/lib/python3.13/site-packages/uvicorn/_subprocess.py", line 80, in subprocess_started
api  |     target(sockets=sockets)
api  |     ~~~~~~^^^^^^^^^^^^^^^^^
api  |   File "/usr/local/lib/python3.13/site-packages/uvicorn/supervisors/multiprocess.py", line 63, in target
api  |     return self.real_target(sockets)
api  |            ~~~~~~~~~~~~~~~~^^^^^^^^^
api  |   File "/usr/local/lib/python3.13/site-packages/uvicorn/server.py", line 66, in run
api  |     return asyncio.run(self.serve(sockets=sockets))
api  |            ~~~~~~~~~~~^^^^^^^^^^^^^^^^^^^^^^^^^^^^^
api  |   File "/usr/local/lib/python3.13/asyncio/runners.py", line 195, in run
api  |     return runner.run(main)
api  |            ~~~~~~~~~~^^^^^^
api  |   File "/usr/local/lib/python3.13/asyncio/runners.py", line 118, in run
api  |     return self._loop.run_until_complete(task)
api  |            ~~~~~~~~~~~~~~~~~~~~~~~~~~~~~^^^^^^
api  |   File "uvloop/loop.pyx", line 1518, in uvloop.loop.Loop.run_until_complete
api  |   File "/usr/local/lib/python3.13/site-packages/uvicorn/server.py", line 70, in serve
api  |     await self._serve(sockets)
api  |   File "/usr/local/lib/python3.13/site-packages/uvicorn/server.py", line 77, in _serve
api  |     config.load()
api  |     ~~~~~~~~~~~^^
api  |   File "/usr/local/lib/python3.13/site-packages/uvicorn/config.py", line 435, in load
api  |     self.loaded_app = import_from_string(self.app)
api  |                       ~~~~~~~~~~~~~~~~~~^^^^^^^^^^
api  |   File "/usr/local/lib/python3.13/site-packages/uvicorn/importer.py", line 19, in import_from_string
api  |     module = importlib.import_module(module_str)
api  |   File "/usr/local/lib/python3.13/importlib/__init__.py", line 88, in import_module
api  |     return _bootstrap._gcd_import(name[level:], package, level)
api  |            ~~~~~~~~~~~~~~~~~~~~~~^^^^^^^^^^^^^^^^^^^^^^^^^^^^^^
api  |   File "<frozen importlib._bootstrap>", line 1395, in _gcd_import
api  |   File "<frozen importlib._bootstrap>", line 1360, in _find_and_load
api  |   File "<frozen importlib._bootstrap>", line 1331, in _find_and_load_unlocked
api  |   File "<frozen importlib._bootstrap>", line 935, in _load_unlocked
api  |   File "<frozen importlib._bootstrap_external>", line 1023, in exec_module
api  |   File "<frozen importlib._bootstrap>", line 488, in _call_with_frames_removed
api  |   File "/app/app/main.py", line 9, in <module>
api  |     from app.rabbitmq import rabbitmq_publisher
api  | ImportError: cannot import name 'rabbitmq_publisher' from 'app.rabbitmq' (/app/app/rabbitmq.py)
api  | INFO:     Waiting for child process [221]
api  | INFO:     Child process [221] died
api  | INFO:     Waiting for child process [222]
api  | INFO:     Child process [222] died
api  | INFO:     Waiting for child process [223]
api  | INFO:     Child process [223] died
api  | INFO:     Waiting for child process [224]
api  | INFO:     Child process [224] died
api  | Process SpawnProcess-115:
api  | Process SpawnProcess-114:
api  | Traceback (most recent call last):
api  | Traceback (most recent call last):
api  |   File "/usr/local/lib/python3.13/multiprocessing/process.py", line 313, in _bootstrap
api  |     self.run()
api  |     ~~~~~~~~^^
api  |   File "/usr/local/lib/python3.13/multiprocessing/process.py", line 108, in run
api  |     self._target(*self._args, **self._kwargs)
api  |     ~~~~~~~~~~~~^^^^^^^^^^^^^^^^^^^^^^^^^^^^^
api  |   File "/usr/local/lib/python3.13/site-packages/uvicorn/_subprocess.py", line 80, in subprocess_started
api  |     target(sockets=sockets)
api  |     ~~~~~~^^^^^^^^^^^^^^^^^
api  |   File "/usr/local/lib/python3.13/site-packages/uvicorn/supervisors/multiprocess.py", line 63, in target
api  |     return self.real_target(sockets)
api  |            ~~~~~~~~~~~~~~~~^^^^^^^^^
api  | Process SpawnProcess-113:
api  |   File "/usr/local/lib/python3.13/site-packages/uvicorn/server.py", line 66, in run
api  |     return asyncio.run(self.serve(sockets=sockets))
api  |            ~~~~~~~~~~~^^^^^^^^^^^^^^^^^^^^^^^^^^^^^
api  |   File "/usr/local/lib/python3.13/asyncio/runners.py", line 195, in run
api  |     return runner.run(main)
api  |            ~~~~~~~~~~^^^^^^
api  |   File "/usr/local/lib/python3.13/asyncio/runners.py", line 118, in run
api  |     return self._loop.run_until_complete(task)
api  |            ~~~~~~~~~~~~~~~~~~~~~~~~~~~~~^^^^^^
api  |   File "uvloop/loop.pyx", line 1518, in uvloop.loop.Loop.run_until_complete
api  |   File "/usr/local/lib/python3.13/site-packages/uvicorn/server.py", line 70, in serve
api  |     await self._serve(sockets)
api  |   File "/usr/local/lib/python3.13/site-packages/uvicorn/server.py", line 77, in _serve
api  |     config.load()
api  |     ~~~~~~~~~~~^^
api  |   File "/usr/local/lib/python3.13/site-packages/uvicorn/config.py", line 435, in load
api  |     self.loaded_app = import_from_string(self.app)
api  |                       ~~~~~~~~~~~~~~~~~~^^^^^^^^^^
api  |   File "/usr/local/lib/python3.13/site-packages/uvicorn/importer.py", line 19, in import_from_string
api  |     module = importlib.import_module(module_str)
api  |   File "/usr/local/lib/python3.13/importlib/__init__.py", line 88, in import_module
api  |     return _bootstrap._gcd_import(name[level:], package, level)
api  |            ~~~~~~~~~~~~~~~~~~~~~~^^^^^^^^^^^^^^^^^^^^^^^^^^^^^^
api  |   File "<frozen importlib._bootstrap>", line 1395, in _gcd_import
api  |   File "<frozen importlib._bootstrap>", line 1360, in _find_and_load
api  |   File "<frozen importlib._bootstrap>", line 1331, in _find_and_load_unlocked
api  |   File "<frozen importlib._bootstrap>", line 935, in _load_unlocked
api  |   File "<frozen importlib._bootstrap_external>", line 1023, in exec_module
api  |   File "<frozen importlib._bootstrap>", line 488, in _call_with_frames_removed
api  |   File "/app/app/main.py", line 9, in <module>
api  |     from app.rabbitmq import rabbitmq_publisher
api  | ImportError: cannot import name 'rabbitmq_publisher' from 'app.rabbitmq' (/app/app/rabbitmq.py)
api  |   File "/usr/local/lib/python3.13/multiprocessing/process.py", line 313, in _bootstrap
api  |     self.run()
api  |     ~~~~~~~~^^
api  |   File "/usr/local/lib/python3.13/multiprocessing/process.py", line 108, in run
api  |     self._target(*self._args, **self._kwargs)
api  |     ~~~~~~~~~~~~^^^^^^^^^^^^^^^^^^^^^^^^^^^^^
api  |   File "/usr/local/lib/python3.13/site-packages/uvicorn/_subprocess.py", line 80, in subprocess_started
api  |     target(sockets=sockets)
api  |     ~~~~~~^^^^^^^^^^^^^^^^^
api  |   File "/usr/local/lib/python3.13/site-packages/uvicorn/supervisors/multiprocess.py", line 63, in target
api  |     return self.real_target(sockets)
api  |            ~~~~~~~~~~~~~~~~^^^^^^^^^
api  |   File "/usr/local/lib/python3.13/site-packages/uvicorn/server.py", line 66, in run
api  |     return asyncio.run(self.serve(sockets=sockets))
api  |            ~~~~~~~~~~~^^^^^^^^^^^^^^^^^^^^^^^^^^^^^
api  |   File "/usr/local/lib/python3.13/asyncio/runners.py", line 195, in run
api  |     return runner.run(main)
api  |            ~~~~~~~~~~^^^^^^
api  |   File "/usr/local/lib/python3.13/asyncio/runners.py", line 118, in run
api  |     return self._loop.run_until_complete(task)
api  |            ~~~~~~~~~~~~~~~~~~~~~~~~~~~~~^^^^^^
api  |   File "uvloop/loop.pyx", line 1518, in uvloop.loop.Loop.run_until_complete
api  |   File "/usr/local/lib/python3.13/site-packages/uvicorn/server.py", line 70, in serve
api  |     await self._serve(sockets)
api  |   File "/usr/local/lib/python3.13/site-packages/uvicorn/server.py", line 77, in _serve
api  |     config.load()
api  |     ~~~~~~~~~~~^^
api  |   File "/usr/local/lib/python3.13/site-packages/uvicorn/config.py", line 435, in load
api  |     self.loaded_app = import_from_string(self.app)
api  |                       ~~~~~~~~~~~~~~~~~~^^^^^^^^^^
api  |   File "/usr/local/lib/python3.13/site-packages/uvicorn/importer.py", line 19, in import_from_string
api  |     module = importlib.import_module(module_str)
api  |   File "/usr/local/lib/python3.13/importlib/__init__.py", line 88, in import_module
api  |     return _bootstrap._gcd_import(name[level:], package, level)
api  |            ~~~~~~~~~~~~~~~~~~~~~~^^^^^^^^^^^^^^^^^^^^^^^^^^^^^^
api  |   File "<frozen importlib._bootstrap>", line 1395, in _gcd_import
api  |   File "<frozen importlib._bootstrap>", line 1360, in _find_and_load
api  |   File "<frozen importlib._bootstrap>", line 1331, in _find_and_load_unlocked
api  |   File "<frozen importlib._bootstrap>", line 935, in _load_unlocked
api  |   File "<frozen importlib._bootstrap_external>", line 1023, in exec_module
api  |   File "<frozen importlib._bootstrap>", line 488, in _call_with_frames_removed
api  |   File "/app/app/main.py", line 9, in <module>
api  |     from app.rabbitmq import rabbitmq_publisher
api  | ImportError: cannot import name 'rabbitmq_publisher' from 'app.rabbitmq' (/app/app/rabbitmq.py)
api  | Traceback (most recent call last):
api  |   File "/usr/local/lib/python3.13/multiprocessing/process.py", line 313, in _bootstrap
api  |     self.run()
api  |     ~~~~~~~~^^
api  |   File "/usr/local/lib/python3.13/multiprocessing/process.py", line 108, in run
api  |     self._target(*self._args, **self._kwargs)
api  |     ~~~~~~~~~~~~^^^^^^^^^^^^^^^^^^^^^^^^^^^^^
api  |   File "/usr/local/lib/python3.13/site-packages/uvicorn/_subprocess.py", line 80, in subprocess_started
api  |     target(sockets=sockets)
api  |     ~~~~~~^^^^^^^^^^^^^^^^^
api  |   File "/usr/local/lib/python3.13/site-packages/uvicorn/supervisors/multiprocess.py", line 63, in target
api  |     return self.real_target(sockets)
api  |            ~~~~~~~~~~~~~~~~^^^^^^^^^
api  |   File "/usr/local/lib/python3.13/site-packages/uvicorn/server.py", line 66, in run
api  |     return asyncio.run(self.serve(sockets=sockets))
api  |            ~~~~~~~~~~~^^^^^^^^^^^^^^^^^^^^^^^^^^^^^
api  |   File "/usr/local/lib/python3.13/asyncio/runners.py", line 195, in run
api  |     return runner.run(main)
api  |            ~~~~~~~~~~^^^^^^
api  |   File "/usr/local/lib/python3.13/asyncio/runners.py", line 118, in run
api  |     return self._loop.run_until_complete(task)
api  |            ~~~~~~~~~~~~~~~~~~~~~~~~~~~~~^^^^^^
api  |   File "uvloop/loop.pyx", line 1518, in uvloop.loop.Loop.run_until_complete
api  |   File "/usr/local/lib/python3.13/site-packages/uvicorn/server.py", line 70, in serve
api  |     await self._serve(sockets)
api  |   File "/usr/local/lib/python3.13/site-packages/uvicorn/server.py", line 77, in _serve
api  |     config.load()
api  |     ~~~~~~~~~~~^^
api  |   File "/usr/local/lib/python3.13/site-packages/uvicorn/config.py", line 435, in load
api  |     self.loaded_app = import_from_string(self.app)
api  |                       ~~~~~~~~~~~~~~~~~~^^^^^^^^^^
api  |   File "/usr/local/lib/python3.13/site-packages/uvicorn/importer.py", line 19, in import_from_string
api  |     module = importlib.import_module(module_str)
api  |   File "/usr/local/lib/python3.13/importlib/__init__.py", line 88, in import_module
api  |     return _bootstrap._gcd_import(name[level:], package, level)
api  |            ~~~~~~~~~~~~~~~~~~~~~~^^^^^^^^^^^^^^^^^^^^^^^^^^^^^^
api  |   File "<frozen importlib._bootstrap>", line 1395, in _gcd_import
api  |   File "<frozen importlib._bootstrap>", line 1360, in _find_and_load
api  |   File "<frozen importlib._bootstrap>", line 1331, in _find_and_load_unlocked
api  |   File "<frozen importlib._bootstrap>", line 935, in _load_unlocked
api  |   File "<frozen importlib._bootstrap_external>", line 1023, in exec_module
api  |   File "<frozen importlib._bootstrap>", line 488, in _call_with_frames_removed
api  |   File "/app/app/main.py", line 9, in <module>
api  |     from app.rabbitmq import rabbitmq_publisher
api  | ImportError: cannot import name 'rabbitmq_publisher' from 'app.rabbitmq' (/app/app/rabbitmq.py)
api  | Process SpawnProcess-112:
api  | Traceback (most recent call last):
api  |   File "/usr/local/lib/python3.13/multiprocessing/process.py", line 313, in _bootstrap
api  |     self.run()
api  |     ~~~~~~~~^^
api  |   File "/usr/local/lib/python3.13/multiprocessing/process.py", line 108, in run
api  |     self._target(*self._args, **self._kwargs)
api  |     ~~~~~~~~~~~~^^^^^^^^^^^^^^^^^^^^^^^^^^^^^
api  |   File "/usr/local/lib/python3.13/site-packages/uvicorn/_subprocess.py", line 80, in subprocess_started
api  |     target(sockets=sockets)
api  |     ~~~~~~^^^^^^^^^^^^^^^^^
api  |   File "/usr/local/lib/python3.13/site-packages/uvicorn/supervisors/multiprocess.py", line 63, in target
api  |     return self.real_target(sockets)
api  |            ~~~~~~~~~~~~~~~~^^^^^^^^^
api  |   File "/usr/local/lib/python3.13/site-packages/uvicorn/server.py", line 66, in run
api  |     return asyncio.run(self.serve(sockets=sockets))
api  |            ~~~~~~~~~~~^^^^^^^^^^^^^^^^^^^^^^^^^^^^^
api  |   File "/usr/local/lib/python3.13/asyncio/runners.py", line 195, in run
api  |     return runner.run(main)
api  |            ~~~~~~~~~~^^^^^^
api  |   File "/usr/local/lib/python3.13/asyncio/runners.py", line 118, in run
api  |     return self._loop.run_until_complete(task)
api  |            ~~~~~~~~~~~~~~~~~~~~~~~~~~~~~^^^^^^
api  |   File "uvloop/loop.pyx", line 1518, in uvloop.loop.Loop.run_until_complete
api  |   File "/usr/local/lib/python3.13/site-packages/uvicorn/server.py", line 70, in serve
api  |     await self._serve(sockets)
api  |   File "/usr/local/lib/python3.13/site-packages/uvicorn/server.py", line 77, in _serve
api  |     config.load()
api  |     ~~~~~~~~~~~^^
api  |   File "/usr/local/lib/python3.13/site-packages/uvicorn/config.py", line 435, in load
api  |     self.loaded_app = import_from_string(self.app)
api  |                       ~~~~~~~~~~~~~~~~~~^^^^^^^^^^
api  |   File "/usr/local/lib/python3.13/site-packages/uvicorn/importer.py", line 19, in import_from_string
api  |     module = importlib.import_module(module_str)
api  |   File "/usr/local/lib/python3.13/importlib/__init__.py", line 88, in import_module
api  |     return _bootstrap._gcd_import(name[level:], package, level)
api  |            ~~~~~~~~~~~~~~~~~~~~~~^^^^^^^^^^^^^^^^^^^^^^^^^^^^^^
api  |   File "<frozen importlib._bootstrap>", line 1395, in _gcd_import
api  |   File "<frozen importlib._bootstrap>", line 1360, in _find_and_load
api  |   File "<frozen importlib._bootstrap>", line 1331, in _find_and_load_unlocked
api  |   File "<frozen importlib._bootstrap>", line 935, in _load_unlocked
api  |   File "<frozen importlib._bootstrap_external>", line 1023, in exec_module
api  |   File "<frozen importlib._bootstrap>", line 488, in _call_with_frames_removed
api  |   File "/app/app/main.py", line 9, in <module>
api  |     from app.rabbitmq import rabbitmq_publisher
api  | ImportError: cannot import name 'rabbitmq_publisher' from 'app.rabbitmq' (/app/app/rabbitmq.py)
api  | INFO:     Waiting for child process [229]
api  | INFO:     Child process [229] died
api  | INFO:     Waiting for child process [230]
api  | INFO:     Child process [230] died
api  | INFO:     Waiting for child process [231]
api  | INFO:     Child process [231] died
api  | INFO:     Waiting for child process [232]
api  | INFO:     Child process [232] died
api  | Process SpawnProcess-116:
api  | Traceback (most recent call last):
api  |   File "/usr/local/lib/python3.13/multiprocessing/process.py", line 313, in _bootstrap
api  |     self.run()
api  |     ~~~~~~~~^^
api  |   File "/usr/local/lib/python3.13/multiprocessing/process.py", line 108, in run
api  |     self._target(*self._args, **self._kwargs)
api  |     ~~~~~~~~~~~~^^^^^^^^^^^^^^^^^^^^^^^^^^^^^
api  |   File "/usr/local/lib/python3.13/site-packages/uvicorn/_subprocess.py", line 80, in subprocess_started
api  |     target(sockets=sockets)
api  |     ~~~~~~^^^^^^^^^^^^^^^^^
api  |   File "/usr/local/lib/python3.13/site-packages/uvicorn/supervisors/multiprocess.py", line 63, in target
api  |     return self.real_target(sockets)
api  |            ~~~~~~~~~~~~~~~~^^^^^^^^^
api  |   File "/usr/local/lib/python3.13/site-packages/uvicorn/server.py", line 66, in run
api  |     return asyncio.run(self.serve(sockets=sockets))
api  |            ~~~~~~~~~~~^^^^^^^^^^^^^^^^^^^^^^^^^^^^^
api  |   File "/usr/local/lib/python3.13/asyncio/runners.py", line 195, in run
api  |     return runner.run(main)
api  |            ~~~~~~~~~~^^^^^^
api  |   File "/usr/local/lib/python3.13/asyncio/runners.py", line 118, in run
api  |     return self._loop.run_until_complete(task)
api  |            ~~~~~~~~~~~~~~~~~~~~~~~~~~~~~^^^^^^
api  |   File "uvloop/loop.pyx", line 1518, in uvloop.loop.Loop.run_until_complete
api  |   File "/usr/local/lib/python3.13/site-packages/uvicorn/server.py", line 70, in serve
api  |     await self._serve(sockets)
api  |   File "/usr/local/lib/python3.13/site-packages/uvicorn/server.py", line 77, in _serve
api  |     config.load()
api  |     ~~~~~~~~~~~^^
api  |   File "/usr/local/lib/python3.13/site-packages/uvicorn/config.py", line 435, in load
api  |     self.loaded_app = import_from_string(self.app)
api  |                       ~~~~~~~~~~~~~~~~~~^^^^^^^^^^
api  |   File "/usr/local/lib/python3.13/site-packages/uvicorn/importer.py", line 19, in import_from_string
api  |     module = importlib.import_module(module_str)
api  |   File "/usr/local/lib/python3.13/importlib/__init__.py", line 88, in import_module
api  |     return _bootstrap._gcd_import(name[level:], package, level)
api  |            ~~~~~~~~~~~~~~~~~~~~~~^^^^^^^^^^^^^^^^^^^^^^^^^^^^^^
api  |   File "<frozen importlib._bootstrap>", line 1395, in _gcd_import
api  |   File "<frozen importlib._bootstrap>", line 1360, in _find_and_load
api  |   File "<frozen importlib._bootstrap>", line 1331, in _find_and_load_unlocked
api  |   File "<frozen importlib._bootstrap>", line 935, in _load_unlocked
api  |   File "<frozen importlib._bootstrap_external>", line 1023, in exec_module
api  |   File "<frozen importlib._bootstrap>", line 488, in _call_with_frames_removed
api  |   File "/app/app/main.py", line 9, in <module>
api  |     from app.rabbitmq import rabbitmq_publisher
api  | ImportError: cannot import name 'rabbitmq_publisher' from 'app.rabbitmq' (/app/app/rabbitmq.py)
api  | Process SpawnProcess-117:
api  | Traceback (most recent call last):
api  |   File "/usr/local/lib/python3.13/multiprocessing/process.py", line 313, in _bootstrap
api  |     self.run()
api  |     ~~~~~~~~^^
api  |   File "/usr/local/lib/python3.13/multiprocessing/process.py", line 108, in run
api  |     self._target(*self._args, **self._kwargs)
api  |     ~~~~~~~~~~~~^^^^^^^^^^^^^^^^^^^^^^^^^^^^^
api  |   File "/usr/local/lib/python3.13/site-packages/uvicorn/_subprocess.py", line 80, in subprocess_started
api  |     target(sockets=sockets)
api  |     ~~~~~~^^^^^^^^^^^^^^^^^
api  |   File "/usr/local/lib/python3.13/site-packages/uvicorn/supervisors/multiprocess.py", line 63, in target
api  |     return self.real_target(sockets)
api  |            ~~~~~~~~~~~~~~~~^^^^^^^^^
api  |   File "/usr/local/lib/python3.13/site-packages/uvicorn/server.py", line 66, in run
api  |     return asyncio.run(self.serve(sockets=sockets))
api  |            ~~~~~~~~~~~^^^^^^^^^^^^^^^^^^^^^^^^^^^^^
api  |   File "/usr/local/lib/python3.13/asyncio/runners.py", line 195, in run
api  |     return runner.run(main)
api  |            ~~~~~~~~~~^^^^^^
api  |   File "/usr/local/lib/python3.13/asyncio/runners.py", line 118, in run
api  |     return self._loop.run_until_complete(task)
api  |            ~~~~~~~~~~~~~~~~~~~~~~~~~~~~~^^^^^^
api  |   File "uvloop/loop.pyx", line 1518, in uvloop.loop.Loop.run_until_complete
api  |   File "/usr/local/lib/python3.13/site-packages/uvicorn/server.py", line 70, in serve
api  |     await self._serve(sockets)
api  |   File "/usr/local/lib/python3.13/site-packages/uvicorn/server.py", line 77, in _serve
api  |     config.load()
api  |     ~~~~~~~~~~~^^
api  |   File "/usr/local/lib/python3.13/site-packages/uvicorn/config.py", line 435, in load
api  |     self.loaded_app = import_from_string(self.app)
api  |                       ~~~~~~~~~~~~~~~~~~^^^^^^^^^^
api  |   File "/usr/local/lib/python3.13/site-packages/uvicorn/importer.py", line 19, in import_from_string
api  |     module = importlib.import_module(module_str)
api  |   File "/usr/local/lib/python3.13/importlib/__init__.py", line 88, in import_module
api  |     return _bootstrap._gcd_import(name[level:], package, level)
api  |            ~~~~~~~~~~~~~~~~~~~~~~^^^^^^^^^^^^^^^^^^^^^^^^^^^^^^
api  |   File "<frozen importlib._bootstrap>", line 1395, in _gcd_import
api  |   File "<frozen importlib._bootstrap>", line 1360, in _find_and_load
api  |   File "<frozen importlib._bootstrap>", line 1331, in _find_and_load_unlocked
api  |   File "<frozen importlib._bootstrap>", line 935, in _load_unlocked
api  |   File "<frozen importlib._bootstrap_external>", line 1023, in exec_module
api  |   File "<frozen importlib._bootstrap>", line 488, in _call_with_frames_removed
api  |   File "/app/app/main.py", line 9, in <module>
api  |     from app.rabbitmq import rabbitmq_publisher
api  | ImportError: cannot import name 'rabbitmq_publisher' from 'app.rabbitmq' (/app/app/rabbitmq.py)
api  | Process SpawnProcess-119:
api  | Process SpawnProcess-118:
api  | Traceback (most recent call last):
api  |   File "/usr/local/lib/python3.13/multiprocessing/process.py", line 313, in _bootstrap
api  |     self.run()
api  |     ~~~~~~~~^^
api  |   File "/usr/local/lib/python3.13/multiprocessing/process.py", line 108, in run
api  |     self._target(*self._args, **self._kwargs)
api  |     ~~~~~~~~~~~~^^^^^^^^^^^^^^^^^^^^^^^^^^^^^
api  |   File "/usr/local/lib/python3.13/site-packages/uvicorn/_subprocess.py", line 80, in subprocess_started
api  |     target(sockets=sockets)
api  |     ~~~~~~^^^^^^^^^^^^^^^^^
api  |   File "/usr/local/lib/python3.13/site-packages/uvicorn/supervisors/multiprocess.py", line 63, in target
api  |     return self.real_target(sockets)
api  |            ~~~~~~~~~~~~~~~~^^^^^^^^^
api  |   File "/usr/local/lib/python3.13/site-packages/uvicorn/server.py", line 66, in run
api  |     return asyncio.run(self.serve(sockets=sockets))
api  |            ~~~~~~~~~~~^^^^^^^^^^^^^^^^^^^^^^^^^^^^^
api  |   File "/usr/local/lib/python3.13/asyncio/runners.py", line 195, in run
api  |     return runner.run(main)
api  |            ~~~~~~~~~~^^^^^^
api  |   File "/usr/local/lib/python3.13/asyncio/runners.py", line 118, in run
api  |     return self._loop.run_until_complete(task)
api  |            ~~~~~~~~~~~~~~~~~~~~~~~~~~~~~^^^^^^
api  |   File "uvloop/loop.pyx", line 1518, in uvloop.loop.Loop.run_until_complete
api  |   File "/usr/local/lib/python3.13/site-packages/uvicorn/server.py", line 70, in serve
api  |     await self._serve(sockets)
api  |   File "/usr/local/lib/python3.13/site-packages/uvicorn/server.py", line 77, in _serve
api  |     config.load()
api  |     ~~~~~~~~~~~^^
api  |   File "/usr/local/lib/python3.13/site-packages/uvicorn/config.py", line 435, in load
api  |     self.loaded_app = import_from_string(self.app)
api  |                       ~~~~~~~~~~~~~~~~~~^^^^^^^^^^
api  |   File "/usr/local/lib/python3.13/site-packages/uvicorn/importer.py", line 19, in import_from_string
api  |     module = importlib.import_module(module_str)
api  |   File "/usr/local/lib/python3.13/importlib/__init__.py", line 88, in import_module
api  |     return _bootstrap._gcd_import(name[level:], package, level)
api  |            ~~~~~~~~~~~~~~~~~~~~~~^^^^^^^^^^^^^^^^^^^^^^^^^^^^^^
api  |   File "<frozen importlib._bootstrap>", line 1395, in _gcd_import
api  |   File "<frozen importlib._bootstrap>", line 1360, in _find_and_load
api  |   File "<frozen importlib._bootstrap>", line 1331, in _find_and_load_unlocked
api  |   File "<frozen importlib._bootstrap>", line 935, in _load_unlocked
api  |   File "<frozen importlib._bootstrap_external>", line 1023, in exec_module
api  |   File "<frozen importlib._bootstrap>", line 488, in _call_with_frames_removed
api  |   File "/app/app/main.py", line 9, in <module>
api  |     from app.rabbitmq import rabbitmq_publisher
api  | ImportError: cannot import name 'rabbitmq_publisher' from 'app.rabbitmq' (/app/app/rabbitmq.py)
api  | Traceback (most recent call last):
api  |   File "/usr/local/lib/python3.13/multiprocessing/process.py", line 313, in _bootstrap
api  |     self.run()
api  |     ~~~~~~~~^^
api  |   File "/usr/local/lib/python3.13/multiprocessing/process.py", line 108, in run
api  |     self._target(*self._args, **self._kwargs)
api  |     ~~~~~~~~~~~~^^^^^^^^^^^^^^^^^^^^^^^^^^^^^
api  |   File "/usr/local/lib/python3.13/site-packages/uvicorn/_subprocess.py", line 80, in subprocess_started
api  |     target(sockets=sockets)
api  |     ~~~~~~^^^^^^^^^^^^^^^^^
api  |   File "/usr/local/lib/python3.13/site-packages/uvicorn/supervisors/multiprocess.py", line 63, in target
api  |     return self.real_target(sockets)
api  |            ~~~~~~~~~~~~~~~~^^^^^^^^^
api  |   File "/usr/local/lib/python3.13/site-packages/uvicorn/server.py", line 66, in run
api  |     return asyncio.run(self.serve(sockets=sockets))
api  |            ~~~~~~~~~~~^^^^^^^^^^^^^^^^^^^^^^^^^^^^^
api  |   File "/usr/local/lib/python3.13/asyncio/runners.py", line 195, in run
api  |     return runner.run(main)
api  |            ~~~~~~~~~~^^^^^^
api  |   File "/usr/local/lib/python3.13/asyncio/runners.py", line 118, in run
api  |     return self._loop.run_until_complete(task)
api  |            ~~~~~~~~~~~~~~~~~~~~~~~~~~~~~^^^^^^
api  |   File "uvloop/loop.pyx", line 1518, in uvloop.loop.Loop.run_until_complete
api  |   File "/usr/local/lib/python3.13/site-packages/uvicorn/server.py", line 70, in serve
api  |     await self._serve(sockets)
api  |   File "/usr/local/lib/python3.13/site-packages/uvicorn/server.py", line 77, in _serve
api  |     config.load()
api  |     ~~~~~~~~~~~^^
api  |   File "/usr/local/lib/python3.13/site-packages/uvicorn/config.py", line 435, in load
api  |     self.loaded_app = import_from_string(self.app)
api  |                       ~~~~~~~~~~~~~~~~~~^^^^^^^^^^
api  |   File "/usr/local/lib/python3.13/site-packages/uvicorn/importer.py", line 19, in import_from_string
api  |     module = importlib.import_module(module_str)
api  |   File "/usr/local/lib/python3.13/importlib/__init__.py", line 88, in import_module
api  |     return _bootstrap._gcd_import(name[level:], package, level)
api  |            ~~~~~~~~~~~~~~~~~~~~~~^^^^^^^^^^^^^^^^^^^^^^^^^^^^^^
api  |   File "<frozen importlib._bootstrap>", line 1395, in _gcd_import
api  |   File "<frozen importlib._bootstrap>", line 1360, in _find_and_load
api  |   File "<frozen importlib._bootstrap>", line 1331, in _find_and_load_unlocked
api  |   File "<frozen importlib._bootstrap>", line 935, in _load_unlocked
api  |   File "<frozen importlib._bootstrap_external>", line 1023, in exec_module
api  |   File "<frozen importlib._bootstrap>", line 488, in _call_with_frames_removed
api  |   File "/app/app/main.py", line 9, in <module>
api  |     from app.rabbitmq import rabbitmq_publisher
api  | ImportError: cannot import name 'rabbitmq_publisher' from 'app.rabbitmq' (/app/app/rabbitmq.py)
api  | INFO:     Waiting for child process [237]
api  | INFO:     Child process [237] died
api  | INFO:     Waiting for child process [238]
api  | INFO:     Child process [238] died
api  | Process SpawnProcess-120:
api  | Traceback (most recent call last):
api  |   File "/usr/local/lib/python3.13/multiprocessing/process.py", line 313, in _bootstrap
api  |     self.run()
api  |     ~~~~~~~~^^
api  |   File "/usr/local/lib/python3.13/multiprocessing/process.py", line 108, in run
api  |     self._target(*self._args, **self._kwargs)
api  |     ~~~~~~~~~~~~^^^^^^^^^^^^^^^^^^^^^^^^^^^^^
api  |   File "/usr/local/lib/python3.13/site-packages/uvicorn/_subprocess.py", line 80, in subprocess_started
api  |     target(sockets=sockets)
api  |     ~~~~~~^^^^^^^^^^^^^^^^^
api  |   File "/usr/local/lib/python3.13/site-packages/uvicorn/supervisors/multiprocess.py", line 63, in target
api  |     return self.real_target(sockets)
api  |            ~~~~~~~~~~~~~~~~^^^^^^^^^
api  |   File "/usr/local/lib/python3.13/site-packages/uvicorn/server.py", line 66, in run
api  |     return asyncio.run(self.serve(sockets=sockets))
api  |            ~~~~~~~~~~~^^^^^^^^^^^^^^^^^^^^^^^^^^^^^
api  |   File "/usr/local/lib/python3.13/asyncio/runners.py", line 195, in run
api  |     return runner.run(main)
api  |            ~~~~~~~~~~^^^^^^
api  |   File "/usr/local/lib/python3.13/asyncio/runners.py", line 118, in run
api  |     return self._loop.run_until_complete(task)
api  |            ~~~~~~~~~~~~~~~~~~~~~~~~~~~~~^^^^^^
api  |   File "uvloop/loop.pyx", line 1518, in uvloop.loop.Loop.run_until_complete
api  |   File "/usr/local/lib/python3.13/site-packages/uvicorn/server.py", line 70, in serve
api  |     await self._serve(sockets)
api  |   File "/usr/local/lib/python3.13/site-packages/uvicorn/server.py", line 77, in _serve
api  |     config.load()
api  |     ~~~~~~~~~~~^^
api  |   File "/usr/local/lib/python3.13/site-packages/uvicorn/config.py", line 435, in load
api  |     self.loaded_app = import_from_string(self.app)
api  |                       ~~~~~~~~~~~~~~~~~~^^^^^^^^^^
api  |   File "/usr/local/lib/python3.13/site-packages/uvicorn/importer.py", line 19, in import_from_string
api  |     module = importlib.import_module(module_str)
api  |   File "/usr/local/lib/python3.13/importlib/__init__.py", line 88, in import_module
api  |     return _bootstrap._gcd_import(name[level:], package, level)
api  |            ~~~~~~~~~~~~~~~~~~~~~~^^^^^^^^^^^^^^^^^^^^^^^^^^^^^^
api  |   File "<frozen importlib._bootstrap>", line 1395, in _gcd_import
api  |   File "<frozen importlib._bootstrap>", line 1360, in _find_and_load
api  |   File "<frozen importlib._bootstrap>", line 1331, in _find_and_load_unlocked
api  |   File "<frozen importlib._bootstrap>", line 935, in _load_unlocked
api  |   File "<frozen importlib._bootstrap_external>", line 1023, in exec_module
api  |   File "<frozen importlib._bootstrap>", line 488, in _call_with_frames_removed
api  |   File "/app/app/main.py", line 9, in <module>
api  |     from app.rabbitmq import rabbitmq_publisher
api  | ImportError: cannot import name 'rabbitmq_publisher' from 'app.rabbitmq' (/app/app/rabbitmq.py)
api  | Process SpawnProcess-121:
api  | Traceback (most recent call last):
api  |   File "/usr/local/lib/python3.13/multiprocessing/process.py", line 313, in _bootstrap
api  |     self.run()
api  |     ~~~~~~~~^^
api  |   File "/usr/local/lib/python3.13/multiprocessing/process.py", line 108, in run
api  |     self._target(*self._args, **self._kwargs)
api  |     ~~~~~~~~~~~~^^^^^^^^^^^^^^^^^^^^^^^^^^^^^
api  |   File "/usr/local/lib/python3.13/site-packages/uvicorn/_subprocess.py", line 80, in subprocess_started
api  |     target(sockets=sockets)
api  |     ~~~~~~^^^^^^^^^^^^^^^^^
api  |   File "/usr/local/lib/python3.13/site-packages/uvicorn/supervisors/multiprocess.py", line 63, in target
api  |     return self.real_target(sockets)
api  |            ~~~~~~~~~~~~~~~~^^^^^^^^^
api  |   File "/usr/local/lib/python3.13/site-packages/uvicorn/server.py", line 66, in run
api  |     return asyncio.run(self.serve(sockets=sockets))
api  |            ~~~~~~~~~~~^^^^^^^^^^^^^^^^^^^^^^^^^^^^^
api  |   File "/usr/local/lib/python3.13/asyncio/runners.py", line 195, in run
api  |     return runner.run(main)
api  |            ~~~~~~~~~~^^^^^^
api  |   File "/usr/local/lib/python3.13/asyncio/runners.py", line 118, in run
api  |     return self._loop.run_until_complete(task)
api  |            ~~~~~~~~~~~~~~~~~~~~~~~~~~~~~^^^^^^
api  |   File "uvloop/loop.pyx", line 1518, in uvloop.loop.Loop.run_until_complete
api  |   File "/usr/local/lib/python3.13/site-packages/uvicorn/server.py", line 70, in serve
api  |     await self._serve(sockets)
api  |   File "/usr/local/lib/python3.13/site-packages/uvicorn/server.py", line 77, in _serve
api  |     config.load()
api  |     ~~~~~~~~~~~^^
api  |   File "/usr/local/lib/python3.13/site-packages/uvicorn/config.py", line 435, in load
api  |     self.loaded_app = import_from_string(self.app)
api  |                       ~~~~~~~~~~~~~~~~~~^^^^^^^^^^
api  |   File "/usr/local/lib/python3.13/site-packages/uvicorn/importer.py", line 19, in import_from_string
api  |     module = importlib.import_module(module_str)
api  |   File "/usr/local/lib/python3.13/importlib/__init__.py", line 88, in import_module
api  |     return _bootstrap._gcd_import(name[level:], package, level)
api  |            ~~~~~~~~~~~~~~~~~~~~~~^^^^^^^^^^^^^^^^^^^^^^^^^^^^^^
api  |   File "<frozen importlib._bootstrap>", line 1395, in _gcd_import
api  |   File "<frozen importlib._bootstrap>", line 1360, in _find_and_load
api  |   File "<frozen importlib._bootstrap>", line 1331, in _find_and_load_unlocked
api  |   File "<frozen importlib._bootstrap>", line 935, in _load_unlocked
api  |   File "<frozen importlib._bootstrap_external>", line 1023, in exec_module
api  |   File "<frozen importlib._bootstrap>", line 488, in _call_with_frames_removed
api  |   File "/app/app/main.py", line 9, in <module>
api  |     from app.rabbitmq import rabbitmq_publisher
api  | ImportError: cannot import name 'rabbitmq_publisher' from 'app.rabbitmq' (/app/app/rabbitmq.py)
api  | INFO:     Waiting for child process [239]
api  | INFO:     Child process [239] died
api  | INFO:     Waiting for child process [240]
api  | INFO:     Child process [240] died
api  | INFO:     Waiting for child process [245]
api  | INFO:     Child process [245] died
api  | INFO:     Waiting for child process [246]
api  | INFO:     Child process [246] died
api  | Process SpawnProcess-122:
api  | Traceback (most recent call last):
api  |   File "/usr/local/lib/python3.13/multiprocessing/process.py", line 313, in _bootstrap
api  |     self.run()
api  |     ~~~~~~~~^^
api  |   File "/usr/local/lib/python3.13/multiprocessing/process.py", line 108, in run
api  |     self._target(*self._args, **self._kwargs)
api  |     ~~~~~~~~~~~~^^^^^^^^^^^^^^^^^^^^^^^^^^^^^
api  |   File "/usr/local/lib/python3.13/site-packages/uvicorn/_subprocess.py", line 80, in subprocess_started
api  |     target(sockets=sockets)
api  |     ~~~~~~^^^^^^^^^^^^^^^^^
api  |   File "/usr/local/lib/python3.13/site-packages/uvicorn/supervisors/multiprocess.py", line 63, in target
api  |     return self.real_target(sockets)
api  |            ~~~~~~~~~~~~~~~~^^^^^^^^^
api  |   File "/usr/local/lib/python3.13/site-packages/uvicorn/server.py", line 66, in run
api  |     return asyncio.run(self.serve(sockets=sockets))
api  |            ~~~~~~~~~~~^^^^^^^^^^^^^^^^^^^^^^^^^^^^^
api  |   File "/usr/local/lib/python3.13/asyncio/runners.py", line 195, in run
api  |     return runner.run(main)
api  |            ~~~~~~~~~~^^^^^^
api  |   File "/usr/local/lib/python3.13/asyncio/runners.py", line 118, in run
api  |     return self._loop.run_until_complete(task)
api  |            ~~~~~~~~~~~~~~~~~~~~~~~~~~~~~^^^^^^
api  |   File "uvloop/loop.pyx", line 1518, in uvloop.loop.Loop.run_until_complete
api  |   File "/usr/local/lib/python3.13/site-packages/uvicorn/server.py", line 70, in serve
api  |     await self._serve(sockets)
api  |   File "/usr/local/lib/python3.13/site-packages/uvicorn/server.py", line 77, in _serve
api  |     config.load()
api  |     ~~~~~~~~~~~^^
api  |   File "/usr/local/lib/python3.13/site-packages/uvicorn/config.py", line 435, in load
api  |     self.loaded_app = import_from_string(self.app)
api  |                       ~~~~~~~~~~~~~~~~~~^^^^^^^^^^
api  |   File "/usr/local/lib/python3.13/site-packages/uvicorn/importer.py", line 19, in import_from_string
api  |     module = importlib.import_module(module_str)
api  |   File "/usr/local/lib/python3.13/importlib/__init__.py", line 88, in import_module
api  |     return _bootstrap._gcd_import(name[level:], package, level)
api  |            ~~~~~~~~~~~~~~~~~~~~~~^^^^^^^^^^^^^^^^^^^^^^^^^^^^^^
api  |   File "<frozen importlib._bootstrap>", line 1395, in _gcd_import
api  |   File "<frozen importlib._bootstrap>", line 1360, in _find_and_load
api  |   File "<frozen importlib._bootstrap>", line 1331, in _find_and_load_unlocked
api  |   File "<frozen importlib._bootstrap>", line 935, in _load_unlocked
api  |   File "<frozen importlib._bootstrap_external>", line 1023, in exec_module
api  |   File "<frozen importlib._bootstrap>", line 488, in _call_with_frames_removed
api  |   File "/app/app/main.py", line 9, in <module>
api  |     from app.rabbitmq import rabbitmq_publisher
api  | ImportError: cannot import name 'rabbitmq_publisher' from 'app.rabbitmq' (/app/app/rabbitmq.py)
api  | Process SpawnProcess-123:
api  | Traceback (most recent call last):
api  |   File "/usr/local/lib/python3.13/multiprocessing/process.py", line 313, in _bootstrap
api  |     self.run()
api  |     ~~~~~~~~^^
api  |   File "/usr/local/lib/python3.13/multiprocessing/process.py", line 108, in run
api  |     self._target(*self._args, **self._kwargs)
api  |     ~~~~~~~~~~~~^^^^^^^^^^^^^^^^^^^^^^^^^^^^^
api  |   File "/usr/local/lib/python3.13/site-packages/uvicorn/_subprocess.py", line 80, in subprocess_started
api  |     target(sockets=sockets)
api  |     ~~~~~~^^^^^^^^^^^^^^^^^
api  |   File "/usr/local/lib/python3.13/site-packages/uvicorn/supervisors/multiprocess.py", line 63, in target
api  |     return self.real_target(sockets)
api  |            ~~~~~~~~~~~~~~~~^^^^^^^^^
api  |   File "/usr/local/lib/python3.13/site-packages/uvicorn/server.py", line 66, in run
api  |     return asyncio.run(self.serve(sockets=sockets))
api  |            ~~~~~~~~~~~^^^^^^^^^^^^^^^^^^^^^^^^^^^^^
api  |   File "/usr/local/lib/python3.13/asyncio/runners.py", line 195, in run
api  |     return runner.run(main)
api  |            ~~~~~~~~~~^^^^^^
api  |   File "/usr/local/lib/python3.13/asyncio/runners.py", line 118, in run
api  |     return self._loop.run_until_complete(task)
api  |            ~~~~~~~~~~~~~~~~~~~~~~~~~~~~~^^^^^^
api  |   File "uvloop/loop.pyx", line 1518, in uvloop.loop.Loop.run_until_complete
api  |   File "/usr/local/lib/python3.13/site-packages/uvicorn/server.py", line 70, in serve
api  |     await self._serve(sockets)
api  |   File "/usr/local/lib/python3.13/site-packages/uvicorn/server.py", line 77, in _serve
api  |     config.load()
api  |     ~~~~~~~~~~~^^
api  |   File "/usr/local/lib/python3.13/site-packages/uvicorn/config.py", line 435, in load
api  |     self.loaded_app = import_from_string(self.app)
api  |                       ~~~~~~~~~~~~~~~~~~^^^^^^^^^^
api  |   File "/usr/local/lib/python3.13/site-packages/uvicorn/importer.py", line 19, in import_from_string
api  |     module = importlib.import_module(module_str)
api  |   File "/usr/local/lib/python3.13/importlib/__init__.py", line 88, in import_module
api  |     return _bootstrap._gcd_import(name[level:], package, level)
api  |            ~~~~~~~~~~~~~~~~~~~~~~^^^^^^^^^^^^^^^^^^^^^^^^^^^^^^
api  |   File "<frozen importlib._bootstrap>", line 1395, in _gcd_import
api  |   File "<frozen importlib._bootstrap>", line 1360, in _find_and_load
api  |   File "<frozen importlib._bootstrap>", line 1331, in _find_and_load_unlocked
api  |   File "<frozen importlib._bootstrap>", line 935, in _load_unlocked
api  |   File "<frozen importlib._bootstrap_external>", line 1023, in exec_module
api  |   File "<frozen importlib._bootstrap>", line 488, in _call_with_frames_removed
api  |   File "/app/app/main.py", line 9, in <module>
api  |     from app.rabbitmq import rabbitmq_publisher
api  | ImportError: cannot import name 'rabbitmq_publisher' from 'app.rabbitmq' (/app/app/rabbitmq.py)
api  | Process SpawnProcess-125:
api  | Traceback (most recent call last):
api  |   File "/usr/local/lib/python3.13/multiprocessing/process.py", line 313, in _bootstrap
api  |     self.run()
api  |     ~~~~~~~~^^
api  |   File "/usr/local/lib/python3.13/multiprocessing/process.py", line 108, in run
api  |     self._target(*self._args, **self._kwargs)
api  |     ~~~~~~~~~~~~^^^^^^^^^^^^^^^^^^^^^^^^^^^^^
api  |   File "/usr/local/lib/python3.13/site-packages/uvicorn/_subprocess.py", line 80, in subprocess_started
api  |     target(sockets=sockets)
api  |     ~~~~~~^^^^^^^^^^^^^^^^^
api  |   File "/usr/local/lib/python3.13/site-packages/uvicorn/supervisors/multiprocess.py", line 63, in target
api  |     return self.real_target(sockets)
api  |            ~~~~~~~~~~~~~~~~^^^^^^^^^
api  |   File "/usr/local/lib/python3.13/site-packages/uvicorn/server.py", line 66, in run
api  |     return asyncio.run(self.serve(sockets=sockets))
api  |            ~~~~~~~~~~~^^^^^^^^^^^^^^^^^^^^^^^^^^^^^
api  |   File "/usr/local/lib/python3.13/asyncio/runners.py", line 195, in run
api  |     return runner.run(main)
api  |            ~~~~~~~~~~^^^^^^
api  |   File "/usr/local/lib/python3.13/asyncio/runners.py", line 118, in run
api  |     return self._loop.run_until_complete(task)
api  |            ~~~~~~~~~~~~~~~~~~~~~~~~~~~~~^^^^^^
api  |   File "uvloop/loop.pyx", line 1518, in uvloop.loop.Loop.run_until_complete
api  |   File "/usr/local/lib/python3.13/site-packages/uvicorn/server.py", line 70, in serve
api  |     await self._serve(sockets)
api  |   File "/usr/local/lib/python3.13/site-packages/uvicorn/server.py", line 77, in _serve
api  |     config.load()
api  |     ~~~~~~~~~~~^^
api  |   File "/usr/local/lib/python3.13/site-packages/uvicorn/config.py", line 435, in load
api  |     self.loaded_app = import_from_string(self.app)
api  |                       ~~~~~~~~~~~~~~~~~~^^^^^^^^^^
api  |   File "/usr/local/lib/python3.13/site-packages/uvicorn/importer.py", line 19, in import_from_string
api  |     module = importlib.import_module(module_str)
api  |   File "/usr/local/lib/python3.13/importlib/__init__.py", line 88, in import_module
api  |     return _bootstrap._gcd_import(name[level:], package, level)
api  |            ~~~~~~~~~~~~~~~~~~~~~~^^^^^^^^^^^^^^^^^^^^^^^^^^^^^^
api  |   File "<frozen importlib._bootstrap>", line 1395, in _gcd_import
api  |   File "<frozen importlib._bootstrap>", line 1360, in _find_and_load
api  |   File "<frozen importlib._bootstrap>", line 1331, in _find_and_load_unlocked
api  |   File "<frozen importlib._bootstrap>", line 935, in _load_unlocked
api  |   File "<frozen importlib._bootstrap_external>", line 1023, in exec_module
api  |   File "<frozen importlib._bootstrap>", line 488, in _call_with_frames_removed
api  |   File "/app/app/main.py", line 9, in <module>
api  |     from app.rabbitmq import rabbitmq_publisher
api  | ImportError: cannot import name 'rabbitmq_publisher' from 'app.rabbitmq' (/app/app/rabbitmq.py)
api  | Process SpawnProcess-124:
api  | Traceback (most recent call last):
api  |   File "/usr/local/lib/python3.13/multiprocessing/process.py", line 313, in _bootstrap
api  |     self.run()
api  |     ~~~~~~~~^^
api  |   File "/usr/local/lib/python3.13/multiprocessing/process.py", line 108, in run
api  |     self._target(*self._args, **self._kwargs)
api  |     ~~~~~~~~~~~~^^^^^^^^^^^^^^^^^^^^^^^^^^^^^
api  |   File "/usr/local/lib/python3.13/site-packages/uvicorn/_subprocess.py", line 80, in subprocess_started
api  |     target(sockets=sockets)
api  |     ~~~~~~^^^^^^^^^^^^^^^^^
api  |   File "/usr/local/lib/python3.13/site-packages/uvicorn/supervisors/multiprocess.py", line 63, in target
api  |     return self.real_target(sockets)
api  |            ~~~~~~~~~~~~~~~~^^^^^^^^^
api  |   File "/usr/local/lib/python3.13/site-packages/uvicorn/server.py", line 66, in run
api  |     return asyncio.run(self.serve(sockets=sockets))
api  |            ~~~~~~~~~~~^^^^^^^^^^^^^^^^^^^^^^^^^^^^^
api  |   File "/usr/local/lib/python3.13/asyncio/runners.py", line 195, in run
api  |     return runner.run(main)
api  |            ~~~~~~~~~~^^^^^^
api  |   File "/usr/local/lib/python3.13/asyncio/runners.py", line 118, in run
api  |     return self._loop.run_until_complete(task)
api  |            ~~~~~~~~~~~~~~~~~~~~~~~~~~~~~^^^^^^
api  |   File "uvloop/loop.pyx", line 1518, in uvloop.loop.Loop.run_until_complete
api  |   File "/usr/local/lib/python3.13/site-packages/uvicorn/server.py", line 70, in serve
api  |     await self._serve(sockets)
api  |   File "/usr/local/lib/python3.13/site-packages/uvicorn/server.py", line 77, in _serve
api  |     config.load()
api  |     ~~~~~~~~~~~^^
api  |   File "/usr/local/lib/python3.13/site-packages/uvicorn/config.py", line 435, in load
api  |     self.loaded_app = import_from_string(self.app)
api  |                       ~~~~~~~~~~~~~~~~~~^^^^^^^^^^
api  |   File "/usr/local/lib/python3.13/site-packages/uvicorn/importer.py", line 19, in import_from_string
api  |     module = importlib.import_module(module_str)
api  |   File "/usr/local/lib/python3.13/importlib/__init__.py", line 88, in import_module
api  |     return _bootstrap._gcd_import(name[level:], package, level)
api  |            ~~~~~~~~~~~~~~~~~~~~~~^^^^^^^^^^^^^^^^^^^^^^^^^^^^^^
api  |   File "<frozen importlib._bootstrap>", line 1395, in _gcd_import
api  |   File "<frozen importlib._bootstrap>", line 1360, in _find_and_load
api  |   File "<frozen importlib._bootstrap>", line 1331, in _find_and_load_unlocked
api  |   File "<frozen importlib._bootstrap>", line 935, in _load_unlocked
api  |   File "<frozen importlib._bootstrap_external>", line 1023, in exec_module
api  |   File "<frozen importlib._bootstrap>", line 488, in _call_with_frames_removed
api  |   File "/app/app/main.py", line 9, in <module>
api  |     from app.rabbitmq import rabbitmq_publisher
api  | ImportError: cannot import name 'rabbitmq_publisher' from 'app.rabbitmq' (/app/app/rabbitmq.py)
api  | INFO:     Waiting for child process [249]
api  | INFO:     Child process [249] died
api  | INFO:     Waiting for child process [250]
api  | INFO:     Child process [250] died
api  | INFO:     Waiting for child process [251]
api  | INFO:     Child process [251] died
api  | INFO:     Waiting for child process [252]
api  | INFO:     Child process [252] died
api  | Process SpawnProcess-127:
api  | Traceback (most recent call last):
api  |   File "/usr/local/lib/python3.13/multiprocessing/process.py", line 313, in _bootstrap
api  |     self.run()
api  |     ~~~~~~~~^^
api  |   File "/usr/local/lib/python3.13/multiprocessing/process.py", line 108, in run
api  |     self._target(*self._args, **self._kwargs)
api  |     ~~~~~~~~~~~~^^^^^^^^^^^^^^^^^^^^^^^^^^^^^
api  |   File "/usr/local/lib/python3.13/site-packages/uvicorn/_subprocess.py", line 80, in subprocess_started
api  |     target(sockets=sockets)
api  |     ~~~~~~^^^^^^^^^^^^^^^^^
api  |   File "/usr/local/lib/python3.13/site-packages/uvicorn/supervisors/multiprocess.py", line 63, in target
api  |     return self.real_target(sockets)
api  |            ~~~~~~~~~~~~~~~~^^^^^^^^^
api  |   File "/usr/local/lib/python3.13/site-packages/uvicorn/server.py", line 66, in run
api  |     return asyncio.run(self.serve(sockets=sockets))
api  |            ~~~~~~~~~~~^^^^^^^^^^^^^^^^^^^^^^^^^^^^^
api  |   File "/usr/local/lib/python3.13/asyncio/runners.py", line 195, in run
api  |     return runner.run(main)
api  |            ~~~~~~~~~~^^^^^^
api  |   File "/usr/local/lib/python3.13/asyncio/runners.py", line 118, in run
api  |     return self._loop.run_until_complete(task)
api  |            ~~~~~~~~~~~~~~~~~~~~~~~~~~~~~^^^^^^
api  |   File "uvloop/loop.pyx", line 1518, in uvloop.loop.Loop.run_until_complete
api  |   File "/usr/local/lib/python3.13/site-packages/uvicorn/server.py", line 70, in serve
api  |     await self._serve(sockets)
api  |   File "/usr/local/lib/python3.13/site-packages/uvicorn/server.py", line 77, in _serve
api  |     config.load()
api  |     ~~~~~~~~~~~^^
api  |   File "/usr/local/lib/python3.13/site-packages/uvicorn/config.py", line 435, in load
api  |     self.loaded_app = import_from_string(self.app)
api  |                       ~~~~~~~~~~~~~~~~~~^^^^^^^^^^
api  |   File "/usr/local/lib/python3.13/site-packages/uvicorn/importer.py", line 19, in import_from_string
api  |     module = importlib.import_module(module_str)
api  |   File "/usr/local/lib/python3.13/importlib/__init__.py", line 88, in import_module
api  |     return _bootstrap._gcd_import(name[level:], package, level)
api  |            ~~~~~~~~~~~~~~~~~~~~~~^^^^^^^^^^^^^^^^^^^^^^^^^^^^^^
api  |   File "<frozen importlib._bootstrap>", line 1395, in _gcd_import
api  |   File "<frozen importlib._bootstrap>", line 1360, in _find_and_load
api  |   File "<frozen importlib._bootstrap>", line 1331, in _find_and_load_unlocked
api  |   File "<frozen importlib._bootstrap>", line 935, in _load_unlocked
api  |   File "<frozen importlib._bootstrap_external>", line 1023, in exec_module
api  |   File "<frozen importlib._bootstrap>", line 488, in _call_with_frames_removed
api  |   File "/app/app/main.py", line 9, in <module>
api  |     from app.rabbitmq import rabbitmq_publisher
api  | ImportError: cannot import name 'rabbitmq_publisher' from 'app.rabbitmq' (/app/app/rabbitmq.py)
api  | Process SpawnProcess-126:
api  | Traceback (most recent call last):
api  |   File "/usr/local/lib/python3.13/multiprocessing/process.py", line 313, in _bootstrap
api  |     self.run()
api  |     ~~~~~~~~^^
api  |   File "/usr/local/lib/python3.13/multiprocessing/process.py", line 108, in run
api  |     self._target(*self._args, **self._kwargs)
api  |     ~~~~~~~~~~~~^^^^^^^^^^^^^^^^^^^^^^^^^^^^^
api  |   File "/usr/local/lib/python3.13/site-packages/uvicorn/_subprocess.py", line 80, in subprocess_started
api  |     target(sockets=sockets)
api  |     ~~~~~~^^^^^^^^^^^^^^^^^
api  |   File "/usr/local/lib/python3.13/site-packages/uvicorn/supervisors/multiprocess.py", line 63, in target
api  |     return self.real_target(sockets)
api  |            ~~~~~~~~~~~~~~~~^^^^^^^^^
api  |   File "/usr/local/lib/python3.13/site-packages/uvicorn/server.py", line 66, in run
api  |     return asyncio.run(self.serve(sockets=sockets))
api  |            ~~~~~~~~~~~^^^^^^^^^^^^^^^^^^^^^^^^^^^^^
api  |   File "/usr/local/lib/python3.13/asyncio/runners.py", line 195, in run
api  |     return runner.run(main)
api  |            ~~~~~~~~~~^^^^^^
api  |   File "/usr/local/lib/python3.13/asyncio/runners.py", line 118, in run
api  |     return self._loop.run_until_complete(task)
api  |            ~~~~~~~~~~~~~~~~~~~~~~~~~~~~~^^^^^^
api  |   File "uvloop/loop.pyx", line 1518, in uvloop.loop.Loop.run_until_complete
api  |   File "/usr/local/lib/python3.13/site-packages/uvicorn/server.py", line 70, in serve
api  |     await self._serve(sockets)
api  |   File "/usr/local/lib/python3.13/site-packages/uvicorn/server.py", line 77, in _serve
api  |     config.load()
api  |     ~~~~~~~~~~~^^
api  |   File "/usr/local/lib/python3.13/site-packages/uvicorn/config.py", line 435, in load
api  |     self.loaded_app = import_from_string(self.app)
api  |                       ~~~~~~~~~~~~~~~~~~^^^^^^^^^^
api  |   File "/usr/local/lib/python3.13/site-packages/uvicorn/importer.py", line 19, in import_from_string
api  |     module = importlib.import_module(module_str)
api  |   File "/usr/local/lib/python3.13/importlib/__init__.py", line 88, in import_module
api  |     return _bootstrap._gcd_import(name[level:], package, level)
api  |            ~~~~~~~~~~~~~~~~~~~~~~^^^^^^^^^^^^^^^^^^^^^^^^^^^^^^
api  |   File "<frozen importlib._bootstrap>", line 1395, in _gcd_import
api  |   File "<frozen importlib._bootstrap>", line 1360, in _find_and_load
api  |   File "<frozen importlib._bootstrap>", line 1331, in _find_and_load_unlocked
api  |   File "<frozen importlib._bootstrap>", line 935, in _load_unlocked
api  |   File "<frozen importlib._bootstrap_external>", line 1023, in exec_module
api  |   File "<frozen importlib._bootstrap>", line 488, in _call_with_frames_removed
api  |   File "/app/app/main.py", line 9, in <module>
api  |     from app.rabbitmq import rabbitmq_publisher
api  | ImportError: cannot import name 'rabbitmq_publisher' from 'app.rabbitmq' (/app/app/rabbitmq.py)
api  | Process SpawnProcess-128:
api  | Traceback (most recent call last):
api  | Process SpawnProcess-129:
api  |   File "/usr/local/lib/python3.13/multiprocessing/process.py", line 313, in _bootstrap
api  |     self.run()
api  |     ~~~~~~~~^^
api  |   File "/usr/local/lib/python3.13/multiprocessing/process.py", line 108, in run
api  |     self._target(*self._args, **self._kwargs)
api  |     ~~~~~~~~~~~~^^^^^^^^^^^^^^^^^^^^^^^^^^^^^
api  |   File "/usr/local/lib/python3.13/site-packages/uvicorn/_subprocess.py", line 80, in subprocess_started
api  |     target(sockets=sockets)
api  |     ~~~~~~^^^^^^^^^^^^^^^^^
api  |   File "/usr/local/lib/python3.13/site-packages/uvicorn/supervisors/multiprocess.py", line 63, in target
api  |     return self.real_target(sockets)
api  |            ~~~~~~~~~~~~~~~~^^^^^^^^^
api  |   File "/usr/local/lib/python3.13/site-packages/uvicorn/server.py", line 66, in run
api  |     return asyncio.run(self.serve(sockets=sockets))
api  |            ~~~~~~~~~~~^^^^^^^^^^^^^^^^^^^^^^^^^^^^^
api  |   File "/usr/local/lib/python3.13/asyncio/runners.py", line 195, in run
api  |     return runner.run(main)
api  |            ~~~~~~~~~~^^^^^^
api  |   File "/usr/local/lib/python3.13/asyncio/runners.py", line 118, in run
api  |     return self._loop.run_until_complete(task)
api  |            ~~~~~~~~~~~~~~~~~~~~~~~~~~~~~^^^^^^
api  |   File "uvloop/loop.pyx", line 1518, in uvloop.loop.Loop.run_until_complete
api  |   File "/usr/local/lib/python3.13/site-packages/uvicorn/server.py", line 70, in serve
api  |     await self._serve(sockets)
api  |   File "/usr/local/lib/python3.13/site-packages/uvicorn/server.py", line 77, in _serve
api  |     config.load()
api  |     ~~~~~~~~~~~^^
api  |   File "/usr/local/lib/python3.13/site-packages/uvicorn/config.py", line 435, in load
api  |     self.loaded_app = import_from_string(self.app)
api  |                       ~~~~~~~~~~~~~~~~~~^^^^^^^^^^
api  |   File "/usr/local/lib/python3.13/site-packages/uvicorn/importer.py", line 19, in import_from_string
api  |     module = importlib.import_module(module_str)
api  |   File "/usr/local/lib/python3.13/importlib/__init__.py", line 88, in import_module
api  |     return _bootstrap._gcd_import(name[level:], package, level)
api  |            ~~~~~~~~~~~~~~~~~~~~~~^^^^^^^^^^^^^^^^^^^^^^^^^^^^^^
api  |   File "<frozen importlib._bootstrap>", line 1395, in _gcd_import
api  |   File "<frozen importlib._bootstrap>", line 1360, in _find_and_load
api  |   File "<frozen importlib._bootstrap>", line 1331, in _find_and_load_unlocked
api  |   File "<frozen importlib._bootstrap>", line 935, in _load_unlocked
api  |   File "<frozen importlib._bootstrap_external>", line 1023, in exec_module
api  |   File "<frozen importlib._bootstrap>", line 488, in _call_with_frames_removed
api  |   File "/app/app/main.py", line 9, in <module>
api  |     from app.rabbitmq import rabbitmq_publisher
api  | ImportError: cannot import name 'rabbitmq_publisher' from 'app.rabbitmq' (/app/app/rabbitmq.py)
api  | Traceback (most recent call last):
api  |   File "/usr/local/lib/python3.13/multiprocessing/process.py", line 313, in _bootstrap
api  |     self.run()
api  |     ~~~~~~~~^^
api  |   File "/usr/local/lib/python3.13/multiprocessing/process.py", line 108, in run
api  |     self._target(*self._args, **self._kwargs)
api  |     ~~~~~~~~~~~~^^^^^^^^^^^^^^^^^^^^^^^^^^^^^
api  |   File "/usr/local/lib/python3.13/site-packages/uvicorn/_subprocess.py", line 80, in subprocess_started
api  |     target(sockets=sockets)
api  |     ~~~~~~^^^^^^^^^^^^^^^^^
api  |   File "/usr/local/lib/python3.13/site-packages/uvicorn/supervisors/multiprocess.py", line 63, in target
api  |     return self.real_target(sockets)
api  |            ~~~~~~~~~~~~~~~~^^^^^^^^^
api  |   File "/usr/local/lib/python3.13/site-packages/uvicorn/server.py", line 66, in run
api  |     return asyncio.run(self.serve(sockets=sockets))
api  |            ~~~~~~~~~~~^^^^^^^^^^^^^^^^^^^^^^^^^^^^^
api  |   File "/usr/local/lib/python3.13/asyncio/runners.py", line 195, in run
api  |     return runner.run(main)
api  |            ~~~~~~~~~~^^^^^^
api  |   File "/usr/local/lib/python3.13/asyncio/runners.py", line 118, in run
api  |     return self._loop.run_until_complete(task)
api  |            ~~~~~~~~~~~~~~~~~~~~~~~~~~~~~^^^^^^
api  |   File "uvloop/loop.pyx", line 1518, in uvloop.loop.Loop.run_until_complete
api  |   File "/usr/local/lib/python3.13/site-packages/uvicorn/server.py", line 70, in serve
api  |     await self._serve(sockets)
api  |   File "/usr/local/lib/python3.13/site-packages/uvicorn/server.py", line 77, in _serve
api  |     config.load()
api  |     ~~~~~~~~~~~^^
api  |   File "/usr/local/lib/python3.13/site-packages/uvicorn/config.py", line 435, in load
api  |     self.loaded_app = import_from_string(self.app)
api  |                       ~~~~~~~~~~~~~~~~~~^^^^^^^^^^
api  |   File "/usr/local/lib/python3.13/site-packages/uvicorn/importer.py", line 19, in import_from_string
api  |     module = importlib.import_module(module_str)
api  |   File "/usr/local/lib/python3.13/importlib/__init__.py", line 88, in import_module
api  |     return _bootstrap._gcd_import(name[level:], package, level)
api  |            ~~~~~~~~~~~~~~~~~~~~~~^^^^^^^^^^^^^^^^^^^^^^^^^^^^^^
api  |   File "<frozen importlib._bootstrap>", line 1395, in _gcd_import
api  |   File "<frozen importlib._bootstrap>", line 1360, in _find_and_load
api  |   File "<frozen importlib._bootstrap>", line 1331, in _find_and_load_unlocked
api  |   File "<frozen importlib._bootstrap>", line 935, in _load_unlocked
api  |   File "<frozen importlib._bootstrap_external>", line 1023, in exec_module
api  |   File "<frozen importlib._bootstrap>", line 488, in _call_with_frames_removed
api  |   File "/app/app/main.py", line 9, in <module>
api  |     from app.rabbitmq import rabbitmq_publisher
api  | ImportError: cannot import name 'rabbitmq_publisher' from 'app.rabbitmq' (/app/app/rabbitmq.py)
api  | INFO:     Waiting for child process [257]
api  | INFO:     Child process [257] died
api  | INFO:     Waiting for child process [258]
api  | INFO:     Child process [258] died
api  | INFO:     Waiting for child process [259]
api  | INFO:     Child process [259] died
api  | INFO:     Waiting for child process [260]
api  | INFO:     Child process [260] died
api  | Process SpawnProcess-131:
api  | Traceback (most recent call last):
api  |   File "/usr/local/lib/python3.13/multiprocessing/process.py", line 313, in _bootstrap
api  |     self.run()
api  |     ~~~~~~~~^^
api  |   File "/usr/local/lib/python3.13/multiprocessing/process.py", line 108, in run
api  |     self._target(*self._args, **self._kwargs)
api  |     ~~~~~~~~~~~~^^^^^^^^^^^^^^^^^^^^^^^^^^^^^
api  |   File "/usr/local/lib/python3.13/site-packages/uvicorn/_subprocess.py", line 80, in subprocess_started
api  |     target(sockets=sockets)
api  |     ~~~~~~^^^^^^^^^^^^^^^^^
api  |   File "/usr/local/lib/python3.13/site-packages/uvicorn/supervisors/multiprocess.py", line 63, in target
api  |     return self.real_target(sockets)
api  |            ~~~~~~~~~~~~~~~~^^^^^^^^^
api  |   File "/usr/local/lib/python3.13/site-packages/uvicorn/server.py", line 66, in run
api  |     return asyncio.run(self.serve(sockets=sockets))
api  |            ~~~~~~~~~~~^^^^^^^^^^^^^^^^^^^^^^^^^^^^^
api  |   File "/usr/local/lib/python3.13/asyncio/runners.py", line 195, in run
api  |     return runner.run(main)
api  |            ~~~~~~~~~~^^^^^^
api  |   File "/usr/local/lib/python3.13/asyncio/runners.py", line 118, in run
api  |     return self._loop.run_until_complete(task)
api  |            ~~~~~~~~~~~~~~~~~~~~~~~~~~~~~^^^^^^
api  |   File "uvloop/loop.pyx", line 1518, in uvloop.loop.Loop.run_until_complete
api  |   File "/usr/local/lib/python3.13/site-packages/uvicorn/server.py", line 70, in serve
api  |     await self._serve(sockets)
api  |   File "/usr/local/lib/python3.13/site-packages/uvicorn/server.py", line 77, in _serve
api  |     config.load()
api  |     ~~~~~~~~~~~^^
api  |   File "/usr/local/lib/python3.13/site-packages/uvicorn/config.py", line 435, in load
api  |     self.loaded_app = import_from_string(self.app)
api  |                       ~~~~~~~~~~~~~~~~~~^^^^^^^^^^
api  |   File "/usr/local/lib/python3.13/site-packages/uvicorn/importer.py", line 19, in import_from_string
api  |     module = importlib.import_module(module_str)
api  |   File "/usr/local/lib/python3.13/importlib/__init__.py", line 88, in import_module
api  |     return _bootstrap._gcd_import(name[level:], package, level)
api  |            ~~~~~~~~~~~~~~~~~~~~~~^^^^^^^^^^^^^^^^^^^^^^^^^^^^^^
api  |   File "<frozen importlib._bootstrap>", line 1395, in _gcd_import
api  |   File "<frozen importlib._bootstrap>", line 1360, in _find_and_load
api  |   File "<frozen importlib._bootstrap>", line 1331, in _find_and_load_unlocked
api  |   File "<frozen importlib._bootstrap>", line 935, in _load_unlocked
api  |   File "<frozen importlib._bootstrap_external>", line 1023, in exec_module
api  |   File "<frozen importlib._bootstrap>", line 488, in _call_with_frames_removed
api  |   File "/app/app/main.py", line 9, in <module>
api  |     from app.rabbitmq import rabbitmq_publisher
api  | ImportError: cannot import name 'rabbitmq_publisher' from 'app.rabbitmq' (/app/app/rabbitmq.py)
api  | Process SpawnProcess-130:
api  | Traceback (most recent call last):
api  |   File "/usr/local/lib/python3.13/multiprocessing/process.py", line 313, in _bootstrap
api  |     self.run()
api  |     ~~~~~~~~^^
api  |   File "/usr/local/lib/python3.13/multiprocessing/process.py", line 108, in run
api  |     self._target(*self._args, **self._kwargs)
api  |     ~~~~~~~~~~~~^^^^^^^^^^^^^^^^^^^^^^^^^^^^^
api  |   File "/usr/local/lib/python3.13/site-packages/uvicorn/_subprocess.py", line 80, in subprocess_started
api  |     target(sockets=sockets)
api  |     ~~~~~~^^^^^^^^^^^^^^^^^
api  |   File "/usr/local/lib/python3.13/site-packages/uvicorn/supervisors/multiprocess.py", line 63, in target
api  |     return self.real_target(sockets)
api  |            ~~~~~~~~~~~~~~~~^^^^^^^^^
api  |   File "/usr/local/lib/python3.13/site-packages/uvicorn/server.py", line 66, in run
api  |     return asyncio.run(self.serve(sockets=sockets))
api  |            ~~~~~~~~~~~^^^^^^^^^^^^^^^^^^^^^^^^^^^^^
api  |   File "/usr/local/lib/python3.13/asyncio/runners.py", line 195, in run
api  |     return runner.run(main)
api  |            ~~~~~~~~~~^^^^^^
api  |   File "/usr/local/lib/python3.13/asyncio/runners.py", line 118, in run
api  |     return self._loop.run_until_complete(task)
api  |            ~~~~~~~~~~~~~~~~~~~~~~~~~~~~~^^^^^^
api  |   File "uvloop/loop.pyx", line 1518, in uvloop.loop.Loop.run_until_complete
api  |   File "/usr/local/lib/python3.13/site-packages/uvicorn/server.py", line 70, in serve
api  |     await self._serve(sockets)
api  |   File "/usr/local/lib/python3.13/site-packages/uvicorn/server.py", line 77, in _serve
api  |     config.load()
api  |     ~~~~~~~~~~~^^
api  |   File "/usr/local/lib/python3.13/site-packages/uvicorn/config.py", line 435, in load
api  |     self.loaded_app = import_from_string(self.app)
api  |                       ~~~~~~~~~~~~~~~~~~^^^^^^^^^^
api  |   File "/usr/local/lib/python3.13/site-packages/uvicorn/importer.py", line 19, in import_from_string
api  |     module = importlib.import_module(module_str)
api  |   File "/usr/local/lib/python3.13/importlib/__init__.py", line 88, in import_module
api  |     return _bootstrap._gcd_import(name[level:], package, level)
api  |            ~~~~~~~~~~~~~~~~~~~~~~^^^^^^^^^^^^^^^^^^^^^^^^^^^^^^
api  |   File "<frozen importlib._bootstrap>", line 1395, in _gcd_import
api  |   File "<frozen importlib._bootstrap>", line 1360, in _find_and_load
api  |   File "<frozen importlib._bootstrap>", line 1331, in _find_and_load_unlocked
api  |   File "<frozen importlib._bootstrap>", line 935, in _load_unlocked
api  |   File "<frozen importlib._bootstrap_external>", line 1023, in exec_module
api  |   File "<frozen importlib._bootstrap>", line 488, in _call_with_frames_removed
api  |   File "/app/app/main.py", line 9, in <module>
api  |     from app.rabbitmq import rabbitmq_publisher
api  | ImportError: cannot import name 'rabbitmq_publisher' from 'app.rabbitmq' (/app/app/rabbitmq.py)
api  | INFO:     Waiting for child process [265]
api  | INFO:     Child process [265] died
api  | INFO:     Waiting for child process [266]
api  | INFO:     Child process [266] died
api  | Process SpawnProcess-133:
api  | Process SpawnProcess-132:
api  | Traceback (most recent call last):
api  |   File "/usr/local/lib/python3.13/multiprocessing/process.py", line 313, in _bootstrap
api  |     self.run()
api  |     ~~~~~~~~^^
api  |   File "/usr/local/lib/python3.13/multiprocessing/process.py", line 108, in run
api  |     self._target(*self._args, **self._kwargs)
api  |     ~~~~~~~~~~~~^^^^^^^^^^^^^^^^^^^^^^^^^^^^^
api  |   File "/usr/local/lib/python3.13/site-packages/uvicorn/_subprocess.py", line 80, in subprocess_started
api  |     target(sockets=sockets)
api  |     ~~~~~~^^^^^^^^^^^^^^^^^
api  |   File "/usr/local/lib/python3.13/site-packages/uvicorn/supervisors/multiprocess.py", line 63, in target
api  |     return self.real_target(sockets)
api  |            ~~~~~~~~~~~~~~~~^^^^^^^^^
api  | Traceback (most recent call last):
api  |   File "/usr/local/lib/python3.13/multiprocessing/process.py", line 313, in _bootstrap
api  |     self.run()
api  |     ~~~~~~~~^^
api  |   File "/usr/local/lib/python3.13/site-packages/uvicorn/server.py", line 66, in run
api  |     return asyncio.run(self.serve(sockets=sockets))
api  |            ~~~~~~~~~~~^^^^^^^^^^^^^^^^^^^^^^^^^^^^^
api  |   File "/usr/local/lib/python3.13/asyncio/runners.py", line 195, in run
api  |     return runner.run(main)
api  |            ~~~~~~~~~~^^^^^^
api  |   File "/usr/local/lib/python3.13/asyncio/runners.py", line 118, in run
api  |     return self._loop.run_until_complete(task)
api  |            ~~~~~~~~~~~~~~~~~~~~~~~~~~~~~^^^^^^
api  |   File "uvloop/loop.pyx", line 1518, in uvloop.loop.Loop.run_until_complete
api  |   File "/usr/local/lib/python3.13/site-packages/uvicorn/server.py", line 70, in serve
api  |     await self._serve(sockets)
api  |   File "/usr/local/lib/python3.13/site-packages/uvicorn/server.py", line 77, in _serve
api  |     config.load()
api  |     ~~~~~~~~~~~^^
api  |   File "/usr/local/lib/python3.13/site-packages/uvicorn/config.py", line 435, in load
api  |     self.loaded_app = import_from_string(self.app)
api  |                       ~~~~~~~~~~~~~~~~~~^^^^^^^^^^
api  |   File "/usr/local/lib/python3.13/site-packages/uvicorn/importer.py", line 19, in import_from_string
api  |     module = importlib.import_module(module_str)
api  |   File "/usr/local/lib/python3.13/importlib/__init__.py", line 88, in import_module
api  |     return _bootstrap._gcd_import(name[level:], package, level)
api  |            ~~~~~~~~~~~~~~~~~~~~~~^^^^^^^^^^^^^^^^^^^^^^^^^^^^^^
api  |   File "<frozen importlib._bootstrap>", line 1395, in _gcd_import
api  |   File "<frozen importlib._bootstrap>", line 1360, in _find_and_load
api  |   File "<frozen importlib._bootstrap>", line 1331, in _find_and_load_unlocked
api  |   File "<frozen importlib._bootstrap>", line 935, in _load_unlocked
api  |   File "<frozen importlib._bootstrap_external>", line 1023, in exec_module
api  |   File "<frozen importlib._bootstrap>", line 488, in _call_with_frames_removed
api  |   File "/app/app/main.py", line 9, in <module>
api  |     from app.rabbitmq import rabbitmq_publisher
api  | ImportError: cannot import name 'rabbitmq_publisher' from 'app.rabbitmq' (/app/app/rabbitmq.py)
api  |   File "/usr/local/lib/python3.13/multiprocessing/process.py", line 108, in run
api  |     self._target(*self._args, **self._kwargs)
api  |     ~~~~~~~~~~~~^^^^^^^^^^^^^^^^^^^^^^^^^^^^^
api  |   File "/usr/local/lib/python3.13/site-packages/uvicorn/_subprocess.py", line 80, in subprocess_started
api  |     target(sockets=sockets)
api  |     ~~~~~~^^^^^^^^^^^^^^^^^
api  |   File "/usr/local/lib/python3.13/site-packages/uvicorn/supervisors/multiprocess.py", line 63, in target
api  |     return self.real_target(sockets)
api  |            ~~~~~~~~~~~~~~~~^^^^^^^^^
api  |   File "/usr/local/lib/python3.13/site-packages/uvicorn/server.py", line 66, in run
api  |     return asyncio.run(self.serve(sockets=sockets))
api  |            ~~~~~~~~~~~^^^^^^^^^^^^^^^^^^^^^^^^^^^^^
api  |   File "/usr/local/lib/python3.13/asyncio/runners.py", line 195, in run
api  |     return runner.run(main)
api  |            ~~~~~~~~~~^^^^^^
api  |   File "/usr/local/lib/python3.13/asyncio/runners.py", line 118, in run
api  |     return self._loop.run_until_complete(task)
api  |            ~~~~~~~~~~~~~~~~~~~~~~~~~~~~~^^^^^^
api  |   File "uvloop/loop.pyx", line 1518, in uvloop.loop.Loop.run_until_complete
api  |   File "/usr/local/lib/python3.13/site-packages/uvicorn/server.py", line 70, in serve
api  |     await self._serve(sockets)
api  |   File "/usr/local/lib/python3.13/site-packages/uvicorn/server.py", line 77, in _serve
api  |     config.load()
api  |     ~~~~~~~~~~~^^
api  |   File "/usr/local/lib/python3.13/site-packages/uvicorn/config.py", line 435, in load
api  |     self.loaded_app = import_from_string(self.app)
api  |                       ~~~~~~~~~~~~~~~~~~^^^^^^^^^^
api  |   File "/usr/local/lib/python3.13/site-packages/uvicorn/importer.py", line 19, in import_from_string
api  |     module = importlib.import_module(module_str)
api  |   File "/usr/local/lib/python3.13/importlib/__init__.py", line 88, in import_module
api  |     return _bootstrap._gcd_import(name[level:], package, level)
api  |            ~~~~~~~~~~~~~~~~~~~~~~^^^^^^^^^^^^^^^^^^^^^^^^^^^^^^
api  |   File "<frozen importlib._bootstrap>", line 1395, in _gcd_import
api  |   File "<frozen importlib._bootstrap>", line 1360, in _find_and_load
api  |   File "<frozen importlib._bootstrap>", line 1331, in _find_and_load_unlocked
api  |   File "<frozen importlib._bootstrap>", line 935, in _load_unlocked
api  |   File "<frozen importlib._bootstrap_external>", line 1023, in exec_module
api  |   File "<frozen importlib._bootstrap>", line 488, in _call_with_frames_removed
api  |   File "/app/app/main.py", line 9, in <module>
api  |     from app.rabbitmq import rabbitmq_publisher
api  | ImportError: cannot import name 'rabbitmq_publisher' from 'app.rabbitmq' (/app/app/rabbitmq.py)
api  | Process SpawnProcess-135:
api  | Process SpawnProcess-134:
api  | Traceback (most recent call last):
api  | Traceback (most recent call last):
api  |   File "/usr/local/lib/python3.13/multiprocessing/process.py", line 313, in _bootstrap
api  |     self.run()
api  |     ~~~~~~~~^^
api  |   File "/usr/local/lib/python3.13/multiprocessing/process.py", line 108, in run
api  |     self._target(*self._args, **self._kwargs)
api  |     ~~~~~~~~~~~~^^^^^^^^^^^^^^^^^^^^^^^^^^^^^
api  |   File "/usr/local/lib/python3.13/site-packages/uvicorn/_subprocess.py", line 80, in subprocess_started
api  |     target(sockets=sockets)
api  |     ~~~~~~^^^^^^^^^^^^^^^^^
api  |   File "/usr/local/lib/python3.13/site-packages/uvicorn/supervisors/multiprocess.py", line 63, in target
api  |     return self.real_target(sockets)
api  |            ~~~~~~~~~~~~~~~~^^^^^^^^^
api  |   File "/usr/local/lib/python3.13/site-packages/uvicorn/server.py", line 66, in run
api  |     return asyncio.run(self.serve(sockets=sockets))
api  |            ~~~~~~~~~~~^^^^^^^^^^^^^^^^^^^^^^^^^^^^^
api  |   File "/usr/local/lib/python3.13/asyncio/runners.py", line 195, in run
api  |     return runner.run(main)
api  |            ~~~~~~~~~~^^^^^^
api  |   File "/usr/local/lib/python3.13/asyncio/runners.py", line 118, in run
api  |     return self._loop.run_until_complete(task)
api  |            ~~~~~~~~~~~~~~~~~~~~~~~~~~~~~^^^^^^
api  |   File "uvloop/loop.pyx", line 1518, in uvloop.loop.Loop.run_until_complete
api  |   File "/usr/local/lib/python3.13/site-packages/uvicorn/server.py", line 70, in serve
api  |     await self._serve(sockets)
api  |   File "/usr/local/lib/python3.13/site-packages/uvicorn/server.py", line 77, in _serve
api  |     config.load()
api  |     ~~~~~~~~~~~^^
api  |   File "/usr/local/lib/python3.13/site-packages/uvicorn/config.py", line 435, in load
api  |     self.loaded_app = import_from_string(self.app)
api  |                       ~~~~~~~~~~~~~~~~~~^^^^^^^^^^
api  |   File "/usr/local/lib/python3.13/site-packages/uvicorn/importer.py", line 19, in import_from_string
api  |     module = importlib.import_module(module_str)
api  |   File "/usr/local/lib/python3.13/importlib/__init__.py", line 88, in import_module
api  |     return _bootstrap._gcd_import(name[level:], package, level)
api  |            ~~~~~~~~~~~~~~~~~~~~~~^^^^^^^^^^^^^^^^^^^^^^^^^^^^^^
api  |   File "<frozen importlib._bootstrap>", line 1395, in _gcd_import
api  |   File "<frozen importlib._bootstrap>", line 1360, in _find_and_load
api  |   File "<frozen importlib._bootstrap>", line 1331, in _find_and_load_unlocked
api  |   File "<frozen importlib._bootstrap>", line 935, in _load_unlocked
api  |   File "<frozen importlib._bootstrap_external>", line 1023, in exec_module
api  |   File "<frozen importlib._bootstrap>", line 488, in _call_with_frames_removed
api  |   File "/app/app/main.py", line 9, in <module>
api  |     from app.rabbitmq import rabbitmq_publisher
api  | ImportError: cannot import name 'rabbitmq_publisher' from 'app.rabbitmq' (/app/app/rabbitmq.py)
api  |   File "/usr/local/lib/python3.13/multiprocessing/process.py", line 313, in _bootstrap
api  |     self.run()
api  |     ~~~~~~~~^^
api  |   File "/usr/local/lib/python3.13/multiprocessing/process.py", line 108, in run
api  |     self._target(*self._args, **self._kwargs)
api  |     ~~~~~~~~~~~~^^^^^^^^^^^^^^^^^^^^^^^^^^^^^
api  |   File "/usr/local/lib/python3.13/site-packages/uvicorn/_subprocess.py", line 80, in subprocess_started
api  |     target(sockets=sockets)
api  |     ~~~~~~^^^^^^^^^^^^^^^^^
api  |   File "/usr/local/lib/python3.13/site-packages/uvicorn/supervisors/multiprocess.py", line 63, in target
api  |     return self.real_target(sockets)
api  |            ~~~~~~~~~~~~~~~~^^^^^^^^^
api  |   File "/usr/local/lib/python3.13/site-packages/uvicorn/server.py", line 66, in run
api  |     return asyncio.run(self.serve(sockets=sockets))
api  |            ~~~~~~~~~~~^^^^^^^^^^^^^^^^^^^^^^^^^^^^^
api  |   File "/usr/local/lib/python3.13/asyncio/runners.py", line 195, in run
api  |     return runner.run(main)
api  |            ~~~~~~~~~~^^^^^^
api  |   File "/usr/local/lib/python3.13/asyncio/runners.py", line 118, in run
api  |     return self._loop.run_until_complete(task)
api  |            ~~~~~~~~~~~~~~~~~~~~~~~~~~~~~^^^^^^
api  |   File "uvloop/loop.pyx", line 1518, in uvloop.loop.Loop.run_until_complete
api  |   File "/usr/local/lib/python3.13/site-packages/uvicorn/server.py", line 70, in serve
api  |     await self._serve(sockets)
api  |   File "/usr/local/lib/python3.13/site-packages/uvicorn/server.py", line 77, in _serve
api  |     config.load()
api  |     ~~~~~~~~~~~^^
api  |   File "/usr/local/lib/python3.13/site-packages/uvicorn/config.py", line 435, in load
api  |     self.loaded_app = import_from_string(self.app)
api  |                       ~~~~~~~~~~~~~~~~~~^^^^^^^^^^
api  |   File "/usr/local/lib/python3.13/site-packages/uvicorn/importer.py", line 19, in import_from_string
api  |     module = importlib.import_module(module_str)
api  |   File "/usr/local/lib/python3.13/importlib/__init__.py", line 88, in import_module
api  |     return _bootstrap._gcd_import(name[level:], package, level)
api  |            ~~~~~~~~~~~~~~~~~~~~~~^^^^^^^^^^^^^^^^^^^^^^^^^^^^^^
api  |   File "<frozen importlib._bootstrap>", line 1395, in _gcd_import
api  |   File "<frozen importlib._bootstrap>", line 1360, in _find_and_load
api  |   File "<frozen importlib._bootstrap>", line 1331, in _find_and_load_unlocked
api  |   File "<frozen importlib._bootstrap>", line 935, in _load_unlocked
api  |   File "<frozen importlib._bootstrap_external>", line 1023, in exec_module
api  |   File "<frozen importlib._bootstrap>", line 488, in _call_with_frames_removed
api  |   File "/app/app/main.py", line 9, in <module>
api  |     from app.rabbitmq import rabbitmq_publisher
api  | ImportError: cannot import name 'rabbitmq_publisher' from 'app.rabbitmq' (/app/app/rabbitmq.py)
api  | INFO:     Waiting for child process [267]
api  | INFO:     Child process [267] died
api  | INFO:     Waiting for child process [268]
api  | INFO:     Child process [268] died
api  | INFO:     Waiting for child process [273]
api  | INFO:     Child process [273] died
api  | INFO:     Waiting for child process [274]
api  | INFO:     Child process [274] died
api  | Process SpawnProcess-137:
api  | Process SpawnProcess-138:
api  | Traceback (most recent call last):
api  |   File "/usr/local/lib/python3.13/multiprocessing/process.py", line 313, in _bootstrap
api  |     self.run()
api  |     ~~~~~~~~^^
api  |   File "/usr/local/lib/python3.13/multiprocessing/process.py", line 108, in run
api  |     self._target(*self._args, **self._kwargs)
api  |     ~~~~~~~~~~~~^^^^^^^^^^^^^^^^^^^^^^^^^^^^^
api  |   File "/usr/local/lib/python3.13/site-packages/uvicorn/_subprocess.py", line 80, in subprocess_started
api  |     target(sockets=sockets)
api  |     ~~~~~~^^^^^^^^^^^^^^^^^
api  |   File "/usr/local/lib/python3.13/site-packages/uvicorn/supervisors/multiprocess.py", line 63, in target
api  |     return self.real_target(sockets)
api  |            ~~~~~~~~~~~~~~~~^^^^^^^^^
api  |   File "/usr/local/lib/python3.13/site-packages/uvicorn/server.py", line 66, in run
api  |     return asyncio.run(self.serve(sockets=sockets))
api  |            ~~~~~~~~~~~^^^^^^^^^^^^^^^^^^^^^^^^^^^^^
api  | Process SpawnProcess-136:
api  |   File "/usr/local/lib/python3.13/asyncio/runners.py", line 195, in run
api  |     return runner.run(main)
api  |            ~~~~~~~~~~^^^^^^
api  |   File "/usr/local/lib/python3.13/asyncio/runners.py", line 118, in run
api  |     return self._loop.run_until_complete(task)
api  |            ~~~~~~~~~~~~~~~~~~~~~~~~~~~~~^^^^^^
api  |   File "uvloop/loop.pyx", line 1518, in uvloop.loop.Loop.run_until_complete
api  |   File "/usr/local/lib/python3.13/site-packages/uvicorn/server.py", line 70, in serve
api  |     await self._serve(sockets)
api  |   File "/usr/local/lib/python3.13/site-packages/uvicorn/server.py", line 77, in _serve
api  |     config.load()
api  |     ~~~~~~~~~~~^^
api  |   File "/usr/local/lib/python3.13/site-packages/uvicorn/config.py", line 435, in load
api  |     self.loaded_app = import_from_string(self.app)
api  |                       ~~~~~~~~~~~~~~~~~~^^^^^^^^^^
api  |   File "/usr/local/lib/python3.13/site-packages/uvicorn/importer.py", line 19, in import_from_string
api  |     module = importlib.import_module(module_str)
api  |   File "/usr/local/lib/python3.13/importlib/__init__.py", line 88, in import_module
api  |     return _bootstrap._gcd_import(name[level:], package, level)
api  |            ~~~~~~~~~~~~~~~~~~~~~~^^^^^^^^^^^^^^^^^^^^^^^^^^^^^^
api  |   File "<frozen importlib._bootstrap>", line 1395, in _gcd_import
api  |   File "<frozen importlib._bootstrap>", line 1360, in _find_and_load
api  |   File "<frozen importlib._bootstrap>", line 1331, in _find_and_load_unlocked
api  |   File "<frozen importlib._bootstrap>", line 935, in _load_unlocked
api  |   File "<frozen importlib._bootstrap_external>", line 1023, in exec_module
api  |   File "<frozen importlib._bootstrap>", line 488, in _call_with_frames_removed
api  |   File "/app/app/main.py", line 9, in <module>
api  |     from app.rabbitmq import rabbitmq_publisher
api  | ImportError: cannot import name 'rabbitmq_publisher' from 'app.rabbitmq' (/app/app/rabbitmq.py)
api  | Traceback (most recent call last):
api  |   File "/usr/local/lib/python3.13/multiprocessing/process.py", line 313, in _bootstrap
api  |     self.run()
api  |     ~~~~~~~~^^
api  |   File "/usr/local/lib/python3.13/multiprocessing/process.py", line 108, in run
api  |     self._target(*self._args, **self._kwargs)
api  |     ~~~~~~~~~~~~^^^^^^^^^^^^^^^^^^^^^^^^^^^^^
api  |   File "/usr/local/lib/python3.13/site-packages/uvicorn/_subprocess.py", line 80, in subprocess_started
api  |     target(sockets=sockets)
api  |     ~~~~~~^^^^^^^^^^^^^^^^^
api  |   File "/usr/local/lib/python3.13/site-packages/uvicorn/supervisors/multiprocess.py", line 63, in target
api  |     return self.real_target(sockets)
api  |            ~~~~~~~~~~~~~~~~^^^^^^^^^
api  |   File "/usr/local/lib/python3.13/site-packages/uvicorn/server.py", line 66, in run
api  |     return asyncio.run(self.serve(sockets=sockets))
api  |            ~~~~~~~~~~~^^^^^^^^^^^^^^^^^^^^^^^^^^^^^
api  |   File "/usr/local/lib/python3.13/asyncio/runners.py", line 195, in run
api  |     return runner.run(main)
api  |            ~~~~~~~~~~^^^^^^
api  |   File "/usr/local/lib/python3.13/asyncio/runners.py", line 118, in run
api  |     return self._loop.run_until_complete(task)
api  |            ~~~~~~~~~~~~~~~~~~~~~~~~~~~~~^^^^^^
api  |   File "uvloop/loop.pyx", line 1518, in uvloop.loop.Loop.run_until_complete
api  |   File "/usr/local/lib/python3.13/site-packages/uvicorn/server.py", line 70, in serve
api  |     await self._serve(sockets)
api  |   File "/usr/local/lib/python3.13/site-packages/uvicorn/server.py", line 77, in _serve
api  |     config.load()
api  |     ~~~~~~~~~~~^^
api  |   File "/usr/local/lib/python3.13/site-packages/uvicorn/config.py", line 435, in load
api  |     self.loaded_app = import_from_string(self.app)
api  |                       ~~~~~~~~~~~~~~~~~~^^^^^^^^^^
api  |   File "/usr/local/lib/python3.13/site-packages/uvicorn/importer.py", line 19, in import_from_string
api  |     module = importlib.import_module(module_str)
api  |   File "/usr/local/lib/python3.13/importlib/__init__.py", line 88, in import_module
api  |     return _bootstrap._gcd_import(name[level:], package, level)
api  |            ~~~~~~~~~~~~~~~~~~~~~~^^^^^^^^^^^^^^^^^^^^^^^^^^^^^^
api  |   File "<frozen importlib._bootstrap>", line 1395, in _gcd_import
api  |   File "<frozen importlib._bootstrap>", line 1360, in _find_and_load
api  |   File "<frozen importlib._bootstrap>", line 1331, in _find_and_load_unlocked
api  |   File "<frozen importlib._bootstrap>", line 935, in _load_unlocked
api  |   File "<frozen importlib._bootstrap_external>", line 1023, in exec_module
api  |   File "<frozen importlib._bootstrap>", line 488, in _call_with_frames_removed
api  |   File "/app/app/main.py", line 9, in <module>
api  |     from app.rabbitmq import rabbitmq_publisher
api  | ImportError: cannot import name 'rabbitmq_publisher' from 'app.rabbitmq' (/app/app/rabbitmq.py)
api  | Process SpawnProcess-139:
api  | Traceback (most recent call last):
api  |   File "/usr/local/lib/python3.13/multiprocessing/process.py", line 313, in _bootstrap
api  |     self.run()
api  |     ~~~~~~~~^^
api  |   File "/usr/local/lib/python3.13/multiprocessing/process.py", line 108, in run
api  |     self._target(*self._args, **self._kwargs)
api  |     ~~~~~~~~~~~~^^^^^^^^^^^^^^^^^^^^^^^^^^^^^
api  |   File "/usr/local/lib/python3.13/site-packages/uvicorn/_subprocess.py", line 80, in subprocess_started
api  |     target(sockets=sockets)
api  |     ~~~~~~^^^^^^^^^^^^^^^^^
api  |   File "/usr/local/lib/python3.13/site-packages/uvicorn/supervisors/multiprocess.py", line 63, in target
api  |     return self.real_target(sockets)
api  |            ~~~~~~~~~~~~~~~~^^^^^^^^^
api  |   File "/usr/local/lib/python3.13/site-packages/uvicorn/server.py", line 66, in run
api  |     return asyncio.run(self.serve(sockets=sockets))
api  |            ~~~~~~~~~~~^^^^^^^^^^^^^^^^^^^^^^^^^^^^^
api  |   File "/usr/local/lib/python3.13/asyncio/runners.py", line 195, in run
api  |     return runner.run(main)
api  |            ~~~~~~~~~~^^^^^^
api  |   File "/usr/local/lib/python3.13/asyncio/runners.py", line 118, in run
api  |     return self._loop.run_until_complete(task)
api  |            ~~~~~~~~~~~~~~~~~~~~~~~~~~~~~^^^^^^
api  |   File "uvloop/loop.pyx", line 1518, in uvloop.loop.Loop.run_until_complete
api  |   File "/usr/local/lib/python3.13/site-packages/uvicorn/server.py", line 70, in serve
api  |     await self._serve(sockets)
api  |   File "/usr/local/lib/python3.13/site-packages/uvicorn/server.py", line 77, in _serve
api  |     config.load()
api  |     ~~~~~~~~~~~^^
api  |   File "/usr/local/lib/python3.13/site-packages/uvicorn/config.py", line 435, in load
api  |     self.loaded_app = import_from_string(self.app)
api  |                       ~~~~~~~~~~~~~~~~~~^^^^^^^^^^
api  |   File "/usr/local/lib/python3.13/site-packages/uvicorn/importer.py", line 19, in import_from_string
api  |     module = importlib.import_module(module_str)
api  |   File "/usr/local/lib/python3.13/importlib/__init__.py", line 88, in import_module
api  |     return _bootstrap._gcd_import(name[level:], package, level)
api  |            ~~~~~~~~~~~~~~~~~~~~~~^^^^^^^^^^^^^^^^^^^^^^^^^^^^^^
api  |   File "<frozen importlib._bootstrap>", line 1395, in _gcd_import
api  |   File "<frozen importlib._bootstrap>", line 1360, in _find_and_load
api  |   File "<frozen importlib._bootstrap>", line 1331, in _find_and_load_unlocked
api  |   File "<frozen importlib._bootstrap>", line 935, in _load_unlocked
api  |   File "<frozen importlib._bootstrap_external>", line 1023, in exec_module
api  |   File "<frozen importlib._bootstrap>", line 488, in _call_with_frames_removed
api  |   File "/app/app/main.py", line 9, in <module>
api  |     from app.rabbitmq import rabbitmq_publisher
api  | ImportError: cannot import name 'rabbitmq_publisher' from 'app.rabbitmq' (/app/app/rabbitmq.py)
api  | Traceback (most recent call last):
api  |   File "/usr/local/lib/python3.13/multiprocessing/process.py", line 313, in _bootstrap
api  |     self.run()
api  |     ~~~~~~~~^^
api  |   File "/usr/local/lib/python3.13/multiprocessing/process.py", line 108, in run
api  |     self._target(*self._args, **self._kwargs)
api  |     ~~~~~~~~~~~~^^^^^^^^^^^^^^^^^^^^^^^^^^^^^
api  |   File "/usr/local/lib/python3.13/site-packages/uvicorn/_subprocess.py", line 80, in subprocess_started
api  |     target(sockets=sockets)
api  |     ~~~~~~^^^^^^^^^^^^^^^^^
api  |   File "/usr/local/lib/python3.13/site-packages/uvicorn/supervisors/multiprocess.py", line 63, in target
api  |     return self.real_target(sockets)
api  |            ~~~~~~~~~~~~~~~~^^^^^^^^^
api  |   File "/usr/local/lib/python3.13/site-packages/uvicorn/server.py", line 66, in run
api  |     return asyncio.run(self.serve(sockets=sockets))
api  |            ~~~~~~~~~~~^^^^^^^^^^^^^^^^^^^^^^^^^^^^^
api  |   File "/usr/local/lib/python3.13/asyncio/runners.py", line 195, in run
api  |     return runner.run(main)
api  |            ~~~~~~~~~~^^^^^^
api  |   File "/usr/local/lib/python3.13/asyncio/runners.py", line 118, in run
api  |     return self._loop.run_until_complete(task)
api  |            ~~~~~~~~~~~~~~~~~~~~~~~~~~~~~^^^^^^
api  |   File "uvloop/loop.pyx", line 1518, in uvloop.loop.Loop.run_until_complete
api  |   File "/usr/local/lib/python3.13/site-packages/uvicorn/server.py", line 70, in serve
api  |     await self._serve(sockets)
api  |   File "/usr/local/lib/python3.13/site-packages/uvicorn/server.py", line 77, in _serve
api  |     config.load()
api  |     ~~~~~~~~~~~^^
api  |   File "/usr/local/lib/python3.13/site-packages/uvicorn/config.py", line 435, in load
api  |     self.loaded_app = import_from_string(self.app)
api  |                       ~~~~~~~~~~~~~~~~~~^^^^^^^^^^
api  |   File "/usr/local/lib/python3.13/site-packages/uvicorn/importer.py", line 19, in import_from_string
api  |     module = importlib.import_module(module_str)
api  |   File "/usr/local/lib/python3.13/importlib/__init__.py", line 88, in import_module
api  |     return _bootstrap._gcd_import(name[level:], package, level)
api  |            ~~~~~~~~~~~~~~~~~~~~~~^^^^^^^^^^^^^^^^^^^^^^^^^^^^^^
api  |   File "<frozen importlib._bootstrap>", line 1395, in _gcd_import
api  |   File "<frozen importlib._bootstrap>", line 1360, in _find_and_load
api  |   File "<frozen importlib._bootstrap>", line 1331, in _find_and_load_unlocked
api  |   File "<frozen importlib._bootstrap>", line 935, in _load_unlocked
api  |   File "<frozen importlib._bootstrap_external>", line 1023, in exec_module
api  |   File "<frozen importlib._bootstrap>", line 488, in _call_with_frames_removed
api  |   File "/app/app/main.py", line 9, in <module>
api  |     from app.rabbitmq import rabbitmq_publisher
api  | ImportError: cannot import name 'rabbitmq_publisher' from 'app.rabbitmq' (/app/app/rabbitmq.py)
api  | INFO:     Waiting for child process [277]
api  | INFO:     Child process [277] died
api  | INFO:     Waiting for child process [278]
api  | INFO:     Child process [278] died
api  | INFO:     Waiting for child process [279]
api  | INFO:     Child process [279] died
api  | INFO:     Waiting for child process [280]
api  | INFO:     Child process [280] died
api  | Process SpawnProcess-141:
api  | Process SpawnProcess-142:
api  | Process SpawnProcess-140:
api  | Traceback (most recent call last):
api  |   File "/usr/local/lib/python3.13/multiprocessing/process.py", line 313, in _bootstrap
api  |     self.run()
api  |     ~~~~~~~~^^
api  |   File "/usr/local/lib/python3.13/multiprocessing/process.py", line 108, in run
api  |     self._target(*self._args, **self._kwargs)
api  |     ~~~~~~~~~~~~^^^^^^^^^^^^^^^^^^^^^^^^^^^^^
api  |   File "/usr/local/lib/python3.13/site-packages/uvicorn/_subprocess.py", line 80, in subprocess_started
api  |     target(sockets=sockets)
api  |     ~~~~~~^^^^^^^^^^^^^^^^^
api  |   File "/usr/local/lib/python3.13/site-packages/uvicorn/supervisors/multiprocess.py", line 63, in target
api  |     return self.real_target(sockets)
api  |            ~~~~~~~~~~~~~~~~^^^^^^^^^
api  |   File "/usr/local/lib/python3.13/site-packages/uvicorn/server.py", line 66, in run
api  |     return asyncio.run(self.serve(sockets=sockets))
api  |            ~~~~~~~~~~~^^^^^^^^^^^^^^^^^^^^^^^^^^^^^
api  |   File "/usr/local/lib/python3.13/asyncio/runners.py", line 195, in run
api  |     return runner.run(main)
api  |            ~~~~~~~~~~^^^^^^
api  |   File "/usr/local/lib/python3.13/asyncio/runners.py", line 118, in run
api  |     return self._loop.run_until_complete(task)
api  |            ~~~~~~~~~~~~~~~~~~~~~~~~~~~~~^^^^^^
api  |   File "uvloop/loop.pyx", line 1518, in uvloop.loop.Loop.run_until_complete
api  |   File "/usr/local/lib/python3.13/site-packages/uvicorn/server.py", line 70, in serve
api  |     await self._serve(sockets)
api  |   File "/usr/local/lib/python3.13/site-packages/uvicorn/server.py", line 77, in _serve
api  |     config.load()
api  |     ~~~~~~~~~~~^^
api  |   File "/usr/local/lib/python3.13/site-packages/uvicorn/config.py", line 435, in load
api  |     self.loaded_app = import_from_string(self.app)
api  |                       ~~~~~~~~~~~~~~~~~~^^^^^^^^^^
api  |   File "/usr/local/lib/python3.13/site-packages/uvicorn/importer.py", line 19, in import_from_string
api  |     module = importlib.import_module(module_str)
api  |   File "/usr/local/lib/python3.13/importlib/__init__.py", line 88, in import_module
api  |     return _bootstrap._gcd_import(name[level:], package, level)
api  |            ~~~~~~~~~~~~~~~~~~~~~~^^^^^^^^^^^^^^^^^^^^^^^^^^^^^^
api  |   File "<frozen importlib._bootstrap>", line 1395, in _gcd_import
api  |   File "<frozen importlib._bootstrap>", line 1360, in _find_and_load
api  |   File "<frozen importlib._bootstrap>", line 1331, in _find_and_load_unlocked
api  |   File "<frozen importlib._bootstrap>", line 935, in _load_unlocked
api  |   File "<frozen importlib._bootstrap_external>", line 1023, in exec_module
api  |   File "<frozen importlib._bootstrap>", line 488, in _call_with_frames_removed
api  |   File "/app/app/main.py", line 9, in <module>
api  |     from app.rabbitmq import rabbitmq_publisher
api  | ImportError: cannot import name 'rabbitmq_publisher' from 'app.rabbitmq' (/app/app/rabbitmq.py)
api  | Traceback (most recent call last):
api  |   File "/usr/local/lib/python3.13/multiprocessing/process.py", line 313, in _bootstrap
api  |     self.run()
api  |     ~~~~~~~~^^
api  |   File "/usr/local/lib/python3.13/multiprocessing/process.py", line 108, in run
api  |     self._target(*self._args, **self._kwargs)
api  |     ~~~~~~~~~~~~^^^^^^^^^^^^^^^^^^^^^^^^^^^^^
api  |   File "/usr/local/lib/python3.13/site-packages/uvicorn/_subprocess.py", line 80, in subprocess_started
api  |     target(sockets=sockets)
api  |     ~~~~~~^^^^^^^^^^^^^^^^^
api  |   File "/usr/local/lib/python3.13/site-packages/uvicorn/supervisors/multiprocess.py", line 63, in target
api  |     return self.real_target(sockets)
api  |            ~~~~~~~~~~~~~~~~^^^^^^^^^
api  |   File "/usr/local/lib/python3.13/site-packages/uvicorn/server.py", line 66, in run
api  |     return asyncio.run(self.serve(sockets=sockets))
api  |            ~~~~~~~~~~~^^^^^^^^^^^^^^^^^^^^^^^^^^^^^
api  | Traceback (most recent call last):
api  |   File "/usr/local/lib/python3.13/asyncio/runners.py", line 195, in run
api  |     return runner.run(main)
api  |            ~~~~~~~~~~^^^^^^
api  |   File "/usr/local/lib/python3.13/asyncio/runners.py", line 118, in run
api  |     return self._loop.run_until_complete(task)
api  |            ~~~~~~~~~~~~~~~~~~~~~~~~~~~~~^^^^^^
api  |   File "uvloop/loop.pyx", line 1518, in uvloop.loop.Loop.run_until_complete
api  |   File "/usr/local/lib/python3.13/site-packages/uvicorn/server.py", line 70, in serve
api  |     await self._serve(sockets)
api  |   File "/usr/local/lib/python3.13/site-packages/uvicorn/server.py", line 77, in _serve
api  |     config.load()
api  |     ~~~~~~~~~~~^^
api  |   File "/usr/local/lib/python3.13/site-packages/uvicorn/config.py", line 435, in load
api  |     self.loaded_app = import_from_string(self.app)
api  |                       ~~~~~~~~~~~~~~~~~~^^^^^^^^^^
api  |   File "/usr/local/lib/python3.13/site-packages/uvicorn/importer.py", line 19, in import_from_string
api  |     module = importlib.import_module(module_str)
api  |   File "/usr/local/lib/python3.13/importlib/__init__.py", line 88, in import_module
api  |     return _bootstrap._gcd_import(name[level:], package, level)
api  |            ~~~~~~~~~~~~~~~~~~~~~~^^^^^^^^^^^^^^^^^^^^^^^^^^^^^^
api  |   File "<frozen importlib._bootstrap>", line 1395, in _gcd_import
api  |   File "<frozen importlib._bootstrap>", line 1360, in _find_and_load
api  |   File "<frozen importlib._bootstrap>", line 1331, in _find_and_load_unlocked
api  |   File "<frozen importlib._bootstrap>", line 935, in _load_unlocked
api  |   File "<frozen importlib._bootstrap_external>", line 1023, in exec_module
api  |   File "<frozen importlib._bootstrap>", line 488, in _call_with_frames_removed
api  |   File "/app/app/main.py", line 9, in <module>
api  |     from app.rabbitmq import rabbitmq_publisher
api  | ImportError: cannot import name 'rabbitmq_publisher' from 'app.rabbitmq' (/app/app/rabbitmq.py)
api  |   File "/usr/local/lib/python3.13/multiprocessing/process.py", line 313, in _bootstrap
api  |     self.run()
api  |     ~~~~~~~~^^
api  |   File "/usr/local/lib/python3.13/multiprocessing/process.py", line 108, in run
api  |     self._target(*self._args, **self._kwargs)
api  |     ~~~~~~~~~~~~^^^^^^^^^^^^^^^^^^^^^^^^^^^^^
api  |   File "/usr/local/lib/python3.13/site-packages/uvicorn/_subprocess.py", line 80, in subprocess_started
api  |     target(sockets=sockets)
api  |     ~~~~~~^^^^^^^^^^^^^^^^^
api  |   File "/usr/local/lib/python3.13/site-packages/uvicorn/supervisors/multiprocess.py", line 63, in target
api  |     return self.real_target(sockets)
api  |            ~~~~~~~~~~~~~~~~^^^^^^^^^
api  |   File "/usr/local/lib/python3.13/site-packages/uvicorn/server.py", line 66, in run
api  |     return asyncio.run(self.serve(sockets=sockets))
api  |            ~~~~~~~~~~~^^^^^^^^^^^^^^^^^^^^^^^^^^^^^
api  |   File "/usr/local/lib/python3.13/asyncio/runners.py", line 195, in run
api  |     return runner.run(main)
api  |            ~~~~~~~~~~^^^^^^
api  |   File "/usr/local/lib/python3.13/asyncio/runners.py", line 118, in run
api  |     return self._loop.run_until_complete(task)
api  |            ~~~~~~~~~~~~~~~~~~~~~~~~~~~~~^^^^^^
api  |   File "uvloop/loop.pyx", line 1518, in uvloop.loop.Loop.run_until_complete
api  |   File "/usr/local/lib/python3.13/site-packages/uvicorn/server.py", line 70, in serve
api  |     await self._serve(sockets)
api  |   File "/usr/local/lib/python3.13/site-packages/uvicorn/server.py", line 77, in _serve
api  |     config.load()
api  |     ~~~~~~~~~~~^^
api  |   File "/usr/local/lib/python3.13/site-packages/uvicorn/config.py", line 435, in load
api  |     self.loaded_app = import_from_string(self.app)
api  |                       ~~~~~~~~~~~~~~~~~~^^^^^^^^^^
api  |   File "/usr/local/lib/python3.13/site-packages/uvicorn/importer.py", line 19, in import_from_string
api  |     module = importlib.import_module(module_str)
api  |   File "/usr/local/lib/python3.13/importlib/__init__.py", line 88, in import_module
api  |     return _bootstrap._gcd_import(name[level:], package, level)
api  |            ~~~~~~~~~~~~~~~~~~~~~~^^^^^^^^^^^^^^^^^^^^^^^^^^^^^^
api  |   File "<frozen importlib._bootstrap>", line 1395, in _gcd_import
api  |   File "<frozen importlib._bootstrap>", line 1360, in _find_and_load
api  |   File "<frozen importlib._bootstrap>", line 1331, in _find_and_load_unlocked
api  |   File "<frozen importlib._bootstrap>", line 935, in _load_unlocked
api  |   File "<frozen importlib._bootstrap_external>", line 1023, in exec_module
api  |   File "<frozen importlib._bootstrap>", line 488, in _call_with_frames_removed
api  |   File "/app/app/main.py", line 9, in <module>
api  |     from app.rabbitmq import rabbitmq_publisher
api  | ImportError: cannot import name 'rabbitmq_publisher' from 'app.rabbitmq' (/app/app/rabbitmq.py)
api  | Process SpawnProcess-143:
api  | Traceback (most recent call last):
api  |   File "/usr/local/lib/python3.13/multiprocessing/process.py", line 313, in _bootstrap
api  |     self.run()
api  |     ~~~~~~~~^^
api  |   File "/usr/local/lib/python3.13/multiprocessing/process.py", line 108, in run
api  |     self._target(*self._args, **self._kwargs)
api  |     ~~~~~~~~~~~~^^^^^^^^^^^^^^^^^^^^^^^^^^^^^
api  |   File "/usr/local/lib/python3.13/site-packages/uvicorn/_subprocess.py", line 80, in subprocess_started
api  |     target(sockets=sockets)
api  |     ~~~~~~^^^^^^^^^^^^^^^^^
api  |   File "/usr/local/lib/python3.13/site-packages/uvicorn/supervisors/multiprocess.py", line 63, in target
api  |     return self.real_target(sockets)
api  |            ~~~~~~~~~~~~~~~~^^^^^^^^^
api  |   File "/usr/local/lib/python3.13/site-packages/uvicorn/server.py", line 66, in run
api  |     return asyncio.run(self.serve(sockets=sockets))
api  |            ~~~~~~~~~~~^^^^^^^^^^^^^^^^^^^^^^^^^^^^^
api  |   File "/usr/local/lib/python3.13/asyncio/runners.py", line 195, in run
api  |     return runner.run(main)
api  |            ~~~~~~~~~~^^^^^^
api  |   File "/usr/local/lib/python3.13/asyncio/runners.py", line 118, in run
api  |     return self._loop.run_until_complete(task)
api  |            ~~~~~~~~~~~~~~~~~~~~~~~~~~~~~^^^^^^
api  |   File "uvloop/loop.pyx", line 1518, in uvloop.loop.Loop.run_until_complete
api  |   File "/usr/local/lib/python3.13/site-packages/uvicorn/server.py", line 70, in serve
api  |     await self._serve(sockets)
api  |   File "/usr/local/lib/python3.13/site-packages/uvicorn/server.py", line 77, in _serve
api  |     config.load()
api  |     ~~~~~~~~~~~^^
api  |   File "/usr/local/lib/python3.13/site-packages/uvicorn/config.py", line 435, in load
api  |     self.loaded_app = import_from_string(self.app)
api  |                       ~~~~~~~~~~~~~~~~~~^^^^^^^^^^
api  |   File "/usr/local/lib/python3.13/site-packages/uvicorn/importer.py", line 19, in import_from_string
api  |     module = importlib.import_module(module_str)
api  |   File "/usr/local/lib/python3.13/importlib/__init__.py", line 88, in import_module
api  |     return _bootstrap._gcd_import(name[level:], package, level)
api  |            ~~~~~~~~~~~~~~~~~~~~~~^^^^^^^^^^^^^^^^^^^^^^^^^^^^^^
api  |   File "<frozen importlib._bootstrap>", line 1395, in _gcd_import
api  |   File "<frozen importlib._bootstrap>", line 1360, in _find_and_load
api  |   File "<frozen importlib._bootstrap>", line 1331, in _find_and_load_unlocked
api  |   File "<frozen importlib._bootstrap>", line 935, in _load_unlocked
api  |   File "<frozen importlib._bootstrap_external>", line 1023, in exec_module
api  |   File "<frozen importlib._bootstrap>", line 488, in _call_with_frames_removed
api  |   File "/app/app/main.py", line 9, in <module>
api  |     from app.rabbitmq import rabbitmq_publisher
api  | ImportError: cannot import name 'rabbitmq_publisher' from 'app.rabbitmq' (/app/app/rabbitmq.py)
api  | INFO:     Waiting for child process [285]
api  | INFO:     Child process [285] died
api  | INFO:     Waiting for child process [286]
api  | INFO:     Child process [286] died
api  | INFO:     Waiting for child process [287]
api  | INFO:     Child process [287] died
api  | Process SpawnProcess-144:
api  | Traceback (most recent call last):
api  |   File "/usr/local/lib/python3.13/multiprocessing/process.py", line 313, in _bootstrap
api  |     self.run()
api  |     ~~~~~~~~^^
api  |   File "/usr/local/lib/python3.13/multiprocessing/process.py", line 108, in run
api  |     self._target(*self._args, **self._kwargs)
api  |     ~~~~~~~~~~~~^^^^^^^^^^^^^^^^^^^^^^^^^^^^^
api  |   File "/usr/local/lib/python3.13/site-packages/uvicorn/_subprocess.py", line 80, in subprocess_started
api  |     target(sockets=sockets)
api  |     ~~~~~~^^^^^^^^^^^^^^^^^
api  |   File "/usr/local/lib/python3.13/site-packages/uvicorn/supervisors/multiprocess.py", line 63, in target
api  |     return self.real_target(sockets)
api  |            ~~~~~~~~~~~~~~~~^^^^^^^^^
api  |   File "/usr/local/lib/python3.13/site-packages/uvicorn/server.py", line 66, in run
api  |     return asyncio.run(self.serve(sockets=sockets))
api  |            ~~~~~~~~~~~^^^^^^^^^^^^^^^^^^^^^^^^^^^^^
api  |   File "/usr/local/lib/python3.13/asyncio/runners.py", line 195, in run
api  |     return runner.run(main)
api  |            ~~~~~~~~~~^^^^^^
api  |   File "/usr/local/lib/python3.13/asyncio/runners.py", line 118, in run
api  |     return self._loop.run_until_complete(task)
api  |            ~~~~~~~~~~~~~~~~~~~~~~~~~~~~~^^^^^^
api  |   File "uvloop/loop.pyx", line 1518, in uvloop.loop.Loop.run_until_complete
api  |   File "/usr/local/lib/python3.13/site-packages/uvicorn/server.py", line 70, in serve
api  |     await self._serve(sockets)
api  |   File "/usr/local/lib/python3.13/site-packages/uvicorn/server.py", line 77, in _serve
api  |     config.load()
api  |     ~~~~~~~~~~~^^
api  |   File "/usr/local/lib/python3.13/site-packages/uvicorn/config.py", line 435, in load
api  |     self.loaded_app = import_from_string(self.app)
api  |                       ~~~~~~~~~~~~~~~~~~^^^^^^^^^^
api  |   File "/usr/local/lib/python3.13/site-packages/uvicorn/importer.py", line 19, in import_from_string
api  |     module = importlib.import_module(module_str)
api  |   File "/usr/local/lib/python3.13/importlib/__init__.py", line 88, in import_module
api  |     return _bootstrap._gcd_import(name[level:], package, level)
api  |            ~~~~~~~~~~~~~~~~~~~~~~^^^^^^^^^^^^^^^^^^^^^^^^^^^^^^
api  |   File "<frozen importlib._bootstrap>", line 1395, in _gcd_import
api  |   File "<frozen importlib._bootstrap>", line 1360, in _find_and_load
api  |   File "<frozen importlib._bootstrap>", line 1331, in _find_and_load_unlocked
api  |   File "<frozen importlib._bootstrap>", line 935, in _load_unlocked
api  |   File "<frozen importlib._bootstrap_external>", line 1023, in exec_module
api  |   File "<frozen importlib._bootstrap>", line 488, in _call_with_frames_removed
api  |   File "/app/app/main.py", line 9, in <module>
api  |     from app.rabbitmq import rabbitmq_publisher
api  | ImportError: cannot import name 'rabbitmq_publisher' from 'app.rabbitmq' (/app/app/rabbitmq.py)
api  | Process SpawnProcess-145:
api  | Traceback (most recent call last):
api  |   File "/usr/local/lib/python3.13/multiprocessing/process.py", line 313, in _bootstrap
api  |     self.run()
api  |     ~~~~~~~~^^
api  |   File "/usr/local/lib/python3.13/multiprocessing/process.py", line 108, in run
api  |     self._target(*self._args, **self._kwargs)
api  |     ~~~~~~~~~~~~^^^^^^^^^^^^^^^^^^^^^^^^^^^^^
api  |   File "/usr/local/lib/python3.13/site-packages/uvicorn/_subprocess.py", line 80, in subprocess_started
api  |     target(sockets=sockets)
api  |     ~~~~~~^^^^^^^^^^^^^^^^^
api  |   File "/usr/local/lib/python3.13/site-packages/uvicorn/supervisors/multiprocess.py", line 63, in target
api  |     return self.real_target(sockets)
api  |            ~~~~~~~~~~~~~~~~^^^^^^^^^
api  |   File "/usr/local/lib/python3.13/site-packages/uvicorn/server.py", line 66, in run
api  |     return asyncio.run(self.serve(sockets=sockets))
api  |            ~~~~~~~~~~~^^^^^^^^^^^^^^^^^^^^^^^^^^^^^
api  |   File "/usr/local/lib/python3.13/asyncio/runners.py", line 195, in run
api  |     return runner.run(main)
api  |            ~~~~~~~~~~^^^^^^
api  |   File "/usr/local/lib/python3.13/asyncio/runners.py", line 118, in run
api  |     return self._loop.run_until_complete(task)
api  |            ~~~~~~~~~~~~~~~~~~~~~~~~~~~~~^^^^^^
api  |   File "uvloop/loop.pyx", line 1518, in uvloop.loop.Loop.run_until_complete
api  |   File "/usr/local/lib/python3.13/site-packages/uvicorn/server.py", line 70, in serve
api  |     await self._serve(sockets)
api  |   File "/usr/local/lib/python3.13/site-packages/uvicorn/server.py", line 77, in _serve
api  |     config.load()
api  |     ~~~~~~~~~~~^^
api  |   File "/usr/local/lib/python3.13/site-packages/uvicorn/config.py", line 435, in load
api  |     self.loaded_app = import_from_string(self.app)
api  |                       ~~~~~~~~~~~~~~~~~~^^^^^^^^^^
api  |   File "/usr/local/lib/python3.13/site-packages/uvicorn/importer.py", line 19, in import_from_string
api  |     module = importlib.import_module(module_str)
api  |   File "/usr/local/lib/python3.13/importlib/__init__.py", line 88, in import_module
api  |     return _bootstrap._gcd_import(name[level:], package, level)
api  |            ~~~~~~~~~~~~~~~~~~~~~~^^^^^^^^^^^^^^^^^^^^^^^^^^^^^^
api  |   File "<frozen importlib._bootstrap>", line 1395, in _gcd_import
api  |   File "<frozen importlib._bootstrap>", line 1360, in _find_and_load
api  |   File "<frozen importlib._bootstrap>", line 1331, in _find_and_load_unlocked
api  |   File "<frozen importlib._bootstrap>", line 935, in _load_unlocked
api  |   File "<frozen importlib._bootstrap_external>", line 1023, in exec_module
api  |   File "<frozen importlib._bootstrap>", line 488, in _call_with_frames_removed
api  |   File "/app/app/main.py", line 9, in <module>
api  |     from app.rabbitmq import rabbitmq_publisher
api  | ImportError: cannot import name 'rabbitmq_publisher' from 'app.rabbitmq' (/app/app/rabbitmq.py)
api  | Process SpawnProcess-146:
api  | Traceback (most recent call last):
api  |   File "/usr/local/lib/python3.13/multiprocessing/process.py", line 313, in _bootstrap
api  |     self.run()
api  |     ~~~~~~~~^^
api  |   File "/usr/local/lib/python3.13/multiprocessing/process.py", line 108, in run
api  |     self._target(*self._args, **self._kwargs)
api  |     ~~~~~~~~~~~~^^^^^^^^^^^^^^^^^^^^^^^^^^^^^
api  |   File "/usr/local/lib/python3.13/site-packages/uvicorn/_subprocess.py", line 80, in subprocess_started
api  |     target(sockets=sockets)
api  |     ~~~~~~^^^^^^^^^^^^^^^^^
api  |   File "/usr/local/lib/python3.13/site-packages/uvicorn/supervisors/multiprocess.py", line 63, in target
api  |     return self.real_target(sockets)
api  |            ~~~~~~~~~~~~~~~~^^^^^^^^^
api  |   File "/usr/local/lib/python3.13/site-packages/uvicorn/server.py", line 66, in run
api  |     return asyncio.run(self.serve(sockets=sockets))
api  |            ~~~~~~~~~~~^^^^^^^^^^^^^^^^^^^^^^^^^^^^^
api  |   File "/usr/local/lib/python3.13/asyncio/runners.py", line 195, in run
api  |     return runner.run(main)
api  |            ~~~~~~~~~~^^^^^^
api  |   File "/usr/local/lib/python3.13/asyncio/runners.py", line 118, in run
api  |     return self._loop.run_until_complete(task)
api  |            ~~~~~~~~~~~~~~~~~~~~~~~~~~~~~^^^^^^
api  |   File "uvloop/loop.pyx", line 1518, in uvloop.loop.Loop.run_until_complete
api  |   File "/usr/local/lib/python3.13/site-packages/uvicorn/server.py", line 70, in serve
api  |     await self._serve(sockets)
api  |   File "/usr/local/lib/python3.13/site-packages/uvicorn/server.py", line 77, in _serve
api  |     config.load()
api  |     ~~~~~~~~~~~^^
api  |   File "/usr/local/lib/python3.13/site-packages/uvicorn/config.py", line 435, in load
api  |     self.loaded_app = import_from_string(self.app)
api  |                       ~~~~~~~~~~~~~~~~~~^^^^^^^^^^
api  |   File "/usr/local/lib/python3.13/site-packages/uvicorn/importer.py", line 19, in import_from_string
api  |     module = importlib.import_module(module_str)
api  |   File "/usr/local/lib/python3.13/importlib/__init__.py", line 88, in import_module
api  |     return _bootstrap._gcd_import(name[level:], package, level)
api  |            ~~~~~~~~~~~~~~~~~~~~~~^^^^^^^^^^^^^^^^^^^^^^^^^^^^^^
api  |   File "<frozen importlib._bootstrap>", line 1395, in _gcd_import
api  |   File "<frozen importlib._bootstrap>", line 1360, in _find_and_load
api  |   File "<frozen importlib._bootstrap>", line 1331, in _find_and_load_unlocked
api  |   File "<frozen importlib._bootstrap>", line 935, in _load_unlocked
api  |   File "<frozen importlib._bootstrap_external>", line 1023, in exec_module
api  |   File "<frozen importlib._bootstrap>", line 488, in _call_with_frames_removed
api  |   File "/app/app/main.py", line 9, in <module>
api  |     from app.rabbitmq import rabbitmq_publisher
api  | ImportError: cannot import name 'rabbitmq_publisher' from 'app.rabbitmq' (/app/app/rabbitmq.py)
api  | INFO:     Waiting for child process [288]
api  | INFO:     Child process [288] died
api  | INFO:     Waiting for child process [293]
api  | INFO:     Child process [293] died
api  | INFO:     Waiting for child process [294]
api  | INFO:     Child process [294] died
api  | INFO:     Waiting for child process [295]
api  | INFO:     Child process [295] died
api  | Process SpawnProcess-147:
api  | Traceback (most recent call last):
api  |   File "/usr/local/lib/python3.13/multiprocessing/process.py", line 313, in _bootstrap
api  |     self.run()
api  |     ~~~~~~~~^^
api  |   File "/usr/local/lib/python3.13/multiprocessing/process.py", line 108, in run
api  |     self._target(*self._args, **self._kwargs)
api  |     ~~~~~~~~~~~~^^^^^^^^^^^^^^^^^^^^^^^^^^^^^
api  |   File "/usr/local/lib/python3.13/site-packages/uvicorn/_subprocess.py", line 80, in subprocess_started
api  |     target(sockets=sockets)
api  |     ~~~~~~^^^^^^^^^^^^^^^^^
api  |   File "/usr/local/lib/python3.13/site-packages/uvicorn/supervisors/multiprocess.py", line 63, in target
api  |     return self.real_target(sockets)
api  |            ~~~~~~~~~~~~~~~~^^^^^^^^^
api  |   File "/usr/local/lib/python3.13/site-packages/uvicorn/server.py", line 66, in run
api  |     return asyncio.run(self.serve(sockets=sockets))
api  |            ~~~~~~~~~~~^^^^^^^^^^^^^^^^^^^^^^^^^^^^^
api  |   File "/usr/local/lib/python3.13/asyncio/runners.py", line 195, in run
api  |     return runner.run(main)
api  |            ~~~~~~~~~~^^^^^^
api  |   File "/usr/local/lib/python3.13/asyncio/runners.py", line 118, in run
api  |     return self._loop.run_until_complete(task)
api  |            ~~~~~~~~~~~~~~~~~~~~~~~~~~~~~^^^^^^
api  |   File "uvloop/loop.pyx", line 1518, in uvloop.loop.Loop.run_until_complete
api  |   File "/usr/local/lib/python3.13/site-packages/uvicorn/server.py", line 70, in serve
api  |     await self._serve(sockets)
api  |   File "/usr/local/lib/python3.13/site-packages/uvicorn/server.py", line 77, in _serve
api  |     config.load()
api  |     ~~~~~~~~~~~^^
api  |   File "/usr/local/lib/python3.13/site-packages/uvicorn/config.py", line 435, in load
api  |     self.loaded_app = import_from_string(self.app)
api  |                       ~~~~~~~~~~~~~~~~~~^^^^^^^^^^
api  |   File "/usr/local/lib/python3.13/site-packages/uvicorn/importer.py", line 19, in import_from_string
api  |     module = importlib.import_module(module_str)
api  |   File "/usr/local/lib/python3.13/importlib/__init__.py", line 88, in import_module
api  |     return _bootstrap._gcd_import(name[level:], package, level)
api  |            ~~~~~~~~~~~~~~~~~~~~~~^^^^^^^^^^^^^^^^^^^^^^^^^^^^^^
api  |   File "<frozen importlib._bootstrap>", line 1395, in _gcd_import
api  |   File "<frozen importlib._bootstrap>", line 1360, in _find_and_load
api  |   File "<frozen importlib._bootstrap>", line 1331, in _find_and_load_unlocked
api  |   File "<frozen importlib._bootstrap>", line 935, in _load_unlocked
api  |   File "<frozen importlib._bootstrap_external>", line 1023, in exec_module
api  |   File "<frozen importlib._bootstrap>", line 488, in _call_with_frames_removed
api  |   File "/app/app/main.py", line 9, in <module>
api  |     from app.rabbitmq import rabbitmq_publisher
api  | ImportError: cannot import name 'rabbitmq_publisher' from 'app.rabbitmq' (/app/app/rabbitmq.py)
api  | INFO:     Waiting for child process [299]
api  | INFO:     Child process [299] died
api  | Process SpawnProcess-150:
api  | Process SpawnProcess-148:
api  | Traceback (most recent call last):
api  | Traceback (most recent call last):
api  |   File "/usr/local/lib/python3.13/multiprocessing/process.py", line 313, in _bootstrap
api  |     self.run()
api  |     ~~~~~~~~^^
api  |   File "/usr/local/lib/python3.13/multiprocessing/process.py", line 108, in run
api  |     self._target(*self._args, **self._kwargs)
api  |     ~~~~~~~~~~~~^^^^^^^^^^^^^^^^^^^^^^^^^^^^^
api  |   File "/usr/local/lib/python3.13/site-packages/uvicorn/_subprocess.py", line 80, in subprocess_started
api  |     target(sockets=sockets)
api  |     ~~~~~~^^^^^^^^^^^^^^^^^
api  |   File "/usr/local/lib/python3.13/site-packages/uvicorn/supervisors/multiprocess.py", line 63, in target
api  |     return self.real_target(sockets)
api  |            ~~~~~~~~~~~~~~~~^^^^^^^^^
api  |   File "/usr/local/lib/python3.13/site-packages/uvicorn/server.py", line 66, in run
api  |     return asyncio.run(self.serve(sockets=sockets))
api  |            ~~~~~~~~~~~^^^^^^^^^^^^^^^^^^^^^^^^^^^^^
api  |   File "/usr/local/lib/python3.13/multiprocessing/process.py", line 313, in _bootstrap
api  |     self.run()
api  |     ~~~~~~~~^^
api  |   File "/usr/local/lib/python3.13/multiprocessing/process.py", line 108, in run
api  |     self._target(*self._args, **self._kwargs)
api  |     ~~~~~~~~~~~~^^^^^^^^^^^^^^^^^^^^^^^^^^^^^
api  |   File "/usr/local/lib/python3.13/site-packages/uvicorn/_subprocess.py", line 80, in subprocess_started
api  |     target(sockets=sockets)
api  |     ~~~~~~^^^^^^^^^^^^^^^^^
api  |   File "/usr/local/lib/python3.13/site-packages/uvicorn/supervisors/multiprocess.py", line 63, in target
api  |     return self.real_target(sockets)
api  |            ~~~~~~~~~~~~~~~~^^^^^^^^^
api  |   File "/usr/local/lib/python3.13/site-packages/uvicorn/server.py", line 66, in run
api  |     return asyncio.run(self.serve(sockets=sockets))
api  |            ~~~~~~~~~~~^^^^^^^^^^^^^^^^^^^^^^^^^^^^^
api  |   File "/usr/local/lib/python3.13/asyncio/runners.py", line 195, in run
api  |     return runner.run(main)
api  |            ~~~~~~~~~~^^^^^^
api  |   File "/usr/local/lib/python3.13/asyncio/runners.py", line 118, in run
api  |     return self._loop.run_until_complete(task)
api  |            ~~~~~~~~~~~~~~~~~~~~~~~~~~~~~^^^^^^
api  |   File "uvloop/loop.pyx", line 1518, in uvloop.loop.Loop.run_until_complete
api  |   File "/usr/local/lib/python3.13/site-packages/uvicorn/server.py", line 70, in serve
api  |     await self._serve(sockets)
api  |   File "/usr/local/lib/python3.13/site-packages/uvicorn/server.py", line 77, in _serve
api  |     config.load()
api  |     ~~~~~~~~~~~^^
api  |   File "/usr/local/lib/python3.13/site-packages/uvicorn/config.py", line 435, in load
api  |     self.loaded_app = import_from_string(self.app)
api  |                       ~~~~~~~~~~~~~~~~~~^^^^^^^^^^
api  |   File "/usr/local/lib/python3.13/site-packages/uvicorn/importer.py", line 19, in import_from_string
api  |     module = importlib.import_module(module_str)
api  |   File "/usr/local/lib/python3.13/importlib/__init__.py", line 88, in import_module
api  |     return _bootstrap._gcd_import(name[level:], package, level)
api  |            ~~~~~~~~~~~~~~~~~~~~~~^^^^^^^^^^^^^^^^^^^^^^^^^^^^^^
api  |   File "<frozen importlib._bootstrap>", line 1395, in _gcd_import
api  |   File "<frozen importlib._bootstrap>", line 1360, in _find_and_load
api  |   File "<frozen importlib._bootstrap>", line 1331, in _find_and_load_unlocked
api  |   File "<frozen importlib._bootstrap>", line 935, in _load_unlocked
api  |   File "<frozen importlib._bootstrap_external>", line 1023, in exec_module
api  |   File "<frozen importlib._bootstrap>", line 488, in _call_with_frames_removed
api  |   File "/app/app/main.py", line 9, in <module>
api  |     from app.rabbitmq import rabbitmq_publisher
api  | ImportError: cannot import name 'rabbitmq_publisher' from 'app.rabbitmq' (/app/app/rabbitmq.py)
api  |   File "/usr/local/lib/python3.13/asyncio/runners.py", line 195, in run
api  |     return runner.run(main)
api  |            ~~~~~~~~~~^^^^^^
api  |   File "/usr/local/lib/python3.13/asyncio/runners.py", line 118, in run
api  |     return self._loop.run_until_complete(task)
api  |            ~~~~~~~~~~~~~~~~~~~~~~~~~~~~~^^^^^^
api  |   File "uvloop/loop.pyx", line 1518, in uvloop.loop.Loop.run_until_complete
api  |   File "/usr/local/lib/python3.13/site-packages/uvicorn/server.py", line 70, in serve
api  |     await self._serve(sockets)
api  |   File "/usr/local/lib/python3.13/site-packages/uvicorn/server.py", line 77, in _serve
api  |     config.load()
api  |     ~~~~~~~~~~~^^
api  |   File "/usr/local/lib/python3.13/site-packages/uvicorn/config.py", line 435, in load
api  |     self.loaded_app = import_from_string(self.app)
api  |                       ~~~~~~~~~~~~~~~~~~^^^^^^^^^^
api  |   File "/usr/local/lib/python3.13/site-packages/uvicorn/importer.py", line 19, in import_from_string
api  |     module = importlib.import_module(module_str)
api  |   File "/usr/local/lib/python3.13/importlib/__init__.py", line 88, in import_module
api  |     return _bootstrap._gcd_import(name[level:], package, level)
api  |            ~~~~~~~~~~~~~~~~~~~~~~^^^^^^^^^^^^^^^^^^^^^^^^^^^^^^
api  |   File "<frozen importlib._bootstrap>", line 1395, in _gcd_import
api  |   File "<frozen importlib._bootstrap>", line 1360, in _find_and_load
api  |   File "<frozen importlib._bootstrap>", line 1331, in _find_and_load_unlocked
api  |   File "<frozen importlib._bootstrap>", line 935, in _load_unlocked
api  |   File "<frozen importlib._bootstrap_external>", line 1023, in exec_module
api  |   File "<frozen importlib._bootstrap>", line 488, in _call_with_frames_removed
api  |   File "/app/app/main.py", line 9, in <module>
api  |     from app.rabbitmq import rabbitmq_publisher
api  | ImportError: cannot import name 'rabbitmq_publisher' from 'app.rabbitmq' (/app/app/rabbitmq.py)
api  | Process SpawnProcess-149:
api  | Traceback (most recent call last):
api  |   File "/usr/local/lib/python3.13/multiprocessing/process.py", line 313, in _bootstrap
api  |     self.run()
api  |     ~~~~~~~~^^
api  |   File "/usr/local/lib/python3.13/multiprocessing/process.py", line 108, in run
api  |     self._target(*self._args, **self._kwargs)
api  |     ~~~~~~~~~~~~^^^^^^^^^^^^^^^^^^^^^^^^^^^^^
api  |   File "/usr/local/lib/python3.13/site-packages/uvicorn/_subprocess.py", line 80, in subprocess_started
api  |     target(sockets=sockets)
api  |     ~~~~~~^^^^^^^^^^^^^^^^^
api  |   File "/usr/local/lib/python3.13/site-packages/uvicorn/supervisors/multiprocess.py", line 63, in target
api  |     return self.real_target(sockets)
api  |            ~~~~~~~~~~~~~~~~^^^^^^^^^
api  |   File "/usr/local/lib/python3.13/site-packages/uvicorn/server.py", line 66, in run
api  |     return asyncio.run(self.serve(sockets=sockets))
api  |            ~~~~~~~~~~~^^^^^^^^^^^^^^^^^^^^^^^^^^^^^
api  |   File "/usr/local/lib/python3.13/asyncio/runners.py", line 195, in run
api  |     return runner.run(main)
api  |            ~~~~~~~~~~^^^^^^
api  |   File "/usr/local/lib/python3.13/asyncio/runners.py", line 118, in run
api  |     return self._loop.run_until_complete(task)
api  |            ~~~~~~~~~~~~~~~~~~~~~~~~~~~~~^^^^^^
api  |   File "uvloop/loop.pyx", line 1518, in uvloop.loop.Loop.run_until_complete
api  |   File "/usr/local/lib/python3.13/site-packages/uvicorn/server.py", line 70, in serve
api  |     await self._serve(sockets)
api  |   File "/usr/local/lib/python3.13/site-packages/uvicorn/server.py", line 77, in _serve
api  |     config.load()
api  |     ~~~~~~~~~~~^^
api  |   File "/usr/local/lib/python3.13/site-packages/uvicorn/config.py", line 435, in load
api  |     self.loaded_app = import_from_string(self.app)
api  |                       ~~~~~~~~~~~~~~~~~~^^^^^^^^^^
api  |   File "/usr/local/lib/python3.13/site-packages/uvicorn/importer.py", line 19, in import_from_string
api  |     module = importlib.import_module(module_str)
api  |   File "/usr/local/lib/python3.13/importlib/__init__.py", line 88, in import_module
api  |     return _bootstrap._gcd_import(name[level:], package, level)
api  |            ~~~~~~~~~~~~~~~~~~~~~~^^^^^^^^^^^^^^^^^^^^^^^^^^^^^^
api  |   File "<frozen importlib._bootstrap>", line 1395, in _gcd_import
api  |   File "<frozen importlib._bootstrap>", line 1360, in _find_and_load
api  |   File "<frozen importlib._bootstrap>", line 1331, in _find_and_load_unlocked
api  |   File "<frozen importlib._bootstrap>", line 935, in _load_unlocked
api  |   File "<frozen importlib._bootstrap_external>", line 1023, in exec_module
api  |   File "<frozen importlib._bootstrap>", line 488, in _call_with_frames_removed
api  |   File "/app/app/main.py", line 9, in <module>
api  |     from app.rabbitmq import rabbitmq_publisher
api  | ImportError: cannot import name 'rabbitmq_publisher' from 'app.rabbitmq' (/app/app/rabbitmq.py)
api  | INFO:     Waiting for child process [300]
api  | INFO:     Child process [300] died
api  | INFO:     Waiting for child process [301]
api  | INFO:     Child process [301] died
api  | INFO:     Waiting for child process [302]
api  | INFO:     Child process [302] died
api  | Process SpawnProcess-151:
api  | Traceback (most recent call last):
api  |   File "/usr/local/lib/python3.13/multiprocessing/process.py", line 313, in _bootstrap
api  |     self.run()
api  |     ~~~~~~~~^^
api  |   File "/usr/local/lib/python3.13/multiprocessing/process.py", line 108, in run
api  |     self._target(*self._args, **self._kwargs)
api  |     ~~~~~~~~~~~~^^^^^^^^^^^^^^^^^^^^^^^^^^^^^
api  |   File "/usr/local/lib/python3.13/site-packages/uvicorn/_subprocess.py", line 80, in subprocess_started
api  |     target(sockets=sockets)
api  |     ~~~~~~^^^^^^^^^^^^^^^^^
api  |   File "/usr/local/lib/python3.13/site-packages/uvicorn/supervisors/multiprocess.py", line 63, in target
api  |     return self.real_target(sockets)
api  |            ~~~~~~~~~~~~~~~~^^^^^^^^^
api  |   File "/usr/local/lib/python3.13/site-packages/uvicorn/server.py", line 66, in run
api  |     return asyncio.run(self.serve(sockets=sockets))
api  |            ~~~~~~~~~~~^^^^^^^^^^^^^^^^^^^^^^^^^^^^^
api  |   File "/usr/local/lib/python3.13/asyncio/runners.py", line 195, in run
api  |     return runner.run(main)
api  |            ~~~~~~~~~~^^^^^^
api  |   File "/usr/local/lib/python3.13/asyncio/runners.py", line 118, in run
api  |     return self._loop.run_until_complete(task)
api  |            ~~~~~~~~~~~~~~~~~~~~~~~~~~~~~^^^^^^
api  |   File "uvloop/loop.pyx", line 1518, in uvloop.loop.Loop.run_until_complete
api  |   File "/usr/local/lib/python3.13/site-packages/uvicorn/server.py", line 70, in serve
api  |     await self._serve(sockets)
api  |   File "/usr/local/lib/python3.13/site-packages/uvicorn/server.py", line 77, in _serve
api  |     config.load()
api  |     ~~~~~~~~~~~^^
api  |   File "/usr/local/lib/python3.13/site-packages/uvicorn/config.py", line 435, in load
api  |     self.loaded_app = import_from_string(self.app)
api  |                       ~~~~~~~~~~~~~~~~~~^^^^^^^^^^
api  |   File "/usr/local/lib/python3.13/site-packages/uvicorn/importer.py", line 19, in import_from_string
api  |     module = importlib.import_module(module_str)
api  |   File "/usr/local/lib/python3.13/importlib/__init__.py", line 88, in import_module
api  |     return _bootstrap._gcd_import(name[level:], package, level)
api  |            ~~~~~~~~~~~~~~~~~~~~~~^^^^^^^^^^^^^^^^^^^^^^^^^^^^^^
api  |   File "<frozen importlib._bootstrap>", line 1395, in _gcd_import
api  |   File "<frozen importlib._bootstrap>", line 1360, in _find_and_load
api  |   File "<frozen importlib._bootstrap>", line 1331, in _find_and_load_unlocked
api  |   File "<frozen importlib._bootstrap>", line 935, in _load_unlocked
api  |   File "<frozen importlib._bootstrap_external>", line 1023, in exec_module
api  |   File "<frozen importlib._bootstrap>", line 488, in _call_with_frames_removed
api  |   File "/app/app/main.py", line 9, in <module>
api  |     from app.rabbitmq import rabbitmq_publisher
api  | ImportError: cannot import name 'rabbitmq_publisher' from 'app.rabbitmq' (/app/app/rabbitmq.py)
api  | INFO:     Waiting for child process [307]
api  | INFO:     Child process [307] died
api  | Process SpawnProcess-152:
api  | Process SpawnProcess-153:
api  | Traceback (most recent call last):
api  |   File "/usr/local/lib/python3.13/multiprocessing/process.py", line 313, in _bootstrap
api  |     self.run()
api  |     ~~~~~~~~^^
api  |   File "/usr/local/lib/python3.13/multiprocessing/process.py", line 108, in run
api  |     self._target(*self._args, **self._kwargs)
api  |     ~~~~~~~~~~~~^^^^^^^^^^^^^^^^^^^^^^^^^^^^^
api  |   File "/usr/local/lib/python3.13/site-packages/uvicorn/_subprocess.py", line 80, in subprocess_started
api  |     target(sockets=sockets)
api  |     ~~~~~~^^^^^^^^^^^^^^^^^
api  |   File "/usr/local/lib/python3.13/site-packages/uvicorn/supervisors/multiprocess.py", line 63, in target
api  |     return self.real_target(sockets)
api  |            ~~~~~~~~~~~~~~~~^^^^^^^^^
api  |   File "/usr/local/lib/python3.13/site-packages/uvicorn/server.py", line 66, in run
api  |     return asyncio.run(self.serve(sockets=sockets))
api  |            ~~~~~~~~~~~^^^^^^^^^^^^^^^^^^^^^^^^^^^^^
api  |   File "/usr/local/lib/python3.13/asyncio/runners.py", line 195, in run
api  |     return runner.run(main)
api  |            ~~~~~~~~~~^^^^^^
api  |   File "/usr/local/lib/python3.13/asyncio/runners.py", line 118, in run
api  |     return self._loop.run_until_complete(task)
api  |            ~~~~~~~~~~~~~~~~~~~~~~~~~~~~~^^^^^^
api  |   File "uvloop/loop.pyx", line 1518, in uvloop.loop.Loop.run_until_complete
api  |   File "/usr/local/lib/python3.13/site-packages/uvicorn/server.py", line 70, in serve
api  |     await self._serve(sockets)
api  |   File "/usr/local/lib/python3.13/site-packages/uvicorn/server.py", line 77, in _serve
api  |     config.load()
api  |     ~~~~~~~~~~~^^
api  |   File "/usr/local/lib/python3.13/site-packages/uvicorn/config.py", line 435, in load
api  |     self.loaded_app = import_from_string(self.app)
api  |                       ~~~~~~~~~~~~~~~~~~^^^^^^^^^^
api  |   File "/usr/local/lib/python3.13/site-packages/uvicorn/importer.py", line 19, in import_from_string
api  |     module = importlib.import_module(module_str)
api  |   File "/usr/local/lib/python3.13/importlib/__init__.py", line 88, in import_module
api  |     return _bootstrap._gcd_import(name[level:], package, level)
api  |            ~~~~~~~~~~~~~~~~~~~~~~^^^^^^^^^^^^^^^^^^^^^^^^^^^^^^
api  |   File "<frozen importlib._bootstrap>", line 1395, in _gcd_import
api  |   File "<frozen importlib._bootstrap>", line 1360, in _find_and_load
api  |   File "<frozen importlib._bootstrap>", line 1331, in _find_and_load_unlocked
api  |   File "<frozen importlib._bootstrap>", line 935, in _load_unlocked
api  |   File "<frozen importlib._bootstrap_external>", line 1023, in exec_module
api  |   File "<frozen importlib._bootstrap>", line 488, in _call_with_frames_removed
api  |   File "/app/app/main.py", line 9, in <module>
api  |     from app.rabbitmq import rabbitmq_publisher
api  | ImportError: cannot import name 'rabbitmq_publisher' from 'app.rabbitmq' (/app/app/rabbitmq.py)
api  | Traceback (most recent call last):
api  |   File "/usr/local/lib/python3.13/multiprocessing/process.py", line 313, in _bootstrap
api  |     self.run()
api  |     ~~~~~~~~^^
api  |   File "/usr/local/lib/python3.13/multiprocessing/process.py", line 108, in run
api  |     self._target(*self._args, **self._kwargs)
api  |     ~~~~~~~~~~~~^^^^^^^^^^^^^^^^^^^^^^^^^^^^^
api  |   File "/usr/local/lib/python3.13/site-packages/uvicorn/_subprocess.py", line 80, in subprocess_started
api  |     target(sockets=sockets)
api  |     ~~~~~~^^^^^^^^^^^^^^^^^
api  |   File "/usr/local/lib/python3.13/site-packages/uvicorn/supervisors/multiprocess.py", line 63, in target
api  |     return self.real_target(sockets)
api  |            ~~~~~~~~~~~~~~~~^^^^^^^^^
api  |   File "/usr/local/lib/python3.13/site-packages/uvicorn/server.py", line 66, in run
api  |     return asyncio.run(self.serve(sockets=sockets))
api  |            ~~~~~~~~~~~^^^^^^^^^^^^^^^^^^^^^^^^^^^^^
api  |   File "/usr/local/lib/python3.13/asyncio/runners.py", line 195, in run
api  |     return runner.run(main)
api  |            ~~~~~~~~~~^^^^^^
api  |   File "/usr/local/lib/python3.13/asyncio/runners.py", line 118, in run
api  |     return self._loop.run_until_complete(task)
api  |            ~~~~~~~~~~~~~~~~~~~~~~~~~~~~~^^^^^^
api  |   File "uvloop/loop.pyx", line 1518, in uvloop.loop.Loop.run_until_complete
api  |   File "/usr/local/lib/python3.13/site-packages/uvicorn/server.py", line 70, in serve
api  |     await self._serve(sockets)
api  |   File "/usr/local/lib/python3.13/site-packages/uvicorn/server.py", line 77, in _serve
api  |     config.load()
api  |     ~~~~~~~~~~~^^
api  |   File "/usr/local/lib/python3.13/site-packages/uvicorn/config.py", line 435, in load
api  |     self.loaded_app = import_from_string(self.app)
api  |                       ~~~~~~~~~~~~~~~~~~^^^^^^^^^^
api  |   File "/usr/local/lib/python3.13/site-packages/uvicorn/importer.py", line 19, in import_from_string
api  |     module = importlib.import_module(module_str)
api  |   File "/usr/local/lib/python3.13/importlib/__init__.py", line 88, in import_module
api  |     return _bootstrap._gcd_import(name[level:], package, level)
api  |            ~~~~~~~~~~~~~~~~~~~~~~^^^^^^^^^^^^^^^^^^^^^^^^^^^^^^
api  |   File "<frozen importlib._bootstrap>", line 1395, in _gcd_import
api  |   File "<frozen importlib._bootstrap>", line 1360, in _find_and_load
api  |   File "<frozen importlib._bootstrap>", line 1331, in _find_and_load_unlocked
api  |   File "<frozen importlib._bootstrap>", line 935, in _load_unlocked
api  |   File "<frozen importlib._bootstrap_external>", line 1023, in exec_module
api  |   File "<frozen importlib._bootstrap>", line 488, in _call_with_frames_removed
api  |   File "/app/app/main.py", line 9, in <module>
api  |     from app.rabbitmq import rabbitmq_publisher
api  | ImportError: cannot import name 'rabbitmq_publisher' from 'app.rabbitmq' (/app/app/rabbitmq.py)
api  | Process SpawnProcess-154:
api  | Traceback (most recent call last):
api  |   File "/usr/local/lib/python3.13/multiprocessing/process.py", line 313, in _bootstrap
api  |     self.run()
api  |     ~~~~~~~~^^
api  |   File "/usr/local/lib/python3.13/multiprocessing/process.py", line 108, in run
api  |     self._target(*self._args, **self._kwargs)
api  |     ~~~~~~~~~~~~^^^^^^^^^^^^^^^^^^^^^^^^^^^^^
api  |   File "/usr/local/lib/python3.13/site-packages/uvicorn/_subprocess.py", line 80, in subprocess_started
api  |     target(sockets=sockets)
api  |     ~~~~~~^^^^^^^^^^^^^^^^^
api  |   File "/usr/local/lib/python3.13/site-packages/uvicorn/supervisors/multiprocess.py", line 63, in target
api  |     return self.real_target(sockets)
api  |            ~~~~~~~~~~~~~~~~^^^^^^^^^
api  |   File "/usr/local/lib/python3.13/site-packages/uvicorn/server.py", line 66, in run
api  |     return asyncio.run(self.serve(sockets=sockets))
api  |            ~~~~~~~~~~~^^^^^^^^^^^^^^^^^^^^^^^^^^^^^
api  |   File "/usr/local/lib/python3.13/asyncio/runners.py", line 195, in run
api  |     return runner.run(main)
api  |            ~~~~~~~~~~^^^^^^
api  |   File "/usr/local/lib/python3.13/asyncio/runners.py", line 118, in run
api  |     return self._loop.run_until_complete(task)
api  |            ~~~~~~~~~~~~~~~~~~~~~~~~~~~~~^^^^^^
api  |   File "uvloop/loop.pyx", line 1518, in uvloop.loop.Loop.run_until_complete
api  |   File "/usr/local/lib/python3.13/site-packages/uvicorn/server.py", line 70, in serve
api  |     await self._serve(sockets)
api  |   File "/usr/local/lib/python3.13/site-packages/uvicorn/server.py", line 77, in _serve
api  |     config.load()
api  |     ~~~~~~~~~~~^^
api  |   File "/usr/local/lib/python3.13/site-packages/uvicorn/config.py", line 435, in load
api  |     self.loaded_app = import_from_string(self.app)
api  |                       ~~~~~~~~~~~~~~~~~~^^^^^^^^^^
api  |   File "/usr/local/lib/python3.13/site-packages/uvicorn/importer.py", line 19, in import_from_string
api  |     module = importlib.import_module(module_str)
api  |   File "/usr/local/lib/python3.13/importlib/__init__.py", line 88, in import_module
api  |     return _bootstrap._gcd_import(name[level:], package, level)
api  |            ~~~~~~~~~~~~~~~~~~~~~~^^^^^^^^^^^^^^^^^^^^^^^^^^^^^^
api  |   File "<frozen importlib._bootstrap>", line 1395, in _gcd_import
api  |   File "<frozen importlib._bootstrap>", line 1360, in _find_and_load
api  |   File "<frozen importlib._bootstrap>", line 1331, in _find_and_load_unlocked
api  |   File "<frozen importlib._bootstrap>", line 935, in _load_unlocked
api  |   File "<frozen importlib._bootstrap_external>", line 1023, in exec_module
api  |   File "<frozen importlib._bootstrap>", line 488, in _call_with_frames_removed
api  |   File "/app/app/main.py", line 9, in <module>
api  |     from app.rabbitmq import rabbitmq_publisher
api  | ImportError: cannot import name 'rabbitmq_publisher' from 'app.rabbitmq' (/app/app/rabbitmq.py)
api  | Process SpawnProcess-155:
api  | Traceback (most recent call last):
api  |   File "/usr/local/lib/python3.13/multiprocessing/process.py", line 313, in _bootstrap
api  |     self.run()
api  |     ~~~~~~~~^^
api  |   File "/usr/local/lib/python3.13/multiprocessing/process.py", line 108, in run
api  |     self._target(*self._args, **self._kwargs)
api  |     ~~~~~~~~~~~~^^^^^^^^^^^^^^^^^^^^^^^^^^^^^
api  |   File "/usr/local/lib/python3.13/site-packages/uvicorn/_subprocess.py", line 80, in subprocess_started
api  |     target(sockets=sockets)
api  |     ~~~~~~^^^^^^^^^^^^^^^^^
api  |   File "/usr/local/lib/python3.13/site-packages/uvicorn/supervisors/multiprocess.py", line 63, in target
api  |     return self.real_target(sockets)
api  |            ~~~~~~~~~~~~~~~~^^^^^^^^^
api  |   File "/usr/local/lib/python3.13/site-packages/uvicorn/server.py", line 66, in run
api  |     return asyncio.run(self.serve(sockets=sockets))
api  |            ~~~~~~~~~~~^^^^^^^^^^^^^^^^^^^^^^^^^^^^^
api  |   File "/usr/local/lib/python3.13/asyncio/runners.py", line 195, in run
api  |     return runner.run(main)
api  |            ~~~~~~~~~~^^^^^^
api  |   File "/usr/local/lib/python3.13/asyncio/runners.py", line 118, in run
api  |     return self._loop.run_until_complete(task)
api  |            ~~~~~~~~~~~~~~~~~~~~~~~~~~~~~^^^^^^
api  |   File "uvloop/loop.pyx", line 1518, in uvloop.loop.Loop.run_until_complete
api  |   File "/usr/local/lib/python3.13/site-packages/uvicorn/server.py", line 70, in serve
api  |     await self._serve(sockets)
api  |   File "/usr/local/lib/python3.13/site-packages/uvicorn/server.py", line 77, in _serve
api  |     config.load()
api  |     ~~~~~~~~~~~^^
api  |   File "/usr/local/lib/python3.13/site-packages/uvicorn/config.py", line 435, in load
api  |     self.loaded_app = import_from_string(self.app)
api  |                       ~~~~~~~~~~~~~~~~~~^^^^^^^^^^
api  |   File "/usr/local/lib/python3.13/site-packages/uvicorn/importer.py", line 19, in import_from_string
api  |     module = importlib.import_module(module_str)
api  |   File "/usr/local/lib/python3.13/importlib/__init__.py", line 88, in import_module
api  |     return _bootstrap._gcd_import(name[level:], package, level)
api  |            ~~~~~~~~~~~~~~~~~~~~~~^^^^^^^^^^^^^^^^^^^^^^^^^^^^^^
api  |   File "<frozen importlib._bootstrap>", line 1395, in _gcd_import
api  |   File "<frozen importlib._bootstrap>", line 1360, in _find_and_load
api  |   File "<frozen importlib._bootstrap>", line 1331, in _find_and_load_unlocked
api  |   File "<frozen importlib._bootstrap>", line 935, in _load_unlocked
api  |   File "<frozen importlib._bootstrap_external>", line 1023, in exec_module
api  |   File "<frozen importlib._bootstrap>", line 488, in _call_with_frames_removed
api  |   File "/app/app/main.py", line 9, in <module>
api  |     from app.rabbitmq import rabbitmq_publisher
api  | ImportError: cannot import name 'rabbitmq_publisher' from 'app.rabbitmq' (/app/app/rabbitmq.py)
api  | INFO:     Waiting for child process [309]
api  | INFO:     Child process [309] died
api  | INFO:     Waiting for child process [310]
api  | INFO:     Child process [310] died
api  | INFO:     Waiting for child process [311]
api  | INFO:     Child process [311] died
api  | INFO:     Waiting for child process [315]
api  | INFO:     Child process [315] died
api  | Process SpawnProcess-158:
api  | Process SpawnProcess-156:
api  | Process SpawnProcess-159:
api  | Traceback (most recent call last):
api  | Traceback (most recent call last):
api  |   File "/usr/local/lib/python3.13/multiprocessing/process.py", line 313, in _bootstrap
api  |     self.run()
api  |     ~~~~~~~~^^
api  |   File "/usr/local/lib/python3.13/multiprocessing/process.py", line 108, in run
api  |     self._target(*self._args, **self._kwargs)
api  |     ~~~~~~~~~~~~^^^^^^^^^^^^^^^^^^^^^^^^^^^^^
api  |   File "/usr/local/lib/python3.13/multiprocessing/process.py", line 313, in _bootstrap
api  |     self.run()
api  |     ~~~~~~~~^^
api  |   File "/usr/local/lib/python3.13/site-packages/uvicorn/_subprocess.py", line 80, in subprocess_started
api  |     target(sockets=sockets)
api  |     ~~~~~~^^^^^^^^^^^^^^^^^
api  |   File "/usr/local/lib/python3.13/site-packages/uvicorn/supervisors/multiprocess.py", line 63, in target
api  |     return self.real_target(sockets)
api  |            ~~~~~~~~~~~~~~~~^^^^^^^^^
api  |   File "/usr/local/lib/python3.13/site-packages/uvicorn/server.py", line 66, in run
api  |     return asyncio.run(self.serve(sockets=sockets))
api  |            ~~~~~~~~~~~^^^^^^^^^^^^^^^^^^^^^^^^^^^^^
api  |   File "/usr/local/lib/python3.13/asyncio/runners.py", line 195, in run
api  |     return runner.run(main)
api  |            ~~~~~~~~~~^^^^^^
api  |   File "/usr/local/lib/python3.13/asyncio/runners.py", line 118, in run
api  |     return self._loop.run_until_complete(task)
api  |            ~~~~~~~~~~~~~~~~~~~~~~~~~~~~~^^^^^^
api  |   File "uvloop/loop.pyx", line 1518, in uvloop.loop.Loop.run_until_complete
api  |   File "/usr/local/lib/python3.13/site-packages/uvicorn/server.py", line 70, in serve
api  |     await self._serve(sockets)
api  |   File "/usr/local/lib/python3.13/site-packages/uvicorn/server.py", line 77, in _serve
api  |     config.load()
api  |     ~~~~~~~~~~~^^
api  |   File "/usr/local/lib/python3.13/site-packages/uvicorn/config.py", line 435, in load
api  |     self.loaded_app = import_from_string(self.app)
api  |                       ~~~~~~~~~~~~~~~~~~^^^^^^^^^^
api  |   File "/usr/local/lib/python3.13/site-packages/uvicorn/importer.py", line 19, in import_from_string
api  |     module = importlib.import_module(module_str)
api  |   File "/usr/local/lib/python3.13/importlib/__init__.py", line 88, in import_module
api  |     return _bootstrap._gcd_import(name[level:], package, level)
api  |            ~~~~~~~~~~~~~~~~~~~~~~^^^^^^^^^^^^^^^^^^^^^^^^^^^^^^
api  |   File "<frozen importlib._bootstrap>", line 1395, in _gcd_import
api  |   File "<frozen importlib._bootstrap>", line 1360, in _find_and_load
api  |   File "<frozen importlib._bootstrap>", line 1331, in _find_and_load_unlocked
api  |   File "<frozen importlib._bootstrap>", line 935, in _load_unlocked
api  |   File "<frozen importlib._bootstrap_external>", line 1023, in exec_module
api  |   File "<frozen importlib._bootstrap>", line 488, in _call_with_frames_removed
api  |   File "/app/app/main.py", line 9, in <module>
api  |     from app.rabbitmq import rabbitmq_publisher
api  | ImportError: cannot import name 'rabbitmq_publisher' from 'app.rabbitmq' (/app/app/rabbitmq.py)
api  | Traceback (most recent call last):
api  |   File "/usr/local/lib/python3.13/multiprocessing/process.py", line 108, in run
api  |     self._target(*self._args, **self._kwargs)
api  |     ~~~~~~~~~~~~^^^^^^^^^^^^^^^^^^^^^^^^^^^^^
api  |   File "/usr/local/lib/python3.13/site-packages/uvicorn/_subprocess.py", line 80, in subprocess_started
api  |     target(sockets=sockets)
api  |     ~~~~~~^^^^^^^^^^^^^^^^^
api  |   File "/usr/local/lib/python3.13/site-packages/uvicorn/supervisors/multiprocess.py", line 63, in target
api  |     return self.real_target(sockets)
api  |            ~~~~~~~~~~~~~~~~^^^^^^^^^
api  |   File "/usr/local/lib/python3.13/site-packages/uvicorn/server.py", line 66, in run
api  |     return asyncio.run(self.serve(sockets=sockets))
api  |            ~~~~~~~~~~~^^^^^^^^^^^^^^^^^^^^^^^^^^^^^
api  |   File "/usr/local/lib/python3.13/asyncio/runners.py", line 195, in run
api  |     return runner.run(main)
api  |            ~~~~~~~~~~^^^^^^
api  |   File "/usr/local/lib/python3.13/asyncio/runners.py", line 118, in run
api  |     return self._loop.run_until_complete(task)
api  |            ~~~~~~~~~~~~~~~~~~~~~~~~~~~~~^^^^^^
api  |   File "uvloop/loop.pyx", line 1518, in uvloop.loop.Loop.run_until_complete
api  |   File "/usr/local/lib/python3.13/site-packages/uvicorn/server.py", line 70, in serve
api  |     await self._serve(sockets)
api  |   File "/usr/local/lib/python3.13/site-packages/uvicorn/server.py", line 77, in _serve
api  |     config.load()
api  |     ~~~~~~~~~~~^^
api  |   File "/usr/local/lib/python3.13/site-packages/uvicorn/config.py", line 435, in load
api  |     self.loaded_app = import_from_string(self.app)
api  |                       ~~~~~~~~~~~~~~~~~~^^^^^^^^^^
api  |   File "/usr/local/lib/python3.13/site-packages/uvicorn/importer.py", line 19, in import_from_string
api  |     module = importlib.import_module(module_str)
api  |   File "/usr/local/lib/python3.13/importlib/__init__.py", line 88, in import_module
api  |     return _bootstrap._gcd_import(name[level:], package, level)
api  |            ~~~~~~~~~~~~~~~~~~~~~~^^^^^^^^^^^^^^^^^^^^^^^^^^^^^^
api  |   File "<frozen importlib._bootstrap>", line 1395, in _gcd_import
api  |   File "<frozen importlib._bootstrap>", line 1360, in _find_and_load
api  |   File "<frozen importlib._bootstrap>", line 1331, in _find_and_load_unlocked
api  |   File "<frozen importlib._bootstrap>", line 935, in _load_unlocked
api  |   File "<frozen importlib._bootstrap_external>", line 1023, in exec_module
api  |   File "<frozen importlib._bootstrap>", line 488, in _call_with_frames_removed
api  |   File "/app/app/main.py", line 9, in <module>
api  |     from app.rabbitmq import rabbitmq_publisher
api  | ImportError: cannot import name 'rabbitmq_publisher' from 'app.rabbitmq' (/app/app/rabbitmq.py)
api  |   File "/usr/local/lib/python3.13/multiprocessing/process.py", line 313, in _bootstrap
api  |     self.run()
api  |     ~~~~~~~~^^
api  |   File "/usr/local/lib/python3.13/multiprocessing/process.py", line 108, in run
api  |     self._target(*self._args, **self._kwargs)
api  |     ~~~~~~~~~~~~^^^^^^^^^^^^^^^^^^^^^^^^^^^^^
api  |   File "/usr/local/lib/python3.13/site-packages/uvicorn/_subprocess.py", line 80, in subprocess_started
api  |     target(sockets=sockets)
api  |     ~~~~~~^^^^^^^^^^^^^^^^^
api  |   File "/usr/local/lib/python3.13/site-packages/uvicorn/supervisors/multiprocess.py", line 63, in target
api  |     return self.real_target(sockets)
api  |            ~~~~~~~~~~~~~~~~^^^^^^^^^
api  |   File "/usr/local/lib/python3.13/site-packages/uvicorn/server.py", line 66, in run
api  |     return asyncio.run(self.serve(sockets=sockets))
api  |            ~~~~~~~~~~~^^^^^^^^^^^^^^^^^^^^^^^^^^^^^
api  |   File "/usr/local/lib/python3.13/asyncio/runners.py", line 195, in run
api  |     return runner.run(main)
api  |            ~~~~~~~~~~^^^^^^
api  |   File "/usr/local/lib/python3.13/asyncio/runners.py", line 118, in run
api  |     return self._loop.run_until_complete(task)
api  |            ~~~~~~~~~~~~~~~~~~~~~~~~~~~~~^^^^^^
api  |   File "uvloop/loop.pyx", line 1518, in uvloop.loop.Loop.run_until_complete
api  |   File "/usr/local/lib/python3.13/site-packages/uvicorn/server.py", line 70, in serve
api  |     await self._serve(sockets)
api  |   File "/usr/local/lib/python3.13/site-packages/uvicorn/server.py", line 77, in _serve
api  |     config.load()
api  |     ~~~~~~~~~~~^^
api  |   File "/usr/local/lib/python3.13/site-packages/uvicorn/config.py", line 435, in load
api  |     self.loaded_app = import_from_string(self.app)
api  |                       ~~~~~~~~~~~~~~~~~~^^^^^^^^^^
api  |   File "/usr/local/lib/python3.13/site-packages/uvicorn/importer.py", line 19, in import_from_string
api  |     module = importlib.import_module(module_str)
api  |   File "/usr/local/lib/python3.13/importlib/__init__.py", line 88, in import_module
api  |     return _bootstrap._gcd_import(name[level:], package, level)
api  |            ~~~~~~~~~~~~~~~~~~~~~~^^^^^^^^^^^^^^^^^^^^^^^^^^^^^^
api  |   File "<frozen importlib._bootstrap>", line 1395, in _gcd_import
api  |   File "<frozen importlib._bootstrap>", line 1360, in _find_and_load
api  |   File "<frozen importlib._bootstrap>", line 1331, in _find_and_load_unlocked
api  |   File "<frozen importlib._bootstrap>", line 935, in _load_unlocked
api  |   File "<frozen importlib._bootstrap_external>", line 1023, in exec_module
api  |   File "<frozen importlib._bootstrap>", line 488, in _call_with_frames_removed
api  |   File "/app/app/main.py", line 9, in <module>
api  |     from app.rabbitmq import rabbitmq_publisher
api  | ImportError: cannot import name 'rabbitmq_publisher' from 'app.rabbitmq' (/app/app/rabbitmq.py)
api  | Process SpawnProcess-157:
api  | Traceback (most recent call last):
api  |   File "/usr/local/lib/python3.13/multiprocessing/process.py", line 313, in _bootstrap
api  |     self.run()
api  |     ~~~~~~~~^^
api  |   File "/usr/local/lib/python3.13/multiprocessing/process.py", line 108, in run
api  |     self._target(*self._args, **self._kwargs)
api  |     ~~~~~~~~~~~~^^^^^^^^^^^^^^^^^^^^^^^^^^^^^
api  |   File "/usr/local/lib/python3.13/site-packages/uvicorn/_subprocess.py", line 80, in subprocess_started
api  |     target(sockets=sockets)
api  |     ~~~~~~^^^^^^^^^^^^^^^^^
api  |   File "/usr/local/lib/python3.13/site-packages/uvicorn/supervisors/multiprocess.py", line 63, in target
api  |     return self.real_target(sockets)
api  |            ~~~~~~~~~~~~~~~~^^^^^^^^^
api  |   File "/usr/local/lib/python3.13/site-packages/uvicorn/server.py", line 66, in run
api  |     return asyncio.run(self.serve(sockets=sockets))
api  |            ~~~~~~~~~~~^^^^^^^^^^^^^^^^^^^^^^^^^^^^^
api  |   File "/usr/local/lib/python3.13/asyncio/runners.py", line 195, in run
api  |     return runner.run(main)
api  |            ~~~~~~~~~~^^^^^^
api  |   File "/usr/local/lib/python3.13/asyncio/runners.py", line 118, in run
api  |     return self._loop.run_until_complete(task)
api  |            ~~~~~~~~~~~~~~~~~~~~~~~~~~~~~^^^^^^
api  |   File "uvloop/loop.pyx", line 1518, in uvloop.loop.Loop.run_until_complete
api  |   File "/usr/local/lib/python3.13/site-packages/uvicorn/server.py", line 70, in serve
api  |     await self._serve(sockets)
api  |   File "/usr/local/lib/python3.13/site-packages/uvicorn/server.py", line 77, in _serve
api  |     config.load()
api  |     ~~~~~~~~~~~^^
api  |   File "/usr/local/lib/python3.13/site-packages/uvicorn/config.py", line 435, in load
api  |     self.loaded_app = import_from_string(self.app)
api  |                       ~~~~~~~~~~~~~~~~~~^^^^^^^^^^
api  |   File "/usr/local/lib/python3.13/site-packages/uvicorn/importer.py", line 19, in import_from_string
api  |     module = importlib.import_module(module_str)
api  |   File "/usr/local/lib/python3.13/importlib/__init__.py", line 88, in import_module
api  |     return _bootstrap._gcd_import(name[level:], package, level)
api  |            ~~~~~~~~~~~~~~~~~~~~~~^^^^^^^^^^^^^^^^^^^^^^^^^^^^^^
api  |   File "<frozen importlib._bootstrap>", line 1395, in _gcd_import
api  |   File "<frozen importlib._bootstrap>", line 1360, in _find_and_load
api  |   File "<frozen importlib._bootstrap>", line 1331, in _find_and_load_unlocked
api  |   File "<frozen importlib._bootstrap>", line 935, in _load_unlocked
api  |   File "<frozen importlib._bootstrap_external>", line 1023, in exec_module
api  |   File "<frozen importlib._bootstrap>", line 488, in _call_with_frames_removed
api  |   File "/app/app/main.py", line 9, in <module>
api  |     from app.rabbitmq import rabbitmq_publisher
api  | ImportError: cannot import name 'rabbitmq_publisher' from 'app.rabbitmq' (/app/app/rabbitmq.py)
api  | INFO:     Waiting for child process [317]
api  | INFO:     Child process [317] died
api  | INFO:     Waiting for child process [318]
api  | INFO:     Child process [318] died
api  | INFO:     Waiting for child process [319]
api  | INFO:     Child process [319] died
api  | INFO:     Waiting for child process [320]
api  | INFO:     Child process [320] died
api  | Process SpawnProcess-163:
api  | Process SpawnProcess-161:
api  | Process SpawnProcess-160:
api  | Traceback (most recent call last):
api  |   File "/usr/local/lib/python3.13/multiprocessing/process.py", line 313, in _bootstrap
api  |     self.run()
api  |     ~~~~~~~~^^
api  |   File "/usr/local/lib/python3.13/multiprocessing/process.py", line 108, in run
api  |     self._target(*self._args, **self._kwargs)
api  |     ~~~~~~~~~~~~^^^^^^^^^^^^^^^^^^^^^^^^^^^^^
api  |   File "/usr/local/lib/python3.13/site-packages/uvicorn/_subprocess.py", line 80, in subprocess_started
api  |     target(sockets=sockets)
api  |     ~~~~~~^^^^^^^^^^^^^^^^^
api  |   File "/usr/local/lib/python3.13/site-packages/uvicorn/supervisors/multiprocess.py", line 63, in target
api  |     return self.real_target(sockets)
api  |            ~~~~~~~~~~~~~~~~^^^^^^^^^
api  |   File "/usr/local/lib/python3.13/site-packages/uvicorn/server.py", line 66, in run
api  |     return asyncio.run(self.serve(sockets=sockets))
api  |            ~~~~~~~~~~~^^^^^^^^^^^^^^^^^^^^^^^^^^^^^
api  |   File "/usr/local/lib/python3.13/asyncio/runners.py", line 195, in run
api  |     return runner.run(main)
api  |            ~~~~~~~~~~^^^^^^
api  |   File "/usr/local/lib/python3.13/asyncio/runners.py", line 118, in run
api  |     return self._loop.run_until_complete(task)
api  |            ~~~~~~~~~~~~~~~~~~~~~~~~~~~~~^^^^^^
api  |   File "uvloop/loop.pyx", line 1518, in uvloop.loop.Loop.run_until_complete
api  |   File "/usr/local/lib/python3.13/site-packages/uvicorn/server.py", line 70, in serve
api  |     await self._serve(sockets)
api  |   File "/usr/local/lib/python3.13/site-packages/uvicorn/server.py", line 77, in _serve
api  |     config.load()
api  |     ~~~~~~~~~~~^^
api  |   File "/usr/local/lib/python3.13/site-packages/uvicorn/config.py", line 435, in load
api  |     self.loaded_app = import_from_string(self.app)
api  |                       ~~~~~~~~~~~~~~~~~~^^^^^^^^^^
api  |   File "/usr/local/lib/python3.13/site-packages/uvicorn/importer.py", line 19, in import_from_string
api  |     module = importlib.import_module(module_str)
api  |   File "/usr/local/lib/python3.13/importlib/__init__.py", line 88, in import_module
api  |     return _bootstrap._gcd_import(name[level:], package, level)
api  |            ~~~~~~~~~~~~~~~~~~~~~~^^^^^^^^^^^^^^^^^^^^^^^^^^^^^^
api  |   File "<frozen importlib._bootstrap>", line 1395, in _gcd_import
api  |   File "<frozen importlib._bootstrap>", line 1360, in _find_and_load
api  |   File "<frozen importlib._bootstrap>", line 1331, in _find_and_load_unlocked
api  |   File "<frozen importlib._bootstrap>", line 935, in _load_unlocked
api  |   File "<frozen importlib._bootstrap_external>", line 1023, in exec_module
api  |   File "<frozen importlib._bootstrap>", line 488, in _call_with_frames_removed
api  |   File "/app/app/main.py", line 9, in <module>
api  |     from app.rabbitmq import rabbitmq_publisher
api  | ImportError: cannot import name 'rabbitmq_publisher' from 'app.rabbitmq' (/app/app/rabbitmq.py)
api  | Process SpawnProcess-162:
api  | Traceback (most recent call last):
api  | Traceback (most recent call last):
api  |   File "/usr/local/lib/python3.13/multiprocessing/process.py", line 313, in _bootstrap
api  |     self.run()
api  |     ~~~~~~~~^^
api  |   File "/usr/local/lib/python3.13/multiprocessing/process.py", line 108, in run
api  |     self._target(*self._args, **self._kwargs)
api  |     ~~~~~~~~~~~~^^^^^^^^^^^^^^^^^^^^^^^^^^^^^
api  |   File "/usr/local/lib/python3.13/site-packages/uvicorn/_subprocess.py", line 80, in subprocess_started
api  |     target(sockets=sockets)
api  |     ~~~~~~^^^^^^^^^^^^^^^^^
api  |   File "/usr/local/lib/python3.13/site-packages/uvicorn/supervisors/multiprocess.py", line 63, in target
api  |     return self.real_target(sockets)
api  |            ~~~~~~~~~~~~~~~~^^^^^^^^^
api  |   File "/usr/local/lib/python3.13/site-packages/uvicorn/server.py", line 66, in run
api  |     return asyncio.run(self.serve(sockets=sockets))
api  |            ~~~~~~~~~~~^^^^^^^^^^^^^^^^^^^^^^^^^^^^^
api  |   File "/usr/local/lib/python3.13/asyncio/runners.py", line 195, in run
api  |     return runner.run(main)
api  |            ~~~~~~~~~~^^^^^^
api  |   File "/usr/local/lib/python3.13/asyncio/runners.py", line 118, in run
api  |     return self._loop.run_until_complete(task)
api  |            ~~~~~~~~~~~~~~~~~~~~~~~~~~~~~^^^^^^
api  |   File "uvloop/loop.pyx", line 1518, in uvloop.loop.Loop.run_until_complete
api  |   File "/usr/local/lib/python3.13/site-packages/uvicorn/server.py", line 70, in serve
api  |     await self._serve(sockets)
api  |   File "/usr/local/lib/python3.13/site-packages/uvicorn/server.py", line 77, in _serve
api  |     config.load()
api  |     ~~~~~~~~~~~^^
api  |   File "/usr/local/lib/python3.13/site-packages/uvicorn/config.py", line 435, in load
api  |     self.loaded_app = import_from_string(self.app)
api  |                       ~~~~~~~~~~~~~~~~~~^^^^^^^^^^
api  |   File "/usr/local/lib/python3.13/site-packages/uvicorn/importer.py", line 19, in import_from_string
api  |     module = importlib.import_module(module_str)
api  |   File "/usr/local/lib/python3.13/importlib/__init__.py", line 88, in import_module
api  |     return _bootstrap._gcd_import(name[level:], package, level)
api  |            ~~~~~~~~~~~~~~~~~~~~~~^^^^^^^^^^^^^^^^^^^^^^^^^^^^^^
api  |   File "<frozen importlib._bootstrap>", line 1395, in _gcd_import
api  |   File "<frozen importlib._bootstrap>", line 1360, in _find_and_load
api  |   File "<frozen importlib._bootstrap>", line 1331, in _find_and_load_unlocked
api  |   File "<frozen importlib._bootstrap>", line 935, in _load_unlocked
api  |   File "<frozen importlib._bootstrap_external>", line 1023, in exec_module
api  |   File "<frozen importlib._bootstrap>", line 488, in _call_with_frames_removed
api  |   File "/app/app/main.py", line 9, in <module>
api  |     from app.rabbitmq import rabbitmq_publisher
api  | ImportError: cannot import name 'rabbitmq_publisher' from 'app.rabbitmq' (/app/app/rabbitmq.py)
api  |   File "/usr/local/lib/python3.13/multiprocessing/process.py", line 313, in _bootstrap
api  |     self.run()
api  |     ~~~~~~~~^^
api  |   File "/usr/local/lib/python3.13/multiprocessing/process.py", line 108, in run
api  |     self._target(*self._args, **self._kwargs)
api  |     ~~~~~~~~~~~~^^^^^^^^^^^^^^^^^^^^^^^^^^^^^
api  |   File "/usr/local/lib/python3.13/site-packages/uvicorn/_subprocess.py", line 80, in subprocess_started
api  |     target(sockets=sockets)
api  |     ~~~~~~^^^^^^^^^^^^^^^^^
api  |   File "/usr/local/lib/python3.13/site-packages/uvicorn/supervisors/multiprocess.py", line 63, in target
api  |     return self.real_target(sockets)
api  |            ~~~~~~~~~~~~~~~~^^^^^^^^^
api  |   File "/usr/local/lib/python3.13/site-packages/uvicorn/server.py", line 66, in run
api  |     return asyncio.run(self.serve(sockets=sockets))
api  |            ~~~~~~~~~~~^^^^^^^^^^^^^^^^^^^^^^^^^^^^^
api  |   File "/usr/local/lib/python3.13/asyncio/runners.py", line 195, in run
api  |     return runner.run(main)
api  |            ~~~~~~~~~~^^^^^^
api  |   File "/usr/local/lib/python3.13/asyncio/runners.py", line 118, in run
api  |     return self._loop.run_until_complete(task)
api  |            ~~~~~~~~~~~~~~~~~~~~~~~~~~~~~^^^^^^
api  |   File "uvloop/loop.pyx", line 1518, in uvloop.loop.Loop.run_until_complete
api  |   File "/usr/local/lib/python3.13/site-packages/uvicorn/server.py", line 70, in serve
api  |     await self._serve(sockets)
api  |   File "/usr/local/lib/python3.13/site-packages/uvicorn/server.py", line 77, in _serve
api  |     config.load()
api  |     ~~~~~~~~~~~^^
api  |   File "/usr/local/lib/python3.13/site-packages/uvicorn/config.py", line 435, in load
api  |     self.loaded_app = import_from_string(self.app)
api  |                       ~~~~~~~~~~~~~~~~~~^^^^^^^^^^
api  |   File "/usr/local/lib/python3.13/site-packages/uvicorn/importer.py", line 19, in import_from_string
api  |     module = importlib.import_module(module_str)
api  |   File "/usr/local/lib/python3.13/importlib/__init__.py", line 88, in import_module
api  |     return _bootstrap._gcd_import(name[level:], package, level)
api  |            ~~~~~~~~~~~~~~~~~~~~~~^^^^^^^^^^^^^^^^^^^^^^^^^^^^^^
api  |   File "<frozen importlib._bootstrap>", line 1395, in _gcd_import
api  |   File "<frozen importlib._bootstrap>", line 1360, in _find_and_load
api  |   File "<frozen importlib._bootstrap>", line 1331, in _find_and_load_unlocked
api  |   File "<frozen importlib._bootstrap>", line 935, in _load_unlocked
api  |   File "<frozen importlib._bootstrap_external>", line 1023, in exec_module
api  |   File "<frozen importlib._bootstrap>", line 488, in _call_with_frames_removed
api  |   File "/app/app/main.py", line 9, in <module>
api  |     from app.rabbitmq import rabbitmq_publisher
api  | ImportError: cannot import name 'rabbitmq_publisher' from 'app.rabbitmq' (/app/app/rabbitmq.py)
api  | Traceback (most recent call last):
api  |   File "/usr/local/lib/python3.13/multiprocessing/process.py", line 313, in _bootstrap
api  |     self.run()
api  |     ~~~~~~~~^^
api  |   File "/usr/local/lib/python3.13/multiprocessing/process.py", line 108, in run
api  |     self._target(*self._args, **self._kwargs)
api  |     ~~~~~~~~~~~~^^^^^^^^^^^^^^^^^^^^^^^^^^^^^
api  |   File "/usr/local/lib/python3.13/site-packages/uvicorn/_subprocess.py", line 80, in subprocess_started
api  |     target(sockets=sockets)
api  |     ~~~~~~^^^^^^^^^^^^^^^^^
api  |   File "/usr/local/lib/python3.13/site-packages/uvicorn/supervisors/multiprocess.py", line 63, in target
api  |     return self.real_target(sockets)
api  |            ~~~~~~~~~~~~~~~~^^^^^^^^^
api  |   File "/usr/local/lib/python3.13/site-packages/uvicorn/server.py", line 66, in run
api  |     return asyncio.run(self.serve(sockets=sockets))
api  |            ~~~~~~~~~~~^^^^^^^^^^^^^^^^^^^^^^^^^^^^^
api  |   File "/usr/local/lib/python3.13/asyncio/runners.py", line 195, in run
api  |     return runner.run(main)
api  |            ~~~~~~~~~~^^^^^^
api  |   File "/usr/local/lib/python3.13/asyncio/runners.py", line 118, in run
api  |     return self._loop.run_until_complete(task)
api  |            ~~~~~~~~~~~~~~~~~~~~~~~~~~~~~^^^^^^
api  |   File "uvloop/loop.pyx", line 1518, in uvloop.loop.Loop.run_until_complete
api  |   File "/usr/local/lib/python3.13/site-packages/uvicorn/server.py", line 70, in serve
api  |     await self._serve(sockets)
api  |   File "/usr/local/lib/python3.13/site-packages/uvicorn/server.py", line 77, in _serve
api  |     config.load()
api  |     ~~~~~~~~~~~^^
api  |   File "/usr/local/lib/python3.13/site-packages/uvicorn/config.py", line 435, in load
api  |     self.loaded_app = import_from_string(self.app)
api  |                       ~~~~~~~~~~~~~~~~~~^^^^^^^^^^
api  |   File "/usr/local/lib/python3.13/site-packages/uvicorn/importer.py", line 19, in import_from_string
api  |     module = importlib.import_module(module_str)
api  |   File "/usr/local/lib/python3.13/importlib/__init__.py", line 88, in import_module
api  |     return _bootstrap._gcd_import(name[level:], package, level)
api  |            ~~~~~~~~~~~~~~~~~~~~~~^^^^^^^^^^^^^^^^^^^^^^^^^^^^^^
api  |   File "<frozen importlib._bootstrap>", line 1395, in _gcd_import
api  |   File "<frozen importlib._bootstrap>", line 1360, in _find_and_load
api  |   File "<frozen importlib._bootstrap>", line 1331, in _find_and_load_unlocked
api  |   File "<frozen importlib._bootstrap>", line 935, in _load_unlocked
api  |   File "<frozen importlib._bootstrap_external>", line 1023, in exec_module
api  |   File "<frozen importlib._bootstrap>", line 488, in _call_with_frames_removed
api  |   File "/app/app/main.py", line 9, in <module>
api  |     from app.rabbitmq import rabbitmq_publisher
api  | ImportError: cannot import name 'rabbitmq_publisher' from 'app.rabbitmq' (/app/app/rabbitmq.py)
api  | INFO:     Waiting for child process [325]
api  | INFO:     Child process [325] died
api  | INFO:     Waiting for child process [326]
api  | INFO:     Child process [326] died
api  | INFO:     Waiting for child process [327]
api  | INFO:     Child process [327] died
api  | INFO:     Waiting for child process [328]
api  | INFO:     Child process [328] died
api  | Process SpawnProcess-166:
api  | Process SpawnProcess-164:
api  | Process SpawnProcess-165:
api  | Traceback (most recent call last):
api  |   File "/usr/local/lib/python3.13/multiprocessing/process.py", line 313, in _bootstrap
api  |     self.run()
api  |     ~~~~~~~~^^
api  |   File "/usr/local/lib/python3.13/multiprocessing/process.py", line 108, in run
api  |     self._target(*self._args, **self._kwargs)
api  |     ~~~~~~~~~~~~^^^^^^^^^^^^^^^^^^^^^^^^^^^^^
api  |   File "/usr/local/lib/python3.13/site-packages/uvicorn/_subprocess.py", line 80, in subprocess_started
api  |     target(sockets=sockets)
api  |     ~~~~~~^^^^^^^^^^^^^^^^^
api  |   File "/usr/local/lib/python3.13/site-packages/uvicorn/supervisors/multiprocess.py", line 63, in target
api  |     return self.real_target(sockets)
api  |            ~~~~~~~~~~~~~~~~^^^^^^^^^
api  |   File "/usr/local/lib/python3.13/site-packages/uvicorn/server.py", line 66, in run
api  |     return asyncio.run(self.serve(sockets=sockets))
api  |            ~~~~~~~~~~~^^^^^^^^^^^^^^^^^^^^^^^^^^^^^
api  |   File "/usr/local/lib/python3.13/asyncio/runners.py", line 195, in run
api  |     return runner.run(main)
api  |            ~~~~~~~~~~^^^^^^
api  |   File "/usr/local/lib/python3.13/asyncio/runners.py", line 118, in run
api  |     return self._loop.run_until_complete(task)
api  |            ~~~~~~~~~~~~~~~~~~~~~~~~~~~~~^^^^^^
api  |   File "uvloop/loop.pyx", line 1518, in uvloop.loop.Loop.run_until_complete
api  |   File "/usr/local/lib/python3.13/site-packages/uvicorn/server.py", line 70, in serve
api  |     await self._serve(sockets)
api  |   File "/usr/local/lib/python3.13/site-packages/uvicorn/server.py", line 77, in _serve
api  |     config.load()
api  |     ~~~~~~~~~~~^^
api  |   File "/usr/local/lib/python3.13/site-packages/uvicorn/config.py", line 435, in load
api  |     self.loaded_app = import_from_string(self.app)
api  |                       ~~~~~~~~~~~~~~~~~~^^^^^^^^^^
api  |   File "/usr/local/lib/python3.13/site-packages/uvicorn/importer.py", line 19, in import_from_string
api  |     module = importlib.import_module(module_str)
api  |   File "/usr/local/lib/python3.13/importlib/__init__.py", line 88, in import_module
api  |     return _bootstrap._gcd_import(name[level:], package, level)
api  |            ~~~~~~~~~~~~~~~~~~~~~~^^^^^^^^^^^^^^^^^^^^^^^^^^^^^^
api  |   File "<frozen importlib._bootstrap>", line 1395, in _gcd_import
api  |   File "<frozen importlib._bootstrap>", line 1360, in _find_and_load
api  |   File "<frozen importlib._bootstrap>", line 1331, in _find_and_load_unlocked
api  |   File "<frozen importlib._bootstrap>", line 935, in _load_unlocked
api  |   File "<frozen importlib._bootstrap_external>", line 1023, in exec_module
api  |   File "<frozen importlib._bootstrap>", line 488, in _call_with_frames_removed
api  |   File "/app/app/main.py", line 9, in <module>
api  |     from app.rabbitmq import rabbitmq_publisher
api  | ImportError: cannot import name 'rabbitmq_publisher' from 'app.rabbitmq' (/app/app/rabbitmq.py)
api  | Traceback (most recent call last):
api  | Traceback (most recent call last):
api  |   File "/usr/local/lib/python3.13/multiprocessing/process.py", line 313, in _bootstrap
api  |     self.run()
api  |     ~~~~~~~~^^
api  |   File "/usr/local/lib/python3.13/multiprocessing/process.py", line 108, in run
api  |     self._target(*self._args, **self._kwargs)
api  |     ~~~~~~~~~~~~^^^^^^^^^^^^^^^^^^^^^^^^^^^^^
api  |   File "/usr/local/lib/python3.13/site-packages/uvicorn/_subprocess.py", line 80, in subprocess_started
api  |     target(sockets=sockets)
api  |     ~~~~~~^^^^^^^^^^^^^^^^^
api  |   File "/usr/local/lib/python3.13/site-packages/uvicorn/supervisors/multiprocess.py", line 63, in target
api  |     return self.real_target(sockets)
api  |            ~~~~~~~~~~~~~~~~^^^^^^^^^
api  |   File "/usr/local/lib/python3.13/site-packages/uvicorn/server.py", line 66, in run
api  |     return asyncio.run(self.serve(sockets=sockets))
api  |            ~~~~~~~~~~~^^^^^^^^^^^^^^^^^^^^^^^^^^^^^
api  |   File "/usr/local/lib/python3.13/asyncio/runners.py", line 195, in run
api  |     return runner.run(main)
api  |            ~~~~~~~~~~^^^^^^
api  |   File "/usr/local/lib/python3.13/asyncio/runners.py", line 118, in run
api  |     return self._loop.run_until_complete(task)
api  |            ~~~~~~~~~~~~~~~~~~~~~~~~~~~~~^^^^^^
api  |   File "uvloop/loop.pyx", line 1518, in uvloop.loop.Loop.run_until_complete
api  |   File "/usr/local/lib/python3.13/multiprocessing/process.py", line 313, in _bootstrap
api  |     self.run()
api  |     ~~~~~~~~^^
api  |   File "/usr/local/lib/python3.13/multiprocessing/process.py", line 108, in run
api  |     self._target(*self._args, **self._kwargs)
api  |     ~~~~~~~~~~~~^^^^^^^^^^^^^^^^^^^^^^^^^^^^^
api  |   File "/usr/local/lib/python3.13/site-packages/uvicorn/_subprocess.py", line 80, in subprocess_started
api  |     target(sockets=sockets)
api  |     ~~~~~~^^^^^^^^^^^^^^^^^
api  |   File "/usr/local/lib/python3.13/site-packages/uvicorn/supervisors/multiprocess.py", line 63, in target
api  |     return self.real_target(sockets)
api  |            ~~~~~~~~~~~~~~~~^^^^^^^^^
api  |   File "/usr/local/lib/python3.13/site-packages/uvicorn/server.py", line 66, in run
api  |     return asyncio.run(self.serve(sockets=sockets))
api  |            ~~~~~~~~~~~^^^^^^^^^^^^^^^^^^^^^^^^^^^^^
api  |   File "/usr/local/lib/python3.13/asyncio/runners.py", line 195, in run
api  |     return runner.run(main)
api  |            ~~~~~~~~~~^^^^^^
api  |   File "/usr/local/lib/python3.13/asyncio/runners.py", line 118, in run
api  |     return self._loop.run_until_complete(task)
api  |            ~~~~~~~~~~~~~~~~~~~~~~~~~~~~~^^^^^^
api  |   File "uvloop/loop.pyx", line 1518, in uvloop.loop.Loop.run_until_complete
api  |   File "/usr/local/lib/python3.13/site-packages/uvicorn/server.py", line 70, in serve
api  |     await self._serve(sockets)
api  |   File "/usr/local/lib/python3.13/site-packages/uvicorn/server.py", line 77, in _serve
api  |     config.load()
api  |     ~~~~~~~~~~~^^
api  |   File "/usr/local/lib/python3.13/site-packages/uvicorn/config.py", line 435, in load
api  |     self.loaded_app = import_from_string(self.app)
api  |                       ~~~~~~~~~~~~~~~~~~^^^^^^^^^^
api  |   File "/usr/local/lib/python3.13/site-packages/uvicorn/importer.py", line 19, in import_from_string
api  |     module = importlib.import_module(module_str)
api  |   File "/usr/local/lib/python3.13/importlib/__init__.py", line 88, in import_module
api  |     return _bootstrap._gcd_import(name[level:], package, level)
api  |            ~~~~~~~~~~~~~~~~~~~~~~^^^^^^^^^^^^^^^^^^^^^^^^^^^^^^
api  |   File "<frozen importlib._bootstrap>", line 1395, in _gcd_import
api  |   File "<frozen importlib._bootstrap>", line 1360, in _find_and_load
api  |   File "<frozen importlib._bootstrap>", line 1331, in _find_and_load_unlocked
api  |   File "<frozen importlib._bootstrap>", line 935, in _load_unlocked
api  |   File "<frozen importlib._bootstrap_external>", line 1023, in exec_module
api  |   File "<frozen importlib._bootstrap>", line 488, in _call_with_frames_removed
api  |   File "/app/app/main.py", line 9, in <module>
api  |     from app.rabbitmq import rabbitmq_publisher
api  | ImportError: cannot import name 'rabbitmq_publisher' from 'app.rabbitmq' (/app/app/rabbitmq.py)
api  |   File "/usr/local/lib/python3.13/site-packages/uvicorn/server.py", line 70, in serve
api  |     await self._serve(sockets)
api  |   File "/usr/local/lib/python3.13/site-packages/uvicorn/server.py", line 77, in _serve
api  |     config.load()
api  |     ~~~~~~~~~~~^^
api  |   File "/usr/local/lib/python3.13/site-packages/uvicorn/config.py", line 435, in load
api  |     self.loaded_app = import_from_string(self.app)
api  |                       ~~~~~~~~~~~~~~~~~~^^^^^^^^^^
api  |   File "/usr/local/lib/python3.13/site-packages/uvicorn/importer.py", line 19, in import_from_string
api  |     module = importlib.import_module(module_str)
api  |   File "/usr/local/lib/python3.13/importlib/__init__.py", line 88, in import_module
api  |     return _bootstrap._gcd_import(name[level:], package, level)
api  |            ~~~~~~~~~~~~~~~~~~~~~~^^^^^^^^^^^^^^^^^^^^^^^^^^^^^^
api  |   File "<frozen importlib._bootstrap>", line 1395, in _gcd_import
api  |   File "<frozen importlib._bootstrap>", line 1360, in _find_and_load
api  |   File "<frozen importlib._bootstrap>", line 1331, in _find_and_load_unlocked
api  |   File "<frozen importlib._bootstrap>", line 935, in _load_unlocked
api  |   File "<frozen importlib._bootstrap_external>", line 1023, in exec_module
api  |   File "<frozen importlib._bootstrap>", line 488, in _call_with_frames_removed
api  |   File "/app/app/main.py", line 9, in <module>
api  |     from app.rabbitmq import rabbitmq_publisher
api  | ImportError: cannot import name 'rabbitmq_publisher' from 'app.rabbitmq' (/app/app/rabbitmq.py)
api  | Process SpawnProcess-167:
api  | Traceback (most recent call last):
api  |   File "/usr/local/lib/python3.13/multiprocessing/process.py", line 313, in _bootstrap
api  |     self.run()
api  |     ~~~~~~~~^^
api  |   File "/usr/local/lib/python3.13/multiprocessing/process.py", line 108, in run
api  |     self._target(*self._args, **self._kwargs)
api  |     ~~~~~~~~~~~~^^^^^^^^^^^^^^^^^^^^^^^^^^^^^
api  |   File "/usr/local/lib/python3.13/site-packages/uvicorn/_subprocess.py", line 80, in subprocess_started
api  |     target(sockets=sockets)
api  |     ~~~~~~^^^^^^^^^^^^^^^^^
api  |   File "/usr/local/lib/python3.13/site-packages/uvicorn/supervisors/multiprocess.py", line 63, in target
api  |     return self.real_target(sockets)
api  |            ~~~~~~~~~~~~~~~~^^^^^^^^^
api  |   File "/usr/local/lib/python3.13/site-packages/uvicorn/server.py", line 66, in run
api  |     return asyncio.run(self.serve(sockets=sockets))
api  |            ~~~~~~~~~~~^^^^^^^^^^^^^^^^^^^^^^^^^^^^^
api  |   File "/usr/local/lib/python3.13/asyncio/runners.py", line 195, in run
api  |     return runner.run(main)
api  |            ~~~~~~~~~~^^^^^^
api  |   File "/usr/local/lib/python3.13/asyncio/runners.py", line 118, in run
api  |     return self._loop.run_until_complete(task)
api  |            ~~~~~~~~~~~~~~~~~~~~~~~~~~~~~^^^^^^
api  |   File "uvloop/loop.pyx", line 1518, in uvloop.loop.Loop.run_until_complete
api  |   File "/usr/local/lib/python3.13/site-packages/uvicorn/server.py", line 70, in serve
api  |     await self._serve(sockets)
api  |   File "/usr/local/lib/python3.13/site-packages/uvicorn/server.py", line 77, in _serve
api  |     config.load()
api  |     ~~~~~~~~~~~^^
api  |   File "/usr/local/lib/python3.13/site-packages/uvicorn/config.py", line 435, in load
api  |     self.loaded_app = import_from_string(self.app)
api  |                       ~~~~~~~~~~~~~~~~~~^^^^^^^^^^
api  |   File "/usr/local/lib/python3.13/site-packages/uvicorn/importer.py", line 19, in import_from_string
api  |     module = importlib.import_module(module_str)
api  |   File "/usr/local/lib/python3.13/importlib/__init__.py", line 88, in import_module
api  |     return _bootstrap._gcd_import(name[level:], package, level)
api  |            ~~~~~~~~~~~~~~~~~~~~~~^^^^^^^^^^^^^^^^^^^^^^^^^^^^^^
api  |   File "<frozen importlib._bootstrap>", line 1395, in _gcd_import
api  |   File "<frozen importlib._bootstrap>", line 1360, in _find_and_load
api  |   File "<frozen importlib._bootstrap>", line 1331, in _find_and_load_unlocked
api  |   File "<frozen importlib._bootstrap>", line 935, in _load_unlocked
api  |   File "<frozen importlib._bootstrap_external>", line 1023, in exec_module
api  |   File "<frozen importlib._bootstrap>", line 488, in _call_with_frames_removed
api  |   File "/app/app/main.py", line 9, in <module>
api  |     from app.rabbitmq import rabbitmq_publisher
api  | ImportError: cannot import name 'rabbitmq_publisher' from 'app.rabbitmq' (/app/app/rabbitmq.py)
api  | INFO:     Waiting for child process [333]
api  | INFO:     Child process [333] died
api  | INFO:     Waiting for child process [334]
api  | INFO:     Child process [334] died
api  | INFO:     Waiting for child process [335]
api  | INFO:     Child process [335] died
api  | INFO:     Waiting for child process [336]
api  | INFO:     Child process [336] died
api  | Process SpawnProcess-168:
api  | Process SpawnProcess-170:
api  | Traceback (most recent call last):
api  | Process SpawnProcess-169:
api  |   File "/usr/local/lib/python3.13/multiprocessing/process.py", line 313, in _bootstrap
api  |     self.run()
api  |     ~~~~~~~~^^
api  |   File "/usr/local/lib/python3.13/multiprocessing/process.py", line 108, in run
api  |     self._target(*self._args, **self._kwargs)
api  |     ~~~~~~~~~~~~^^^^^^^^^^^^^^^^^^^^^^^^^^^^^
api  |   File "/usr/local/lib/python3.13/site-packages/uvicorn/_subprocess.py", line 80, in subprocess_started
api  |     target(sockets=sockets)
api  |     ~~~~~~^^^^^^^^^^^^^^^^^
api  |   File "/usr/local/lib/python3.13/site-packages/uvicorn/supervisors/multiprocess.py", line 63, in target
api  |     return self.real_target(sockets)
api  |            ~~~~~~~~~~~~~~~~^^^^^^^^^
api  |   File "/usr/local/lib/python3.13/site-packages/uvicorn/server.py", line 66, in run
api  |     return asyncio.run(self.serve(sockets=sockets))
api  |            ~~~~~~~~~~~^^^^^^^^^^^^^^^^^^^^^^^^^^^^^
api  | Traceback (most recent call last):
api  |   File "/usr/local/lib/python3.13/asyncio/runners.py", line 195, in run
api  |     return runner.run(main)
api  |            ~~~~~~~~~~^^^^^^
api  |   File "/usr/local/lib/python3.13/asyncio/runners.py", line 118, in run
api  |     return self._loop.run_until_complete(task)
api  |            ~~~~~~~~~~~~~~~~~~~~~~~~~~~~~^^^^^^
api  |   File "uvloop/loop.pyx", line 1518, in uvloop.loop.Loop.run_until_complete
api  |   File "/usr/local/lib/python3.13/site-packages/uvicorn/server.py", line 70, in serve
api  |     await self._serve(sockets)
api  |   File "/usr/local/lib/python3.13/site-packages/uvicorn/server.py", line 77, in _serve
api  |     config.load()
api  |     ~~~~~~~~~~~^^
api  |   File "/usr/local/lib/python3.13/site-packages/uvicorn/config.py", line 435, in load
api  |     self.loaded_app = import_from_string(self.app)
api  |                       ~~~~~~~~~~~~~~~~~~^^^^^^^^^^
api  |   File "/usr/local/lib/python3.13/site-packages/uvicorn/importer.py", line 19, in import_from_string
api  |     module = importlib.import_module(module_str)
api  |   File "/usr/local/lib/python3.13/importlib/__init__.py", line 88, in import_module
api  |     return _bootstrap._gcd_import(name[level:], package, level)
api  |            ~~~~~~~~~~~~~~~~~~~~~~^^^^^^^^^^^^^^^^^^^^^^^^^^^^^^
api  |   File "<frozen importlib._bootstrap>", line 1395, in _gcd_import
api  |   File "<frozen importlib._bootstrap>", line 1360, in _find_and_load
api  |   File "<frozen importlib._bootstrap>", line 1331, in _find_and_load_unlocked
api  |   File "<frozen importlib._bootstrap>", line 935, in _load_unlocked
api  |   File "<frozen importlib._bootstrap_external>", line 1023, in exec_module
api  |   File "<frozen importlib._bootstrap>", line 488, in _call_with_frames_removed
api  |   File "/app/app/main.py", line 9, in <module>
api  |     from app.rabbitmq import rabbitmq_publisher
api  | ImportError: cannot import name 'rabbitmq_publisher' from 'app.rabbitmq' (/app/app/rabbitmq.py)
api  |   File "/usr/local/lib/python3.13/multiprocessing/process.py", line 313, in _bootstrap
api  |     self.run()
api  |     ~~~~~~~~^^
api  |   File "/usr/local/lib/python3.13/multiprocessing/process.py", line 108, in run
api  |     self._target(*self._args, **self._kwargs)
api  |     ~~~~~~~~~~~~^^^^^^^^^^^^^^^^^^^^^^^^^^^^^
api  |   File "/usr/local/lib/python3.13/site-packages/uvicorn/_subprocess.py", line 80, in subprocess_started
api  |     target(sockets=sockets)
api  |     ~~~~~~^^^^^^^^^^^^^^^^^
api  |   File "/usr/local/lib/python3.13/site-packages/uvicorn/supervisors/multiprocess.py", line 63, in target
api  |     return self.real_target(sockets)
api  |            ~~~~~~~~~~~~~~~~^^^^^^^^^
api  |   File "/usr/local/lib/python3.13/site-packages/uvicorn/server.py", line 66, in run
api  |     return asyncio.run(self.serve(sockets=sockets))
api  |            ~~~~~~~~~~~^^^^^^^^^^^^^^^^^^^^^^^^^^^^^
api  |   File "/usr/local/lib/python3.13/asyncio/runners.py", line 195, in run
api  |     return runner.run(main)
api  |            ~~~~~~~~~~^^^^^^
api  |   File "/usr/local/lib/python3.13/asyncio/runners.py", line 118, in run
api  |     return self._loop.run_until_complete(task)
api  |            ~~~~~~~~~~~~~~~~~~~~~~~~~~~~~^^^^^^
api  |   File "uvloop/loop.pyx", line 1518, in uvloop.loop.Loop.run_until_complete
api  |   File "/usr/local/lib/python3.13/site-packages/uvicorn/server.py", line 70, in serve
api  |     await self._serve(sockets)
api  |   File "/usr/local/lib/python3.13/site-packages/uvicorn/server.py", line 77, in _serve
api  |     config.load()
api  |     ~~~~~~~~~~~^^
api  |   File "/usr/local/lib/python3.13/site-packages/uvicorn/config.py", line 435, in load
api  |     self.loaded_app = import_from_string(self.app)
api  |                       ~~~~~~~~~~~~~~~~~~^^^^^^^^^^
api  |   File "/usr/local/lib/python3.13/site-packages/uvicorn/importer.py", line 19, in import_from_string
api  |     module = importlib.import_module(module_str)
api  |   File "/usr/local/lib/python3.13/importlib/__init__.py", line 88, in import_module
api  |     return _bootstrap._gcd_import(name[level:], package, level)
api  |            ~~~~~~~~~~~~~~~~~~~~~~^^^^^^^^^^^^^^^^^^^^^^^^^^^^^^
api  |   File "<frozen importlib._bootstrap>", line 1395, in _gcd_import
api  |   File "<frozen importlib._bootstrap>", line 1360, in _find_and_load
api  |   File "<frozen importlib._bootstrap>", line 1331, in _find_and_load_unlocked
api  |   File "<frozen importlib._bootstrap>", line 935, in _load_unlocked
api  |   File "<frozen importlib._bootstrap_external>", line 1023, in exec_module
api  |   File "<frozen importlib._bootstrap>", line 488, in _call_with_frames_removed
api  |   File "/app/app/main.py", line 9, in <module>
api  |     from app.rabbitmq import rabbitmq_publisher
api  | ImportError: cannot import name 'rabbitmq_publisher' from 'app.rabbitmq' (/app/app/rabbitmq.py)
api  | Traceback (most recent call last):
api  |   File "/usr/local/lib/python3.13/multiprocessing/process.py", line 313, in _bootstrap
api  |     self.run()
api  |     ~~~~~~~~^^
api  |   File "/usr/local/lib/python3.13/multiprocessing/process.py", line 108, in run
api  |     self._target(*self._args, **self._kwargs)
api  |     ~~~~~~~~~~~~^^^^^^^^^^^^^^^^^^^^^^^^^^^^^
api  |   File "/usr/local/lib/python3.13/site-packages/uvicorn/_subprocess.py", line 80, in subprocess_started
api  |     target(sockets=sockets)
api  |     ~~~~~~^^^^^^^^^^^^^^^^^
api  |   File "/usr/local/lib/python3.13/site-packages/uvicorn/supervisors/multiprocess.py", line 63, in target
api  |     return self.real_target(sockets)
api  |            ~~~~~~~~~~~~~~~~^^^^^^^^^
api  |   File "/usr/local/lib/python3.13/site-packages/uvicorn/server.py", line 66, in run
api  |     return asyncio.run(self.serve(sockets=sockets))
api  |            ~~~~~~~~~~~^^^^^^^^^^^^^^^^^^^^^^^^^^^^^
api  |   File "/usr/local/lib/python3.13/asyncio/runners.py", line 195, in run
api  |     return runner.run(main)
api  |            ~~~~~~~~~~^^^^^^
api  |   File "/usr/local/lib/python3.13/asyncio/runners.py", line 118, in run
api  |     return self._loop.run_until_complete(task)
api  |            ~~~~~~~~~~~~~~~~~~~~~~~~~~~~~^^^^^^
api  |   File "uvloop/loop.pyx", line 1518, in uvloop.loop.Loop.run_until_complete
api  |   File "/usr/local/lib/python3.13/site-packages/uvicorn/server.py", line 70, in serve
api  |     await self._serve(sockets)
api  |   File "/usr/local/lib/python3.13/site-packages/uvicorn/server.py", line 77, in _serve
api  |     config.load()
api  |     ~~~~~~~~~~~^^
api  |   File "/usr/local/lib/python3.13/site-packages/uvicorn/config.py", line 435, in load
api  |     self.loaded_app = import_from_string(self.app)
api  |                       ~~~~~~~~~~~~~~~~~~^^^^^^^^^^
api  |   File "/usr/local/lib/python3.13/site-packages/uvicorn/importer.py", line 19, in import_from_string
api  |     module = importlib.import_module(module_str)
api  |   File "/usr/local/lib/python3.13/importlib/__init__.py", line 88, in import_module
api  |     return _bootstrap._gcd_import(name[level:], package, level)
api  |            ~~~~~~~~~~~~~~~~~~~~~~^^^^^^^^^^^^^^^^^^^^^^^^^^^^^^
api  |   File "<frozen importlib._bootstrap>", line 1395, in _gcd_import
api  |   File "<frozen importlib._bootstrap>", line 1360, in _find_and_load
api  |   File "<frozen importlib._bootstrap>", line 1331, in _find_and_load_unlocked
api  |   File "<frozen importlib._bootstrap>", line 935, in _load_unlocked
api  |   File "<frozen importlib._bootstrap_external>", line 1023, in exec_module
api  |   File "<frozen importlib._bootstrap>", line 488, in _call_with_frames_removed
api  |   File "/app/app/main.py", line 9, in <module>
api  |     from app.rabbitmq import rabbitmq_publisher
api  | ImportError: cannot import name 'rabbitmq_publisher' from 'app.rabbitmq' (/app/app/rabbitmq.py)
api  | Process SpawnProcess-171:
api  | Traceback (most recent call last):
api  |   File "/usr/local/lib/python3.13/multiprocessing/process.py", line 313, in _bootstrap
api  |     self.run()
api  |     ~~~~~~~~^^
api  |   File "/usr/local/lib/python3.13/multiprocessing/process.py", line 108, in run
api  |     self._target(*self._args, **self._kwargs)
api  |     ~~~~~~~~~~~~^^^^^^^^^^^^^^^^^^^^^^^^^^^^^
api  |   File "/usr/local/lib/python3.13/site-packages/uvicorn/_subprocess.py", line 80, in subprocess_started
api  |     target(sockets=sockets)
api  |     ~~~~~~^^^^^^^^^^^^^^^^^
api  |   File "/usr/local/lib/python3.13/site-packages/uvicorn/supervisors/multiprocess.py", line 63, in target
api  |     return self.real_target(sockets)
api  |            ~~~~~~~~~~~~~~~~^^^^^^^^^
api  |   File "/usr/local/lib/python3.13/site-packages/uvicorn/server.py", line 66, in run
api  |     return asyncio.run(self.serve(sockets=sockets))
api  |            ~~~~~~~~~~~^^^^^^^^^^^^^^^^^^^^^^^^^^^^^
api  |   File "/usr/local/lib/python3.13/asyncio/runners.py", line 195, in run
api  |     return runner.run(main)
api  |            ~~~~~~~~~~^^^^^^
api  |   File "/usr/local/lib/python3.13/asyncio/runners.py", line 118, in run
api  |     return self._loop.run_until_complete(task)
api  |            ~~~~~~~~~~~~~~~~~~~~~~~~~~~~~^^^^^^
api  |   File "uvloop/loop.pyx", line 1518, in uvloop.loop.Loop.run_until_complete
api  |   File "/usr/local/lib/python3.13/site-packages/uvicorn/server.py", line 70, in serve
api  |     await self._serve(sockets)
api  |   File "/usr/local/lib/python3.13/site-packages/uvicorn/server.py", line 77, in _serve
api  |     config.load()
api  |     ~~~~~~~~~~~^^
api  |   File "/usr/local/lib/python3.13/site-packages/uvicorn/config.py", line 435, in load
api  |     self.loaded_app = import_from_string(self.app)
api  |                       ~~~~~~~~~~~~~~~~~~^^^^^^^^^^
api  |   File "/usr/local/lib/python3.13/site-packages/uvicorn/importer.py", line 19, in import_from_string
api  |     module = importlib.import_module(module_str)
api  |   File "/usr/local/lib/python3.13/importlib/__init__.py", line 88, in import_module
api  |     return _bootstrap._gcd_import(name[level:], package, level)
api  |            ~~~~~~~~~~~~~~~~~~~~~~^^^^^^^^^^^^^^^^^^^^^^^^^^^^^^
api  |   File "<frozen importlib._bootstrap>", line 1395, in _gcd_import
api  |   File "<frozen importlib._bootstrap>", line 1360, in _find_and_load
api  |   File "<frozen importlib._bootstrap>", line 1331, in _find_and_load_unlocked
api  |   File "<frozen importlib._bootstrap>", line 935, in _load_unlocked
api  |   File "<frozen importlib._bootstrap_external>", line 1023, in exec_module
api  |   File "<frozen importlib._bootstrap>", line 488, in _call_with_frames_removed
api  |   File "/app/app/main.py", line 9, in <module>
api  |     from app.rabbitmq import rabbitmq_publisher
api  | ImportError: cannot import name 'rabbitmq_publisher' from 'app.rabbitmq' (/app/app/rabbitmq.py)
api  | INFO:     Waiting for child process [341]
api  | INFO:     Child process [341] died
api  | INFO:     Waiting for child process [342]
api  | INFO:     Child process [342] died
api  | INFO:     Waiting for child process [343]
api  | INFO:     Child process [343] died
api  | Process SpawnProcess-172:
api  | Traceback (most recent call last):
api  |   File "/usr/local/lib/python3.13/multiprocessing/process.py", line 313, in _bootstrap
api  |     self.run()
api  |     ~~~~~~~~^^
api  |   File "/usr/local/lib/python3.13/multiprocessing/process.py", line 108, in run
api  |     self._target(*self._args, **self._kwargs)
api  |     ~~~~~~~~~~~~^^^^^^^^^^^^^^^^^^^^^^^^^^^^^
api  |   File "/usr/local/lib/python3.13/site-packages/uvicorn/_subprocess.py", line 80, in subprocess_started
api  |     target(sockets=sockets)
api  |     ~~~~~~^^^^^^^^^^^^^^^^^
api  |   File "/usr/local/lib/python3.13/site-packages/uvicorn/supervisors/multiprocess.py", line 63, in target
api  |     return self.real_target(sockets)
api  |            ~~~~~~~~~~~~~~~~^^^^^^^^^
api  |   File "/usr/local/lib/python3.13/site-packages/uvicorn/server.py", line 66, in run
api  |     return asyncio.run(self.serve(sockets=sockets))
api  |            ~~~~~~~~~~~^^^^^^^^^^^^^^^^^^^^^^^^^^^^^
api  |   File "/usr/local/lib/python3.13/asyncio/runners.py", line 195, in run
api  |     return runner.run(main)
api  |            ~~~~~~~~~~^^^^^^
api  |   File "/usr/local/lib/python3.13/asyncio/runners.py", line 118, in run
api  |     return self._loop.run_until_complete(task)
api  |            ~~~~~~~~~~~~~~~~~~~~~~~~~~~~~^^^^^^
api  |   File "uvloop/loop.pyx", line 1518, in uvloop.loop.Loop.run_until_complete
api  |   File "/usr/local/lib/python3.13/site-packages/uvicorn/server.py", line 70, in serve
api  |     await self._serve(sockets)
api  |   File "/usr/local/lib/python3.13/site-packages/uvicorn/server.py", line 77, in _serve
api  |     config.load()
api  |     ~~~~~~~~~~~^^
api  |   File "/usr/local/lib/python3.13/site-packages/uvicorn/config.py", line 435, in load
api  |     self.loaded_app = import_from_string(self.app)
api  |                       ~~~~~~~~~~~~~~~~~~^^^^^^^^^^
api  |   File "/usr/local/lib/python3.13/site-packages/uvicorn/importer.py", line 19, in import_from_string
api  |     module = importlib.import_module(module_str)
api  |   File "/usr/local/lib/python3.13/importlib/__init__.py", line 88, in import_module
api  |     return _bootstrap._gcd_import(name[level:], package, level)
api  |            ~~~~~~~~~~~~~~~~~~~~~~^^^^^^^^^^^^^^^^^^^^^^^^^^^^^^
api  |   File "<frozen importlib._bootstrap>", line 1395, in _gcd_import
api  |   File "<frozen importlib._bootstrap>", line 1360, in _find_and_load
api  |   File "<frozen importlib._bootstrap>", line 1331, in _find_and_load_unlocked
api  |   File "<frozen importlib._bootstrap>", line 935, in _load_unlocked
api  |   File "<frozen importlib._bootstrap_external>", line 1023, in exec_module
api  |   File "<frozen importlib._bootstrap>", line 488, in _call_with_frames_removed
api  |   File "/app/app/main.py", line 9, in <module>
api  |     from app.rabbitmq import rabbitmq_publisher
api  | ImportError: cannot import name 'rabbitmq_publisher' from 'app.rabbitmq' (/app/app/rabbitmq.py)
api  | Process SpawnProcess-174:
api  | Traceback (most recent call last):
api  |   File "/usr/local/lib/python3.13/multiprocessing/process.py", line 313, in _bootstrap
api  |     self.run()
api  |     ~~~~~~~~^^
api  |   File "/usr/local/lib/python3.13/multiprocessing/process.py", line 108, in run
api  |     self._target(*self._args, **self._kwargs)
api  |     ~~~~~~~~~~~~^^^^^^^^^^^^^^^^^^^^^^^^^^^^^
api  |   File "/usr/local/lib/python3.13/site-packages/uvicorn/_subprocess.py", line 80, in subprocess_started
api  |     target(sockets=sockets)
api  |     ~~~~~~^^^^^^^^^^^^^^^^^
api  |   File "/usr/local/lib/python3.13/site-packages/uvicorn/supervisors/multiprocess.py", line 63, in target
api  |     return self.real_target(sockets)
api  |            ~~~~~~~~~~~~~~~~^^^^^^^^^
api  |   File "/usr/local/lib/python3.13/site-packages/uvicorn/server.py", line 66, in run
api  |     return asyncio.run(self.serve(sockets=sockets))
api  |            ~~~~~~~~~~~^^^^^^^^^^^^^^^^^^^^^^^^^^^^^
api  |   File "/usr/local/lib/python3.13/asyncio/runners.py", line 195, in run
api  |     return runner.run(main)
api  |            ~~~~~~~~~~^^^^^^
api  |   File "/usr/local/lib/python3.13/asyncio/runners.py", line 118, in run
api  |     return self._loop.run_until_complete(task)
api  |            ~~~~~~~~~~~~~~~~~~~~~~~~~~~~~^^^^^^
api  |   File "uvloop/loop.pyx", line 1518, in uvloop.loop.Loop.run_until_complete
api  |   File "/usr/local/lib/python3.13/site-packages/uvicorn/server.py", line 70, in serve
api  |     await self._serve(sockets)
api  |   File "/usr/local/lib/python3.13/site-packages/uvicorn/server.py", line 77, in _serve
api  |     config.load()
api  |     ~~~~~~~~~~~^^
api  |   File "/usr/local/lib/python3.13/site-packages/uvicorn/config.py", line 435, in load
api  |     self.loaded_app = import_from_string(self.app)
api  |                       ~~~~~~~~~~~~~~~~~~^^^^^^^^^^
api  |   File "/usr/local/lib/python3.13/site-packages/uvicorn/importer.py", line 19, in import_from_string
api  |     module = importlib.import_module(module_str)
api  |   File "/usr/local/lib/python3.13/importlib/__init__.py", line 88, in import_module
api  |     return _bootstrap._gcd_import(name[level:], package, level)
api  |            ~~~~~~~~~~~~~~~~~~~~~~^^^^^^^^^^^^^^^^^^^^^^^^^^^^^^
api  |   File "<frozen importlib._bootstrap>", line 1395, in _gcd_import
api  |   File "<frozen importlib._bootstrap>", line 1360, in _find_and_load
api  |   File "<frozen importlib._bootstrap>", line 1331, in _find_and_load_unlocked
api  |   File "<frozen importlib._bootstrap>", line 935, in _load_unlocked
api  |   File "<frozen importlib._bootstrap_external>", line 1023, in exec_module
api  |   File "<frozen importlib._bootstrap>", line 488, in _call_with_frames_removed
api  |   File "/app/app/main.py", line 9, in <module>
api  |     from app.rabbitmq import rabbitmq_publisher
api  | ImportError: cannot import name 'rabbitmq_publisher' from 'app.rabbitmq' (/app/app/rabbitmq.py)
api  | Process SpawnProcess-173:
api  | Traceback (most recent call last):
api  |   File "/usr/local/lib/python3.13/multiprocessing/process.py", line 313, in _bootstrap
api  |     self.run()
api  |     ~~~~~~~~^^
api  |   File "/usr/local/lib/python3.13/multiprocessing/process.py", line 108, in run
api  |     self._target(*self._args, **self._kwargs)
api  |     ~~~~~~~~~~~~^^^^^^^^^^^^^^^^^^^^^^^^^^^^^
api  |   File "/usr/local/lib/python3.13/site-packages/uvicorn/_subprocess.py", line 80, in subprocess_started
api  |     target(sockets=sockets)
api  |     ~~~~~~^^^^^^^^^^^^^^^^^
api  |   File "/usr/local/lib/python3.13/site-packages/uvicorn/supervisors/multiprocess.py", line 63, in target
api  |     return self.real_target(sockets)
api  |            ~~~~~~~~~~~~~~~~^^^^^^^^^
api  |   File "/usr/local/lib/python3.13/site-packages/uvicorn/server.py", line 66, in run
api  |     return asyncio.run(self.serve(sockets=sockets))
api  |            ~~~~~~~~~~~^^^^^^^^^^^^^^^^^^^^^^^^^^^^^
api  |   File "/usr/local/lib/python3.13/asyncio/runners.py", line 195, in run
api  |     return runner.run(main)
api  |            ~~~~~~~~~~^^^^^^
api  |   File "/usr/local/lib/python3.13/asyncio/runners.py", line 118, in run
api  |     return self._loop.run_until_complete(task)
api  |            ~~~~~~~~~~~~~~~~~~~~~~~~~~~~~^^^^^^
api  |   File "uvloop/loop.pyx", line 1518, in uvloop.loop.Loop.run_until_complete
api  |   File "/usr/local/lib/python3.13/site-packages/uvicorn/server.py", line 70, in serve
api  |     await self._serve(sockets)
api  |   File "/usr/local/lib/python3.13/site-packages/uvicorn/server.py", line 77, in _serve
api  |     config.load()
api  |     ~~~~~~~~~~~^^
api  |   File "/usr/local/lib/python3.13/site-packages/uvicorn/config.py", line 435, in load
api  |     self.loaded_app = import_from_string(self.app)
api  |                       ~~~~~~~~~~~~~~~~~~^^^^^^^^^^
api  |   File "/usr/local/lib/python3.13/site-packages/uvicorn/importer.py", line 19, in import_from_string
api  |     module = importlib.import_module(module_str)
api  |   File "/usr/local/lib/python3.13/importlib/__init__.py", line 88, in import_module
api  |     return _bootstrap._gcd_import(name[level:], package, level)
api  |            ~~~~~~~~~~~~~~~~~~~~~~^^^^^^^^^^^^^^^^^^^^^^^^^^^^^^
api  |   File "<frozen importlib._bootstrap>", line 1395, in _gcd_import
api  |   File "<frozen importlib._bootstrap>", line 1360, in _find_and_load
api  |   File "<frozen importlib._bootstrap>", line 1331, in _find_and_load_unlocked
api  |   File "<frozen importlib._bootstrap>", line 935, in _load_unlocked
api  |   File "<frozen importlib._bootstrap_external>", line 1023, in exec_module
api  |   File "<frozen importlib._bootstrap>", line 488, in _call_with_frames_removed
api  |   File "/app/app/main.py", line 9, in <module>
api  |     from app.rabbitmq import rabbitmq_publisher
api  | ImportError: cannot import name 'rabbitmq_publisher' from 'app.rabbitmq' (/app/app/rabbitmq.py)
api  | INFO:     Waiting for child process [344]
api  | INFO:     Child process [344] died
api  | INFO:     Waiting for child process [349]
api  | INFO:     Child process [349] died
api  | INFO:     Waiting for child process [350]
api  | INFO:     Child process [350] died
api  | INFO:     Waiting for child process [351]
api  | INFO:     Child process [351] died
api  | Process SpawnProcess-175:
api  | Traceback (most recent call last):
api  |   File "/usr/local/lib/python3.13/multiprocessing/process.py", line 313, in _bootstrap
api  |     self.run()
api  |     ~~~~~~~~^^
api  |   File "/usr/local/lib/python3.13/multiprocessing/process.py", line 108, in run
api  |     self._target(*self._args, **self._kwargs)
api  |     ~~~~~~~~~~~~^^^^^^^^^^^^^^^^^^^^^^^^^^^^^
api  |   File "/usr/local/lib/python3.13/site-packages/uvicorn/_subprocess.py", line 80, in subprocess_started
api  |     target(sockets=sockets)
api  |     ~~~~~~^^^^^^^^^^^^^^^^^
api  |   File "/usr/local/lib/python3.13/site-packages/uvicorn/supervisors/multiprocess.py", line 63, in target
api  |     return self.real_target(sockets)
api  |            ~~~~~~~~~~~~~~~~^^^^^^^^^
api  |   File "/usr/local/lib/python3.13/site-packages/uvicorn/server.py", line 66, in run
api  |     return asyncio.run(self.serve(sockets=sockets))
api  |            ~~~~~~~~~~~^^^^^^^^^^^^^^^^^^^^^^^^^^^^^
api  |   File "/usr/local/lib/python3.13/asyncio/runners.py", line 195, in run
api  |     return runner.run(main)
api  |            ~~~~~~~~~~^^^^^^
api  |   File "/usr/local/lib/python3.13/asyncio/runners.py", line 118, in run
api  |     return self._loop.run_until_complete(task)
api  |            ~~~~~~~~~~~~~~~~~~~~~~~~~~~~~^^^^^^
api  |   File "uvloop/loop.pyx", line 1518, in uvloop.loop.Loop.run_until_complete
api  |   File "/usr/local/lib/python3.13/site-packages/uvicorn/server.py", line 70, in serve
api  |     await self._serve(sockets)
api  |   File "/usr/local/lib/python3.13/site-packages/uvicorn/server.py", line 77, in _serve
api  |     config.load()
api  |     ~~~~~~~~~~~^^
api  |   File "/usr/local/lib/python3.13/site-packages/uvicorn/config.py", line 435, in load
api  |     self.loaded_app = import_from_string(self.app)
api  |                       ~~~~~~~~~~~~~~~~~~^^^^^^^^^^
api  |   File "/usr/local/lib/python3.13/site-packages/uvicorn/importer.py", line 19, in import_from_string
api  |     module = importlib.import_module(module_str)
api  |   File "/usr/local/lib/python3.13/importlib/__init__.py", line 88, in import_module
api  |     return _bootstrap._gcd_import(name[level:], package, level)
api  |            ~~~~~~~~~~~~~~~~~~~~~~^^^^^^^^^^^^^^^^^^^^^^^^^^^^^^
api  |   File "<frozen importlib._bootstrap>", line 1395, in _gcd_import
api  |   File "<frozen importlib._bootstrap>", line 1360, in _find_and_load
api  |   File "<frozen importlib._bootstrap>", line 1331, in _find_and_load_unlocked
api  |   File "<frozen importlib._bootstrap>", line 935, in _load_unlocked
api  |   File "<frozen importlib._bootstrap_external>", line 1023, in exec_module
api  |   File "<frozen importlib._bootstrap>", line 488, in _call_with_frames_removed
api  |   File "/app/app/main.py", line 9, in <module>
api  |     from app.rabbitmq import rabbitmq_publisher
api  | ImportError: cannot import name 'rabbitmq_publisher' from 'app.rabbitmq' (/app/app/rabbitmq.py)
api  | INFO:     Waiting for child process [355]
api  | INFO:     Child process [355] died
api  | Process SpawnProcess-178:
api  | Process SpawnProcess-177:
api  | Process SpawnProcess-176:
api  | Traceback (most recent call last):
api  | Traceback (most recent call last):
api  |   File "/usr/local/lib/python3.13/multiprocessing/process.py", line 313, in _bootstrap
api  |     self.run()
api  |     ~~~~~~~~^^
api  |   File "/usr/local/lib/python3.13/multiprocessing/process.py", line 108, in run
api  |     self._target(*self._args, **self._kwargs)
api  |     ~~~~~~~~~~~~^^^^^^^^^^^^^^^^^^^^^^^^^^^^^
api  |   File "/usr/local/lib/python3.13/site-packages/uvicorn/_subprocess.py", line 80, in subprocess_started
api  |     target(sockets=sockets)
api  |     ~~~~~~^^^^^^^^^^^^^^^^^
api  |   File "/usr/local/lib/python3.13/site-packages/uvicorn/supervisors/multiprocess.py", line 63, in target
api  |     return self.real_target(sockets)
api  |            ~~~~~~~~~~~~~~~~^^^^^^^^^
api  |   File "/usr/local/lib/python3.13/site-packages/uvicorn/server.py", line 66, in run
api  |     return asyncio.run(self.serve(sockets=sockets))
api  |            ~~~~~~~~~~~^^^^^^^^^^^^^^^^^^^^^^^^^^^^^
api  | Traceback (most recent call last):
api  |   File "/usr/local/lib/python3.13/asyncio/runners.py", line 195, in run
api  |     return runner.run(main)
api  |            ~~~~~~~~~~^^^^^^
api  |   File "/usr/local/lib/python3.13/asyncio/runners.py", line 118, in run
api  |     return self._loop.run_until_complete(task)
api  |            ~~~~~~~~~~~~~~~~~~~~~~~~~~~~~^^^^^^
api  |   File "uvloop/loop.pyx", line 1518, in uvloop.loop.Loop.run_until_complete
api  |   File "/usr/local/lib/python3.13/multiprocessing/process.py", line 313, in _bootstrap
api  |     self.run()
api  |     ~~~~~~~~^^
api  |   File "/usr/local/lib/python3.13/multiprocessing/process.py", line 108, in run
api  |     self._target(*self._args, **self._kwargs)
api  |     ~~~~~~~~~~~~^^^^^^^^^^^^^^^^^^^^^^^^^^^^^
api  |   File "/usr/local/lib/python3.13/site-packages/uvicorn/_subprocess.py", line 80, in subprocess_started
api  |     target(sockets=sockets)
api  |     ~~~~~~^^^^^^^^^^^^^^^^^
api  |   File "/usr/local/lib/python3.13/site-packages/uvicorn/supervisors/multiprocess.py", line 63, in target
api  |     return self.real_target(sockets)
api  |            ~~~~~~~~~~~~~~~~^^^^^^^^^
api  |   File "/usr/local/lib/python3.13/site-packages/uvicorn/server.py", line 66, in run
api  |     return asyncio.run(self.serve(sockets=sockets))
api  |            ~~~~~~~~~~~^^^^^^^^^^^^^^^^^^^^^^^^^^^^^
api  |   File "/usr/local/lib/python3.13/asyncio/runners.py", line 195, in run
api  |     return runner.run(main)
api  |            ~~~~~~~~~~^^^^^^
api  |   File "/usr/local/lib/python3.13/asyncio/runners.py", line 118, in run
api  |     return self._loop.run_until_complete(task)
api  |            ~~~~~~~~~~~~~~~~~~~~~~~~~~~~~^^^^^^
api  |   File "uvloop/loop.pyx", line 1518, in uvloop.loop.Loop.run_until_complete
api  |   File "/usr/local/lib/python3.13/site-packages/uvicorn/server.py", line 70, in serve
api  |     await self._serve(sockets)
api  |   File "/usr/local/lib/python3.13/site-packages/uvicorn/server.py", line 77, in _serve
api  |     config.load()
api  |     ~~~~~~~~~~~^^
api  |   File "/usr/local/lib/python3.13/site-packages/uvicorn/server.py", line 70, in serve
api  |     await self._serve(sockets)
api  |   File "/usr/local/lib/python3.13/site-packages/uvicorn/server.py", line 77, in _serve
api  |     config.load()
api  |     ~~~~~~~~~~~^^
api  |   File "/usr/local/lib/python3.13/site-packages/uvicorn/config.py", line 435, in load
api  |     self.loaded_app = import_from_string(self.app)
api  |                       ~~~~~~~~~~~~~~~~~~^^^^^^^^^^
api  |   File "/usr/local/lib/python3.13/site-packages/uvicorn/importer.py", line 19, in import_from_string
api  |     module = importlib.import_module(module_str)
api  |   File "/usr/local/lib/python3.13/importlib/__init__.py", line 88, in import_module
api  |     return _bootstrap._gcd_import(name[level:], package, level)
api  |            ~~~~~~~~~~~~~~~~~~~~~~^^^^^^^^^^^^^^^^^^^^^^^^^^^^^^
api  |   File "<frozen importlib._bootstrap>", line 1395, in _gcd_import
api  |   File "<frozen importlib._bootstrap>", line 1360, in _find_and_load
api  |   File "<frozen importlib._bootstrap>", line 1331, in _find_and_load_unlocked
api  |   File "<frozen importlib._bootstrap>", line 935, in _load_unlocked
api  |   File "<frozen importlib._bootstrap_external>", line 1023, in exec_module
api  |   File "<frozen importlib._bootstrap>", line 488, in _call_with_frames_removed
api  |   File "/app/app/main.py", line 9, in <module>
api  |     from app.rabbitmq import rabbitmq_publisher
api  | ImportError: cannot import name 'rabbitmq_publisher' from 'app.rabbitmq' (/app/app/rabbitmq.py)
api  |   File "/usr/local/lib/python3.13/site-packages/uvicorn/config.py", line 435, in load
api  |     self.loaded_app = import_from_string(self.app)
api  |                       ~~~~~~~~~~~~~~~~~~^^^^^^^^^^
api  |   File "/usr/local/lib/python3.13/site-packages/uvicorn/importer.py", line 19, in import_from_string
api  |     module = importlib.import_module(module_str)
api  |   File "/usr/local/lib/python3.13/importlib/__init__.py", line 88, in import_module
api  |     return _bootstrap._gcd_import(name[level:], package, level)
api  |            ~~~~~~~~~~~~~~~~~~~~~~^^^^^^^^^^^^^^^^^^^^^^^^^^^^^^
api  |   File "<frozen importlib._bootstrap>", line 1395, in _gcd_import
api  |   File "<frozen importlib._bootstrap>", line 1360, in _find_and_load
api  |   File "<frozen importlib._bootstrap>", line 1331, in _find_and_load_unlocked
api  |   File "<frozen importlib._bootstrap>", line 935, in _load_unlocked
api  |   File "<frozen importlib._bootstrap_external>", line 1023, in exec_module
api  |   File "<frozen importlib._bootstrap>", line 488, in _call_with_frames_removed
api  |   File "/app/app/main.py", line 9, in <module>
api  |     from app.rabbitmq import rabbitmq_publisher
api  | ImportError: cannot import name 'rabbitmq_publisher' from 'app.rabbitmq' (/app/app/rabbitmq.py)
api  |   File "/usr/local/lib/python3.13/multiprocessing/process.py", line 313, in _bootstrap
api  |     self.run()
api  |     ~~~~~~~~^^
api  |   File "/usr/local/lib/python3.13/multiprocessing/process.py", line 108, in run
api  |     self._target(*self._args, **self._kwargs)
api  |     ~~~~~~~~~~~~^^^^^^^^^^^^^^^^^^^^^^^^^^^^^
api  |   File "/usr/local/lib/python3.13/site-packages/uvicorn/_subprocess.py", line 80, in subprocess_started
api  |     target(sockets=sockets)
api  |     ~~~~~~^^^^^^^^^^^^^^^^^
api  |   File "/usr/local/lib/python3.13/site-packages/uvicorn/supervisors/multiprocess.py", line 63, in target
api  |     return self.real_target(sockets)
api  |            ~~~~~~~~~~~~~~~~^^^^^^^^^
api  |   File "/usr/local/lib/python3.13/site-packages/uvicorn/server.py", line 66, in run
api  |     return asyncio.run(self.serve(sockets=sockets))
api  |            ~~~~~~~~~~~^^^^^^^^^^^^^^^^^^^^^^^^^^^^^
api  |   File "/usr/local/lib/python3.13/asyncio/runners.py", line 195, in run
api  |     return runner.run(main)
api  |            ~~~~~~~~~~^^^^^^
api  |   File "/usr/local/lib/python3.13/asyncio/runners.py", line 118, in run
api  |     return self._loop.run_until_complete(task)
api  |            ~~~~~~~~~~~~~~~~~~~~~~~~~~~~~^^^^^^
api  |   File "uvloop/loop.pyx", line 1518, in uvloop.loop.Loop.run_until_complete
api  |   File "/usr/local/lib/python3.13/site-packages/uvicorn/server.py", line 70, in serve
api  |     await self._serve(sockets)
api  |   File "/usr/local/lib/python3.13/site-packages/uvicorn/server.py", line 77, in _serve
api  |     config.load()
api  |     ~~~~~~~~~~~^^
api  |   File "/usr/local/lib/python3.13/site-packages/uvicorn/config.py", line 435, in load
api  |     self.loaded_app = import_from_string(self.app)
api  |                       ~~~~~~~~~~~~~~~~~~^^^^^^^^^^
api  |   File "/usr/local/lib/python3.13/site-packages/uvicorn/importer.py", line 19, in import_from_string
api  |     module = importlib.import_module(module_str)
api  |   File "/usr/local/lib/python3.13/importlib/__init__.py", line 88, in import_module
api  |     return _bootstrap._gcd_import(name[level:], package, level)
api  |            ~~~~~~~~~~~~~~~~~~~~~~^^^^^^^^^^^^^^^^^^^^^^^^^^^^^^
api  |   File "<frozen importlib._bootstrap>", line 1395, in _gcd_import
api  |   File "<frozen importlib._bootstrap>", line 1360, in _find_and_load
api  |   File "<frozen importlib._bootstrap>", line 1331, in _find_and_load_unlocked
api  |   File "<frozen importlib._bootstrap>", line 935, in _load_unlocked
api  |   File "<frozen importlib._bootstrap_external>", line 1023, in exec_module
api  |   File "<frozen importlib._bootstrap>", line 488, in _call_with_frames_removed
api  |   File "/app/app/main.py", line 9, in <module>
api  |     from app.rabbitmq import rabbitmq_publisher
api  | ImportError: cannot import name 'rabbitmq_publisher' from 'app.rabbitmq' (/app/app/rabbitmq.py)
api  | INFO:     Waiting for child process [356]
api  | INFO:     Child process [356] died
api  | INFO:     Waiting for child process [357]
api  | INFO:     Child process [357] died
api  | INFO:     Waiting for child process [358]
api  | INFO:     Child process [358] died
api  | Process SpawnProcess-179:
api  | Traceback (most recent call last):
api  |   File "/usr/local/lib/python3.13/multiprocessing/process.py", line 313, in _bootstrap
api  |     self.run()
api  |     ~~~~~~~~^^
api  |   File "/usr/local/lib/python3.13/multiprocessing/process.py", line 108, in run
api  |     self._target(*self._args, **self._kwargs)
api  |     ~~~~~~~~~~~~^^^^^^^^^^^^^^^^^^^^^^^^^^^^^
api  |   File "/usr/local/lib/python3.13/site-packages/uvicorn/_subprocess.py", line 80, in subprocess_started
api  |     target(sockets=sockets)
api  |     ~~~~~~^^^^^^^^^^^^^^^^^
api  |   File "/usr/local/lib/python3.13/site-packages/uvicorn/supervisors/multiprocess.py", line 63, in target
api  |     return self.real_target(sockets)
api  |            ~~~~~~~~~~~~~~~~^^^^^^^^^
api  |   File "/usr/local/lib/python3.13/site-packages/uvicorn/server.py", line 66, in run
api  |     return asyncio.run(self.serve(sockets=sockets))
api  |            ~~~~~~~~~~~^^^^^^^^^^^^^^^^^^^^^^^^^^^^^
api  |   File "/usr/local/lib/python3.13/asyncio/runners.py", line 195, in run
api  |     return runner.run(main)
api  |            ~~~~~~~~~~^^^^^^
api  |   File "/usr/local/lib/python3.13/asyncio/runners.py", line 118, in run
api  |     return self._loop.run_until_complete(task)
api  |            ~~~~~~~~~~~~~~~~~~~~~~~~~~~~~^^^^^^
api  |   File "uvloop/loop.pyx", line 1518, in uvloop.loop.Loop.run_until_complete
api  |   File "/usr/local/lib/python3.13/site-packages/uvicorn/server.py", line 70, in serve
api  |     await self._serve(sockets)
api  |   File "/usr/local/lib/python3.13/site-packages/uvicorn/server.py", line 77, in _serve
api  |     config.load()
api  |     ~~~~~~~~~~~^^
api  |   File "/usr/local/lib/python3.13/site-packages/uvicorn/config.py", line 435, in load
api  |     self.loaded_app = import_from_string(self.app)
api  |                       ~~~~~~~~~~~~~~~~~~^^^^^^^^^^
api  |   File "/usr/local/lib/python3.13/site-packages/uvicorn/importer.py", line 19, in import_from_string
api  |     module = importlib.import_module(module_str)
api  |   File "/usr/local/lib/python3.13/importlib/__init__.py", line 88, in import_module
api  |     return _bootstrap._gcd_import(name[level:], package, level)
api  |            ~~~~~~~~~~~~~~~~~~~~~~^^^^^^^^^^^^^^^^^^^^^^^^^^^^^^
api  |   File "<frozen importlib._bootstrap>", line 1395, in _gcd_import
api  |   File "<frozen importlib._bootstrap>", line 1360, in _find_and_load
api  |   File "<frozen importlib._bootstrap>", line 1331, in _find_and_load_unlocked
api  |   File "<frozen importlib._bootstrap>", line 935, in _load_unlocked
api  |   File "<frozen importlib._bootstrap_external>", line 1023, in exec_module
api  |   File "<frozen importlib._bootstrap>", line 488, in _call_with_frames_removed
api  |   File "/app/app/main.py", line 9, in <module>
api  |     from app.rabbitmq import rabbitmq_publisher
api  | ImportError: cannot import name 'rabbitmq_publisher' from 'app.rabbitmq' (/app/app/rabbitmq.py)
api  | INFO:     Waiting for child process [363]
api  | INFO:     Child process [363] died
api  | Process SpawnProcess-180:
api  | Traceback (most recent call last):
api  |   File "/usr/local/lib/python3.13/multiprocessing/process.py", line 313, in _bootstrap
api  |     self.run()
api  |     ~~~~~~~~^^
api  |   File "/usr/local/lib/python3.13/multiprocessing/process.py", line 108, in run
api  |     self._target(*self._args, **self._kwargs)
api  |     ~~~~~~~~~~~~^^^^^^^^^^^^^^^^^^^^^^^^^^^^^
api  |   File "/usr/local/lib/python3.13/site-packages/uvicorn/_subprocess.py", line 80, in subprocess_started
api  |     target(sockets=sockets)
api  |     ~~~~~~^^^^^^^^^^^^^^^^^
api  |   File "/usr/local/lib/python3.13/site-packages/uvicorn/supervisors/multiprocess.py", line 63, in target
api  |     return self.real_target(sockets)
api  |            ~~~~~~~~~~~~~~~~^^^^^^^^^
api  |   File "/usr/local/lib/python3.13/site-packages/uvicorn/server.py", line 66, in run
api  |     return asyncio.run(self.serve(sockets=sockets))
api  |            ~~~~~~~~~~~^^^^^^^^^^^^^^^^^^^^^^^^^^^^^
api  |   File "/usr/local/lib/python3.13/asyncio/runners.py", line 195, in run
api  |     return runner.run(main)
api  |            ~~~~~~~~~~^^^^^^
api  |   File "/usr/local/lib/python3.13/asyncio/runners.py", line 118, in run
api  |     return self._loop.run_until_complete(task)
api  |            ~~~~~~~~~~~~~~~~~~~~~~~~~~~~~^^^^^^
api  |   File "uvloop/loop.pyx", line 1518, in uvloop.loop.Loop.run_until_complete
api  |   File "/usr/local/lib/python3.13/site-packages/uvicorn/server.py", line 70, in serve
api  |     await self._serve(sockets)
api  |   File "/usr/local/lib/python3.13/site-packages/uvicorn/server.py", line 77, in _serve
api  |     config.load()
api  |     ~~~~~~~~~~~^^
api  |   File "/usr/local/lib/python3.13/site-packages/uvicorn/config.py", line 435, in load
api  |     self.loaded_app = import_from_string(self.app)
api  |                       ~~~~~~~~~~~~~~~~~~^^^^^^^^^^
api  |   File "/usr/local/lib/python3.13/site-packages/uvicorn/importer.py", line 19, in import_from_string
api  |     module = importlib.import_module(module_str)
api  |   File "/usr/local/lib/python3.13/importlib/__init__.py", line 88, in import_module
api  |     return _bootstrap._gcd_import(name[level:], package, level)
api  |            ~~~~~~~~~~~~~~~~~~~~~~^^^^^^^^^^^^^^^^^^^^^^^^^^^^^^
api  |   File "<frozen importlib._bootstrap>", line 1395, in _gcd_import
api  |   File "<frozen importlib._bootstrap>", line 1360, in _find_and_load
api  |   File "<frozen importlib._bootstrap>", line 1331, in _find_and_load_unlocked
api  |   File "<frozen importlib._bootstrap>", line 935, in _load_unlocked
api  |   File "<frozen importlib._bootstrap_external>", line 1023, in exec_module
api  |   File "<frozen importlib._bootstrap>", line 488, in _call_with_frames_removed
api  |   File "/app/app/main.py", line 9, in <module>
api  |     from app.rabbitmq import rabbitmq_publisher
api  | ImportError: cannot import name 'rabbitmq_publisher' from 'app.rabbitmq' (/app/app/rabbitmq.py)
api  | Process SpawnProcess-181:
api  | Traceback (most recent call last):
api  |   File "/usr/local/lib/python3.13/multiprocessing/process.py", line 313, in _bootstrap
api  |     self.run()
api  |     ~~~~~~~~^^
api  |   File "/usr/local/lib/python3.13/multiprocessing/process.py", line 108, in run
api  |     self._target(*self._args, **self._kwargs)
api  |     ~~~~~~~~~~~~^^^^^^^^^^^^^^^^^^^^^^^^^^^^^
api  |   File "/usr/local/lib/python3.13/site-packages/uvicorn/_subprocess.py", line 80, in subprocess_started
api  |     target(sockets=sockets)
api  |     ~~~~~~^^^^^^^^^^^^^^^^^
api  |   File "/usr/local/lib/python3.13/site-packages/uvicorn/supervisors/multiprocess.py", line 63, in target
api  |     return self.real_target(sockets)
api  |            ~~~~~~~~~~~~~~~~^^^^^^^^^
api  |   File "/usr/local/lib/python3.13/site-packages/uvicorn/server.py", line 66, in run
api  |     return asyncio.run(self.serve(sockets=sockets))
api  |            ~~~~~~~~~~~^^^^^^^^^^^^^^^^^^^^^^^^^^^^^
api  |   File "/usr/local/lib/python3.13/asyncio/runners.py", line 195, in run
api  |     return runner.run(main)
api  |            ~~~~~~~~~~^^^^^^
api  |   File "/usr/local/lib/python3.13/asyncio/runners.py", line 118, in run
api  |     return self._loop.run_until_complete(task)
api  |            ~~~~~~~~~~~~~~~~~~~~~~~~~~~~~^^^^^^
api  |   File "uvloop/loop.pyx", line 1518, in uvloop.loop.Loop.run_until_complete
api  |   File "/usr/local/lib/python3.13/site-packages/uvicorn/server.py", line 70, in serve
api  |     await self._serve(sockets)
api  |   File "/usr/local/lib/python3.13/site-packages/uvicorn/server.py", line 77, in _serve
api  |     config.load()
api  |     ~~~~~~~~~~~^^
api  |   File "/usr/local/lib/python3.13/site-packages/uvicorn/config.py", line 435, in load
api  |     self.loaded_app = import_from_string(self.app)
api  |                       ~~~~~~~~~~~~~~~~~~^^^^^^^^^^
api  |   File "/usr/local/lib/python3.13/site-packages/uvicorn/importer.py", line 19, in import_from_string
api  |     module = importlib.import_module(module_str)
api  |   File "/usr/local/lib/python3.13/importlib/__init__.py", line 88, in import_module
api  |     return _bootstrap._gcd_import(name[level:], package, level)
api  |            ~~~~~~~~~~~~~~~~~~~~~~^^^^^^^^^^^^^^^^^^^^^^^^^^^^^^
api  |   File "<frozen importlib._bootstrap>", line 1395, in _gcd_import
api  |   File "<frozen importlib._bootstrap>", line 1360, in _find_and_load
api  |   File "<frozen importlib._bootstrap>", line 1331, in _find_and_load_unlocked
api  |   File "<frozen importlib._bootstrap>", line 935, in _load_unlocked
api  |   File "<frozen importlib._bootstrap_external>", line 1023, in exec_module
api  |   File "<frozen importlib._bootstrap>", line 488, in _call_with_frames_removed
api  |   File "/app/app/main.py", line 9, in <module>
api  |     from app.rabbitmq import rabbitmq_publisher
api  | ImportError: cannot import name 'rabbitmq_publisher' from 'app.rabbitmq' (/app/app/rabbitmq.py)
api  | Process SpawnProcess-182:
api  | Traceback (most recent call last):
api  |   File "/usr/local/lib/python3.13/multiprocessing/process.py", line 313, in _bootstrap
api  |     self.run()
api  |     ~~~~~~~~^^
api  |   File "/usr/local/lib/python3.13/multiprocessing/process.py", line 108, in run
api  |     self._target(*self._args, **self._kwargs)
api  |     ~~~~~~~~~~~~^^^^^^^^^^^^^^^^^^^^^^^^^^^^^
api  |   File "/usr/local/lib/python3.13/site-packages/uvicorn/_subprocess.py", line 80, in subprocess_started
api  |     target(sockets=sockets)
api  |     ~~~~~~^^^^^^^^^^^^^^^^^
api  |   File "/usr/local/lib/python3.13/site-packages/uvicorn/supervisors/multiprocess.py", line 63, in target
api  |     return self.real_target(sockets)
api  |            ~~~~~~~~~~~~~~~~^^^^^^^^^
api  |   File "/usr/local/lib/python3.13/site-packages/uvicorn/server.py", line 66, in run
api  |     return asyncio.run(self.serve(sockets=sockets))
api  |            ~~~~~~~~~~~^^^^^^^^^^^^^^^^^^^^^^^^^^^^^
api  |   File "/usr/local/lib/python3.13/asyncio/runners.py", line 195, in run
api  |     return runner.run(main)
api  |            ~~~~~~~~~~^^^^^^
api  |   File "/usr/local/lib/python3.13/asyncio/runners.py", line 118, in run
api  |     return self._loop.run_until_complete(task)
api  |            ~~~~~~~~~~~~~~~~~~~~~~~~~~~~~^^^^^^
api  |   File "uvloop/loop.pyx", line 1518, in uvloop.loop.Loop.run_until_complete
api  |   File "/usr/local/lib/python3.13/site-packages/uvicorn/server.py", line 70, in serve
api  |     await self._serve(sockets)
api  |   File "/usr/local/lib/python3.13/site-packages/uvicorn/server.py", line 77, in _serve
api  |     config.load()
api  |     ~~~~~~~~~~~^^
api  |   File "/usr/local/lib/python3.13/site-packages/uvicorn/config.py", line 435, in load
api  |     self.loaded_app = import_from_string(self.app)
api  |                       ~~~~~~~~~~~~~~~~~~^^^^^^^^^^
api  |   File "/usr/local/lib/python3.13/site-packages/uvicorn/importer.py", line 19, in import_from_string
api  |     module = importlib.import_module(module_str)
api  |   File "/usr/local/lib/python3.13/importlib/__init__.py", line 88, in import_module
api  |     return _bootstrap._gcd_import(name[level:], package, level)
api  |            ~~~~~~~~~~~~~~~~~~~~~~^^^^^^^^^^^^^^^^^^^^^^^^^^^^^^
api  |   File "<frozen importlib._bootstrap>", line 1395, in _gcd_import
api  |   File "<frozen importlib._bootstrap>", line 1360, in _find_and_load
api  |   File "<frozen importlib._bootstrap>", line 1331, in _find_and_load_unlocked
api  |   File "<frozen importlib._bootstrap>", line 935, in _load_unlocked
api  |   File "<frozen importlib._bootstrap_external>", line 1023, in exec_module
api  |   File "<frozen importlib._bootstrap>", line 488, in _call_with_frames_removed
api  |   File "/app/app/main.py", line 9, in <module>
api  |     from app.rabbitmq import rabbitmq_publisher
api  | ImportError: cannot import name 'rabbitmq_publisher' from 'app.rabbitmq' (/app/app/rabbitmq.py)
api  | Process SpawnProcess-183:
api  | Traceback (most recent call last):
api  |   File "/usr/local/lib/python3.13/multiprocessing/process.py", line 313, in _bootstrap
api  |     self.run()
api  |     ~~~~~~~~^^
api  |   File "/usr/local/lib/python3.13/multiprocessing/process.py", line 108, in run
api  |     self._target(*self._args, **self._kwargs)
api  |     ~~~~~~~~~~~~^^^^^^^^^^^^^^^^^^^^^^^^^^^^^
api  |   File "/usr/local/lib/python3.13/site-packages/uvicorn/_subprocess.py", line 80, in subprocess_started
api  |     target(sockets=sockets)
api  |     ~~~~~~^^^^^^^^^^^^^^^^^
api  |   File "/usr/local/lib/python3.13/site-packages/uvicorn/supervisors/multiprocess.py", line 63, in target
api  |     return self.real_target(sockets)
api  |            ~~~~~~~~~~~~~~~~^^^^^^^^^
api  |   File "/usr/local/lib/python3.13/site-packages/uvicorn/server.py", line 66, in run
api  |     return asyncio.run(self.serve(sockets=sockets))
api  |            ~~~~~~~~~~~^^^^^^^^^^^^^^^^^^^^^^^^^^^^^
api  |   File "/usr/local/lib/python3.13/asyncio/runners.py", line 195, in run
api  |     return runner.run(main)
api  |            ~~~~~~~~~~^^^^^^
api  |   File "/usr/local/lib/python3.13/asyncio/runners.py", line 118, in run
api  |     return self._loop.run_until_complete(task)
api  |            ~~~~~~~~~~~~~~~~~~~~~~~~~~~~~^^^^^^
api  |   File "uvloop/loop.pyx", line 1518, in uvloop.loop.Loop.run_until_complete
api  |   File "/usr/local/lib/python3.13/site-packages/uvicorn/server.py", line 70, in serve
api  |     await self._serve(sockets)
api  |   File "/usr/local/lib/python3.13/site-packages/uvicorn/server.py", line 77, in _serve
api  |     config.load()
api  |     ~~~~~~~~~~~^^
api  |   File "/usr/local/lib/python3.13/site-packages/uvicorn/config.py", line 435, in load
api  |     self.loaded_app = import_from_string(self.app)
api  |                       ~~~~~~~~~~~~~~~~~~^^^^^^^^^^
api  |   File "/usr/local/lib/python3.13/site-packages/uvicorn/importer.py", line 19, in import_from_string
api  |     module = importlib.import_module(module_str)
api  |   File "/usr/local/lib/python3.13/importlib/__init__.py", line 88, in import_module
api  |     return _bootstrap._gcd_import(name[level:], package, level)
api  |            ~~~~~~~~~~~~~~~~~~~~~~^^^^^^^^^^^^^^^^^^^^^^^^^^^^^^
api  |   File "<frozen importlib._bootstrap>", line 1395, in _gcd_import
api  |   File "<frozen importlib._bootstrap>", line 1360, in _find_and_load
api  |   File "<frozen importlib._bootstrap>", line 1331, in _find_and_load_unlocked
api  |   File "<frozen importlib._bootstrap>", line 935, in _load_unlocked
api  |   File "<frozen importlib._bootstrap_external>", line 1023, in exec_module
api  |   File "<frozen importlib._bootstrap>", line 488, in _call_with_frames_removed
api  |   File "/app/app/main.py", line 9, in <module>
api  |     from app.rabbitmq import rabbitmq_publisher
api  | ImportError: cannot import name 'rabbitmq_publisher' from 'app.rabbitmq' (/app/app/rabbitmq.py)
api  | INFO:     Waiting for child process [365]
api  | INFO:     Child process [365] died
api  | INFO:     Waiting for child process [366]
api  | INFO:     Child process [366] died
api  | INFO:     Waiting for child process [367]
api  | INFO:     Child process [367] died
api  | INFO:     Waiting for child process [371]
api  | INFO:     Child process [371] died
api  | Process SpawnProcess-186:
api  | Traceback (most recent call last):
api  |   File "/usr/local/lib/python3.13/multiprocessing/process.py", line 313, in _bootstrap
api  |     self.run()
api  |     ~~~~~~~~^^
api  |   File "/usr/local/lib/python3.13/multiprocessing/process.py", line 108, in run
api  |     self._target(*self._args, **self._kwargs)
api  |     ~~~~~~~~~~~~^^^^^^^^^^^^^^^^^^^^^^^^^^^^^
api  |   File "/usr/local/lib/python3.13/site-packages/uvicorn/_subprocess.py", line 80, in subprocess_started
api  |     target(sockets=sockets)
api  |     ~~~~~~^^^^^^^^^^^^^^^^^
api  |   File "/usr/local/lib/python3.13/site-packages/uvicorn/supervisors/multiprocess.py", line 63, in target
api  |     return self.real_target(sockets)
api  |            ~~~~~~~~~~~~~~~~^^^^^^^^^
api  |   File "/usr/local/lib/python3.13/site-packages/uvicorn/server.py", line 66, in run
api  |     return asyncio.run(self.serve(sockets=sockets))
api  |            ~~~~~~~~~~~^^^^^^^^^^^^^^^^^^^^^^^^^^^^^
api  |   File "/usr/local/lib/python3.13/asyncio/runners.py", line 195, in run
api  |     return runner.run(main)
api  |            ~~~~~~~~~~^^^^^^
api  |   File "/usr/local/lib/python3.13/asyncio/runners.py", line 118, in run
api  |     return self._loop.run_until_complete(task)
api  |            ~~~~~~~~~~~~~~~~~~~~~~~~~~~~~^^^^^^
api  |   File "uvloop/loop.pyx", line 1518, in uvloop.loop.Loop.run_until_complete
api  |   File "/usr/local/lib/python3.13/site-packages/uvicorn/server.py", line 70, in serve
api  |     await self._serve(sockets)
api  |   File "/usr/local/lib/python3.13/site-packages/uvicorn/server.py", line 77, in _serve
api  |     config.load()
api  |     ~~~~~~~~~~~^^
api  |   File "/usr/local/lib/python3.13/site-packages/uvicorn/config.py", line 435, in load
api  |     self.loaded_app = import_from_string(self.app)
api  |                       ~~~~~~~~~~~~~~~~~~^^^^^^^^^^
api  |   File "/usr/local/lib/python3.13/site-packages/uvicorn/importer.py", line 19, in import_from_string
api  |     module = importlib.import_module(module_str)
api  |   File "/usr/local/lib/python3.13/importlib/__init__.py", line 88, in import_module
api  |     return _bootstrap._gcd_import(name[level:], package, level)
api  |            ~~~~~~~~~~~~~~~~~~~~~~^^^^^^^^^^^^^^^^^^^^^^^^^^^^^^
api  |   File "<frozen importlib._bootstrap>", line 1395, in _gcd_import
api  |   File "<frozen importlib._bootstrap>", line 1360, in _find_and_load
api  |   File "<frozen importlib._bootstrap>", line 1331, in _find_and_load_unlocked
api  |   File "<frozen importlib._bootstrap>", line 935, in _load_unlocked
api  |   File "<frozen importlib._bootstrap_external>", line 1023, in exec_module
api  |   File "<frozen importlib._bootstrap>", line 488, in _call_with_frames_removed
api  |   File "/app/app/main.py", line 9, in <module>
api  |     from app.rabbitmq import rabbitmq_publisher
api  | ImportError: cannot import name 'rabbitmq_publisher' from 'app.rabbitmq' (/app/app/rabbitmq.py)
api  | Process SpawnProcess-184:
api  | Traceback (most recent call last):
api  |   File "/usr/local/lib/python3.13/multiprocessing/process.py", line 313, in _bootstrap
api  |     self.run()
api  |     ~~~~~~~~^^
api  |   File "/usr/local/lib/python3.13/multiprocessing/process.py", line 108, in run
api  |     self._target(*self._args, **self._kwargs)
api  |     ~~~~~~~~~~~~^^^^^^^^^^^^^^^^^^^^^^^^^^^^^
api  |   File "/usr/local/lib/python3.13/site-packages/uvicorn/_subprocess.py", line 80, in subprocess_started
api  |     target(sockets=sockets)
api  |     ~~~~~~^^^^^^^^^^^^^^^^^
api  |   File "/usr/local/lib/python3.13/site-packages/uvicorn/supervisors/multiprocess.py", line 63, in target
api  |     return self.real_target(sockets)
api  |            ~~~~~~~~~~~~~~~~^^^^^^^^^
api  |   File "/usr/local/lib/python3.13/site-packages/uvicorn/server.py", line 66, in run
api  |     return asyncio.run(self.serve(sockets=sockets))
api  |            ~~~~~~~~~~~^^^^^^^^^^^^^^^^^^^^^^^^^^^^^
api  |   File "/usr/local/lib/python3.13/asyncio/runners.py", line 195, in run
api  |     return runner.run(main)
api  |            ~~~~~~~~~~^^^^^^
api  |   File "/usr/local/lib/python3.13/asyncio/runners.py", line 118, in run
api  |     return self._loop.run_until_complete(task)
api  |            ~~~~~~~~~~~~~~~~~~~~~~~~~~~~~^^^^^^
api  |   File "uvloop/loop.pyx", line 1518, in uvloop.loop.Loop.run_until_complete
api  |   File "/usr/local/lib/python3.13/site-packages/uvicorn/server.py", line 70, in serve
api  |     await self._serve(sockets)
api  |   File "/usr/local/lib/python3.13/site-packages/uvicorn/server.py", line 77, in _serve
api  |     config.load()
api  |     ~~~~~~~~~~~^^
api  |   File "/usr/local/lib/python3.13/site-packages/uvicorn/config.py", line 435, in load
api  |     self.loaded_app = import_from_string(self.app)
api  |                       ~~~~~~~~~~~~~~~~~~^^^^^^^^^^
api  |   File "/usr/local/lib/python3.13/site-packages/uvicorn/importer.py", line 19, in import_from_string
api  |     module = importlib.import_module(module_str)
api  |   File "/usr/local/lib/python3.13/importlib/__init__.py", line 88, in import_module
api  |     return _bootstrap._gcd_import(name[level:], package, level)
api  |            ~~~~~~~~~~~~~~~~~~~~~~^^^^^^^^^^^^^^^^^^^^^^^^^^^^^^
api  |   File "<frozen importlib._bootstrap>", line 1395, in _gcd_import
api  |   File "<frozen importlib._bootstrap>", line 1360, in _find_and_load
api  |   File "<frozen importlib._bootstrap>", line 1331, in _find_and_load_unlocked
api  |   File "<frozen importlib._bootstrap>", line 935, in _load_unlocked
api  |   File "<frozen importlib._bootstrap_external>", line 1023, in exec_module
api  |   File "<frozen importlib._bootstrap>", line 488, in _call_with_frames_removed
api  |   File "/app/app/main.py", line 9, in <module>
api  |     from app.rabbitmq import rabbitmq_publisher
api  | ImportError: cannot import name 'rabbitmq_publisher' from 'app.rabbitmq' (/app/app/rabbitmq.py)
api  | Process SpawnProcess-187:
api  | Traceback (most recent call last):
api  |   File "/usr/local/lib/python3.13/multiprocessing/process.py", line 313, in _bootstrap
api  |     self.run()
api  |     ~~~~~~~~^^
api  |   File "/usr/local/lib/python3.13/multiprocessing/process.py", line 108, in run
api  |     self._target(*self._args, **self._kwargs)
api  |     ~~~~~~~~~~~~^^^^^^^^^^^^^^^^^^^^^^^^^^^^^
api  |   File "/usr/local/lib/python3.13/site-packages/uvicorn/_subprocess.py", line 80, in subprocess_started
api  |     target(sockets=sockets)
api  |     ~~~~~~^^^^^^^^^^^^^^^^^
api  |   File "/usr/local/lib/python3.13/site-packages/uvicorn/supervisors/multiprocess.py", line 63, in target
api  |     return self.real_target(sockets)
api  |            ~~~~~~~~~~~~~~~~^^^^^^^^^
api  |   File "/usr/local/lib/python3.13/site-packages/uvicorn/server.py", line 66, in run
api  |     return asyncio.run(self.serve(sockets=sockets))
api  |            ~~~~~~~~~~~^^^^^^^^^^^^^^^^^^^^^^^^^^^^^
api  |   File "/usr/local/lib/python3.13/asyncio/runners.py", line 195, in run
api  |     return runner.run(main)
api  |            ~~~~~~~~~~^^^^^^
api  |   File "/usr/local/lib/python3.13/asyncio/runners.py", line 118, in run
api  |     return self._loop.run_until_complete(task)
api  |            ~~~~~~~~~~~~~~~~~~~~~~~~~~~~~^^^^^^
api  |   File "uvloop/loop.pyx", line 1518, in uvloop.loop.Loop.run_until_complete
api  |   File "/usr/local/lib/python3.13/site-packages/uvicorn/server.py", line 70, in serve
api  |     await self._serve(sockets)
api  |   File "/usr/local/lib/python3.13/site-packages/uvicorn/server.py", line 77, in _serve
api  |     config.load()
api  |     ~~~~~~~~~~~^^
api  |   File "/usr/local/lib/python3.13/site-packages/uvicorn/config.py", line 435, in load
api  |     self.loaded_app = import_from_string(self.app)
api  |                       ~~~~~~~~~~~~~~~~~~^^^^^^^^^^
api  |   File "/usr/local/lib/python3.13/site-packages/uvicorn/importer.py", line 19, in import_from_string
api  |     module = importlib.import_module(module_str)
api  |   File "/usr/local/lib/python3.13/importlib/__init__.py", line 88, in import_module
api  |     return _bootstrap._gcd_import(name[level:], package, level)
api  |            ~~~~~~~~~~~~~~~~~~~~~~^^^^^^^^^^^^^^^^^^^^^^^^^^^^^^
api  |   File "<frozen importlib._bootstrap>", line 1395, in _gcd_import
api  |   File "<frozen importlib._bootstrap>", line 1360, in _find_and_load
api  |   File "<frozen importlib._bootstrap>", line 1331, in _find_and_load_unlocked
api  |   File "<frozen importlib._bootstrap>", line 935, in _load_unlocked
api  |   File "<frozen importlib._bootstrap_external>", line 1023, in exec_module
api  |   File "<frozen importlib._bootstrap>", line 488, in _call_with_frames_removed
api  |   File "/app/app/main.py", line 9, in <module>
api  |     from app.rabbitmq import rabbitmq_publisher
api  | ImportError: cannot import name 'rabbitmq_publisher' from 'app.rabbitmq' (/app/app/rabbitmq.py)
api  | Process SpawnProcess-185:
api  | Traceback (most recent call last):
api  |   File "/usr/local/lib/python3.13/multiprocessing/process.py", line 313, in _bootstrap
api  |     self.run()
api  |     ~~~~~~~~^^
api  |   File "/usr/local/lib/python3.13/multiprocessing/process.py", line 108, in run
api  |     self._target(*self._args, **self._kwargs)
api  |     ~~~~~~~~~~~~^^^^^^^^^^^^^^^^^^^^^^^^^^^^^
api  |   File "/usr/local/lib/python3.13/site-packages/uvicorn/_subprocess.py", line 80, in subprocess_started
api  |     target(sockets=sockets)
api  |     ~~~~~~^^^^^^^^^^^^^^^^^
api  |   File "/usr/local/lib/python3.13/site-packages/uvicorn/supervisors/multiprocess.py", line 63, in target
api  |     return self.real_target(sockets)
api  |            ~~~~~~~~~~~~~~~~^^^^^^^^^
api  |   File "/usr/local/lib/python3.13/site-packages/uvicorn/server.py", line 66, in run
api  |     return asyncio.run(self.serve(sockets=sockets))
api  |            ~~~~~~~~~~~^^^^^^^^^^^^^^^^^^^^^^^^^^^^^
api  |   File "/usr/local/lib/python3.13/asyncio/runners.py", line 195, in run
api  |     return runner.run(main)
api  |            ~~~~~~~~~~^^^^^^
api  |   File "/usr/local/lib/python3.13/asyncio/runners.py", line 118, in run
api  |     return self._loop.run_until_complete(task)
api  |            ~~~~~~~~~~~~~~~~~~~~~~~~~~~~~^^^^^^
api  |   File "uvloop/loop.pyx", line 1518, in uvloop.loop.Loop.run_until_complete
api  |   File "/usr/local/lib/python3.13/site-packages/uvicorn/server.py", line 70, in serve
api  |     await self._serve(sockets)
api  |   File "/usr/local/lib/python3.13/site-packages/uvicorn/server.py", line 77, in _serve
api  |     config.load()
api  |     ~~~~~~~~~~~^^
api  |   File "/usr/local/lib/python3.13/site-packages/uvicorn/config.py", line 435, in load
api  |     self.loaded_app = import_from_string(self.app)
api  |                       ~~~~~~~~~~~~~~~~~~^^^^^^^^^^
api  |   File "/usr/local/lib/python3.13/site-packages/uvicorn/importer.py", line 19, in import_from_string
api  |     module = importlib.import_module(module_str)
api  |   File "/usr/local/lib/python3.13/importlib/__init__.py", line 88, in import_module
api  |     return _bootstrap._gcd_import(name[level:], package, level)
api  |            ~~~~~~~~~~~~~~~~~~~~~~^^^^^^^^^^^^^^^^^^^^^^^^^^^^^^
api  |   File "<frozen importlib._bootstrap>", line 1395, in _gcd_import
api  |   File "<frozen importlib._bootstrap>", line 1360, in _find_and_load
api  |   File "<frozen importlib._bootstrap>", line 1331, in _find_and_load_unlocked
api  |   File "<frozen importlib._bootstrap>", line 935, in _load_unlocked
api  |   File "<frozen importlib._bootstrap_external>", line 1023, in exec_module
api  |   File "<frozen importlib._bootstrap>", line 488, in _call_with_frames_removed
api  |   File "/app/app/main.py", line 9, in <module>
api  |     from app.rabbitmq import rabbitmq_publisher
api  | ImportError: cannot import name 'rabbitmq_publisher' from 'app.rabbitmq' (/app/app/rabbitmq.py)
api  | INFO:     Waiting for child process [373]
api  | INFO:     Child process [373] died
api  | Process SpawnProcess-188:
api  | Traceback (most recent call last):
api  |   File "/usr/local/lib/python3.13/multiprocessing/process.py", line 313, in _bootstrap
api  |     self.run()
api  |     ~~~~~~~~^^
api  |   File "/usr/local/lib/python3.13/multiprocessing/process.py", line 108, in run
api  |     self._target(*self._args, **self._kwargs)
api  |     ~~~~~~~~~~~~^^^^^^^^^^^^^^^^^^^^^^^^^^^^^
api  |   File "/usr/local/lib/python3.13/site-packages/uvicorn/_subprocess.py", line 80, in subprocess_started
api  |     target(sockets=sockets)
api  |     ~~~~~~^^^^^^^^^^^^^^^^^
api  |   File "/usr/local/lib/python3.13/site-packages/uvicorn/supervisors/multiprocess.py", line 63, in target
api  |     return self.real_target(sockets)
api  |            ~~~~~~~~~~~~~~~~^^^^^^^^^
api  |   File "/usr/local/lib/python3.13/site-packages/uvicorn/server.py", line 66, in run
api  |     return asyncio.run(self.serve(sockets=sockets))
api  |            ~~~~~~~~~~~^^^^^^^^^^^^^^^^^^^^^^^^^^^^^
api  |   File "/usr/local/lib/python3.13/asyncio/runners.py", line 195, in run
api  |     return runner.run(main)
api  |            ~~~~~~~~~~^^^^^^
api  |   File "/usr/local/lib/python3.13/asyncio/runners.py", line 118, in run
api  |     return self._loop.run_until_complete(task)
api  |            ~~~~~~~~~~~~~~~~~~~~~~~~~~~~~^^^^^^
api  |   File "uvloop/loop.pyx", line 1518, in uvloop.loop.Loop.run_until_complete
api  |   File "/usr/local/lib/python3.13/site-packages/uvicorn/server.py", line 70, in serve
api  |     await self._serve(sockets)
api  |   File "/usr/local/lib/python3.13/site-packages/uvicorn/server.py", line 77, in _serve
api  |     config.load()
api  |     ~~~~~~~~~~~^^
api  |   File "/usr/local/lib/python3.13/site-packages/uvicorn/config.py", line 435, in load
api  |     self.loaded_app = import_from_string(self.app)
api  |                       ~~~~~~~~~~~~~~~~~~^^^^^^^^^^
api  |   File "/usr/local/lib/python3.13/site-packages/uvicorn/importer.py", line 19, in import_from_string
api  |     module = importlib.import_module(module_str)
api  |   File "/usr/local/lib/python3.13/importlib/__init__.py", line 88, in import_module
api  |     return _bootstrap._gcd_import(name[level:], package, level)
api  |            ~~~~~~~~~~~~~~~~~~~~~~^^^^^^^^^^^^^^^^^^^^^^^^^^^^^^
api  |   File "<frozen importlib._bootstrap>", line 1395, in _gcd_import
api  |   File "<frozen importlib._bootstrap>", line 1360, in _find_and_load
api  |   File "<frozen importlib._bootstrap>", line 1331, in _find_and_load_unlocked
api  |   File "<frozen importlib._bootstrap>", line 935, in _load_unlocked
api  |   File "<frozen importlib._bootstrap_external>", line 1023, in exec_module
api  |   File "<frozen importlib._bootstrap>", line 488, in _call_with_frames_removed
api  |   File "/app/app/main.py", line 9, in <module>
api  |     from app.rabbitmq import rabbitmq_publisher
api  | ImportError: cannot import name 'rabbitmq_publisher' from 'app.rabbitmq' (/app/app/rabbitmq.py)
api  | INFO:     Waiting for child process [374]
api  | INFO:     Child process [374] died
api  | INFO:     Waiting for child process [375]
api  | INFO:     Child process [375] died
api  | INFO:     Waiting for child process [376]
api  | INFO:     Child process [376] died
api  | INFO:     Waiting for child process [381]
api  | INFO:     Child process [381] died
api  | Process SpawnProcess-189:
api  | Traceback (most recent call last):
api  |   File "/usr/local/lib/python3.13/multiprocessing/process.py", line 313, in _bootstrap
api  |     self.run()
api  |     ~~~~~~~~^^
api  |   File "/usr/local/lib/python3.13/multiprocessing/process.py", line 108, in run
api  |     self._target(*self._args, **self._kwargs)
api  |     ~~~~~~~~~~~~^^^^^^^^^^^^^^^^^^^^^^^^^^^^^
api  |   File "/usr/local/lib/python3.13/site-packages/uvicorn/_subprocess.py", line 80, in subprocess_started
api  |     target(sockets=sockets)
api  |     ~~~~~~^^^^^^^^^^^^^^^^^
api  |   File "/usr/local/lib/python3.13/site-packages/uvicorn/supervisors/multiprocess.py", line 63, in target
api  |     return self.real_target(sockets)
api  |            ~~~~~~~~~~~~~~~~^^^^^^^^^
api  |   File "/usr/local/lib/python3.13/site-packages/uvicorn/server.py", line 66, in run
api  |     return asyncio.run(self.serve(sockets=sockets))
api  |            ~~~~~~~~~~~^^^^^^^^^^^^^^^^^^^^^^^^^^^^^
api  |   File "/usr/local/lib/python3.13/asyncio/runners.py", line 195, in run
api  |     return runner.run(main)
api  |            ~~~~~~~~~~^^^^^^
api  |   File "/usr/local/lib/python3.13/asyncio/runners.py", line 118, in run
api  |     return self._loop.run_until_complete(task)
api  |            ~~~~~~~~~~~~~~~~~~~~~~~~~~~~~^^^^^^
api  |   File "uvloop/loop.pyx", line 1518, in uvloop.loop.Loop.run_until_complete
api  |   File "/usr/local/lib/python3.13/site-packages/uvicorn/server.py", line 70, in serve
api  |     await self._serve(sockets)
api  |   File "/usr/local/lib/python3.13/site-packages/uvicorn/server.py", line 77, in _serve
api  |     config.load()
api  |     ~~~~~~~~~~~^^
api  |   File "/usr/local/lib/python3.13/site-packages/uvicorn/config.py", line 435, in load
api  |     self.loaded_app = import_from_string(self.app)
api  |                       ~~~~~~~~~~~~~~~~~~^^^^^^^^^^
api  |   File "/usr/local/lib/python3.13/site-packages/uvicorn/importer.py", line 19, in import_from_string
api  |     module = importlib.import_module(module_str)
api  |   File "/usr/local/lib/python3.13/importlib/__init__.py", line 88, in import_module
api  |     return _bootstrap._gcd_import(name[level:], package, level)
api  |            ~~~~~~~~~~~~~~~~~~~~~~^^^^^^^^^^^^^^^^^^^^^^^^^^^^^^
api  |   File "<frozen importlib._bootstrap>", line 1395, in _gcd_import
api  |   File "<frozen importlib._bootstrap>", line 1360, in _find_and_load
api  |   File "<frozen importlib._bootstrap>", line 1331, in _find_and_load_unlocked
api  |   File "<frozen importlib._bootstrap>", line 935, in _load_unlocked
api  |   File "<frozen importlib._bootstrap_external>", line 1023, in exec_module
api  |   File "<frozen importlib._bootstrap>", line 488, in _call_with_frames_removed
api  |   File "/app/app/main.py", line 9, in <module>
api  |     from app.rabbitmq import rabbitmq_publisher
api  | ImportError: cannot import name 'rabbitmq_publisher' from 'app.rabbitmq' (/app/app/rabbitmq.py)
api  | Process SpawnProcess-191:
api  | Traceback (most recent call last):
api  |   File "/usr/local/lib/python3.13/multiprocessing/process.py", line 313, in _bootstrap
api  |     self.run()
api  |     ~~~~~~~~^^
api  |   File "/usr/local/lib/python3.13/multiprocessing/process.py", line 108, in run
api  |     self._target(*self._args, **self._kwargs)
api  |     ~~~~~~~~~~~~^^^^^^^^^^^^^^^^^^^^^^^^^^^^^
api  |   File "/usr/local/lib/python3.13/site-packages/uvicorn/_subprocess.py", line 80, in subprocess_started
api  |     target(sockets=sockets)
api  |     ~~~~~~^^^^^^^^^^^^^^^^^
api  |   File "/usr/local/lib/python3.13/site-packages/uvicorn/supervisors/multiprocess.py", line 63, in target
api  |     return self.real_target(sockets)
api  |            ~~~~~~~~~~~~~~~~^^^^^^^^^
api  |   File "/usr/local/lib/python3.13/site-packages/uvicorn/server.py", line 66, in run
api  |     return asyncio.run(self.serve(sockets=sockets))
api  |            ~~~~~~~~~~~^^^^^^^^^^^^^^^^^^^^^^^^^^^^^
api  |   File "/usr/local/lib/python3.13/asyncio/runners.py", line 195, in run
api  |     return runner.run(main)
api  |            ~~~~~~~~~~^^^^^^
api  |   File "/usr/local/lib/python3.13/asyncio/runners.py", line 118, in run
api  |     return self._loop.run_until_complete(task)
api  |            ~~~~~~~~~~~~~~~~~~~~~~~~~~~~~^^^^^^
api  |   File "uvloop/loop.pyx", line 1518, in uvloop.loop.Loop.run_until_complete
api  |   File "/usr/local/lib/python3.13/site-packages/uvicorn/server.py", line 70, in serve
api  |     await self._serve(sockets)
api  |   File "/usr/local/lib/python3.13/site-packages/uvicorn/server.py", line 77, in _serve
api  |     config.load()
api  |     ~~~~~~~~~~~^^
api  |   File "/usr/local/lib/python3.13/site-packages/uvicorn/config.py", line 435, in load
api  |     self.loaded_app = import_from_string(self.app)
api  |                       ~~~~~~~~~~~~~~~~~~^^^^^^^^^^
api  |   File "/usr/local/lib/python3.13/site-packages/uvicorn/importer.py", line 19, in import_from_string
api  |     module = importlib.import_module(module_str)
api  |   File "/usr/local/lib/python3.13/importlib/__init__.py", line 88, in import_module
api  |     return _bootstrap._gcd_import(name[level:], package, level)
api  |            ~~~~~~~~~~~~~~~~~~~~~~^^^^^^^^^^^^^^^^^^^^^^^^^^^^^^
api  |   File "<frozen importlib._bootstrap>", line 1395, in _gcd_import
api  |   File "<frozen importlib._bootstrap>", line 1360, in _find_and_load
api  |   File "<frozen importlib._bootstrap>", line 1331, in _find_and_load_unlocked
api  |   File "<frozen importlib._bootstrap>", line 935, in _load_unlocked
api  |   File "<frozen importlib._bootstrap_external>", line 1023, in exec_module
api  |   File "<frozen importlib._bootstrap>", line 488, in _call_with_frames_removed
api  |   File "/app/app/main.py", line 9, in <module>
api  |     from app.rabbitmq import rabbitmq_publisher
api  | ImportError: cannot import name 'rabbitmq_publisher' from 'app.rabbitmq' (/app/app/rabbitmq.py)
api  | Process SpawnProcess-190:
api  | Traceback (most recent call last):
api  |   File "/usr/local/lib/python3.13/multiprocessing/process.py", line 313, in _bootstrap
api  |     self.run()
api  |     ~~~~~~~~^^
api  |   File "/usr/local/lib/python3.13/multiprocessing/process.py", line 108, in run
api  |     self._target(*self._args, **self._kwargs)
api  |     ~~~~~~~~~~~~^^^^^^^^^^^^^^^^^^^^^^^^^^^^^
api  |   File "/usr/local/lib/python3.13/site-packages/uvicorn/_subprocess.py", line 80, in subprocess_started
api  |     target(sockets=sockets)
api  |     ~~~~~~^^^^^^^^^^^^^^^^^
api  |   File "/usr/local/lib/python3.13/site-packages/uvicorn/supervisors/multiprocess.py", line 63, in target
api  |     return self.real_target(sockets)
api  |            ~~~~~~~~~~~~~~~~^^^^^^^^^
api  |   File "/usr/local/lib/python3.13/site-packages/uvicorn/server.py", line 66, in run
api  |     return asyncio.run(self.serve(sockets=sockets))
api  |            ~~~~~~~~~~~^^^^^^^^^^^^^^^^^^^^^^^^^^^^^
api  |   File "/usr/local/lib/python3.13/asyncio/runners.py", line 195, in run
api  |     return runner.run(main)
api  |            ~~~~~~~~~~^^^^^^
api  |   File "/usr/local/lib/python3.13/asyncio/runners.py", line 118, in run
api  |     return self._loop.run_until_complete(task)
api  |            ~~~~~~~~~~~~~~~~~~~~~~~~~~~~~^^^^^^
api  |   File "uvloop/loop.pyx", line 1518, in uvloop.loop.Loop.run_until_complete
api  |   File "/usr/local/lib/python3.13/site-packages/uvicorn/server.py", line 70, in serve
api  |     await self._serve(sockets)
api  |   File "/usr/local/lib/python3.13/site-packages/uvicorn/server.py", line 77, in _serve
api  |     config.load()
api  |     ~~~~~~~~~~~^^
api  |   File "/usr/local/lib/python3.13/site-packages/uvicorn/config.py", line 435, in load
api  |     self.loaded_app = import_from_string(self.app)
api  |                       ~~~~~~~~~~~~~~~~~~^^^^^^^^^^
api  |   File "/usr/local/lib/python3.13/site-packages/uvicorn/importer.py", line 19, in import_from_string
api  |     module = importlib.import_module(module_str)
api  |   File "/usr/local/lib/python3.13/importlib/__init__.py", line 88, in import_module
api  |     return _bootstrap._gcd_import(name[level:], package, level)
api  |            ~~~~~~~~~~~~~~~~~~~~~~^^^^^^^^^^^^^^^^^^^^^^^^^^^^^^
api  |   File "<frozen importlib._bootstrap>", line 1395, in _gcd_import
api  |   File "<frozen importlib._bootstrap>", line 1360, in _find_and_load
api  |   File "<frozen importlib._bootstrap>", line 1331, in _find_and_load_unlocked
api  |   File "<frozen importlib._bootstrap>", line 935, in _load_unlocked
api  |   File "<frozen importlib._bootstrap_external>", line 1023, in exec_module
api  |   File "<frozen importlib._bootstrap>", line 488, in _call_with_frames_removed
api  |   File "/app/app/main.py", line 9, in <module>
api  |     from app.rabbitmq import rabbitmq_publisher
api  | ImportError: cannot import name 'rabbitmq_publisher' from 'app.rabbitmq' (/app/app/rabbitmq.py)
api  | Process SpawnProcess-192:
api  | Traceback (most recent call last):
api  |   File "/usr/local/lib/python3.13/multiprocessing/process.py", line 313, in _bootstrap
api  |     self.run()
api  |     ~~~~~~~~^^
api  |   File "/usr/local/lib/python3.13/multiprocessing/process.py", line 108, in run
api  |     self._target(*self._args, **self._kwargs)
api  |     ~~~~~~~~~~~~^^^^^^^^^^^^^^^^^^^^^^^^^^^^^
api  |   File "/usr/local/lib/python3.13/site-packages/uvicorn/_subprocess.py", line 80, in subprocess_started
api  |     target(sockets=sockets)
api  |     ~~~~~~^^^^^^^^^^^^^^^^^
api  |   File "/usr/local/lib/python3.13/site-packages/uvicorn/supervisors/multiprocess.py", line 63, in target
api  |     return self.real_target(sockets)
api  |            ~~~~~~~~~~~~~~~~^^^^^^^^^
api  |   File "/usr/local/lib/python3.13/site-packages/uvicorn/server.py", line 66, in run
api  |     return asyncio.run(self.serve(sockets=sockets))
api  |            ~~~~~~~~~~~^^^^^^^^^^^^^^^^^^^^^^^^^^^^^
api  |   File "/usr/local/lib/python3.13/asyncio/runners.py", line 195, in run
api  |     return runner.run(main)
api  |            ~~~~~~~~~~^^^^^^
api  |   File "/usr/local/lib/python3.13/asyncio/runners.py", line 118, in run
api  |     return self._loop.run_until_complete(task)
api  |            ~~~~~~~~~~~~~~~~~~~~~~~~~~~~~^^^^^^
api  |   File "uvloop/loop.pyx", line 1518, in uvloop.loop.Loop.run_until_complete
api  |   File "/usr/local/lib/python3.13/site-packages/uvicorn/server.py", line 70, in serve
api  |     await self._serve(sockets)
api  |   File "/usr/local/lib/python3.13/site-packages/uvicorn/server.py", line 77, in _serve
api  |     config.load()
api  |     ~~~~~~~~~~~^^
api  |   File "/usr/local/lib/python3.13/site-packages/uvicorn/config.py", line 435, in load
api  |     self.loaded_app = import_from_string(self.app)
api  |                       ~~~~~~~~~~~~~~~~~~^^^^^^^^^^
api  |   File "/usr/local/lib/python3.13/site-packages/uvicorn/importer.py", line 19, in import_from_string
api  |     module = importlib.import_module(module_str)
api  |   File "/usr/local/lib/python3.13/importlib/__init__.py", line 88, in import_module
api  |     return _bootstrap._gcd_import(name[level:], package, level)
api  |            ~~~~~~~~~~~~~~~~~~~~~~^^^^^^^^^^^^^^^^^^^^^^^^^^^^^^
api  |   File "<frozen importlib._bootstrap>", line 1395, in _gcd_import
api  |   File "<frozen importlib._bootstrap>", line 1360, in _find_and_load
api  |   File "<frozen importlib._bootstrap>", line 1331, in _find_and_load_unlocked
api  |   File "<frozen importlib._bootstrap>", line 935, in _load_unlocked
api  |   File "<frozen importlib._bootstrap_external>", line 1023, in exec_module
api  |   File "<frozen importlib._bootstrap>", line 488, in _call_with_frames_removed
api  |   File "/app/app/main.py", line 9, in <module>
api  |     from app.rabbitmq import rabbitmq_publisher
api  | ImportError: cannot import name 'rabbitmq_publisher' from 'app.rabbitmq' (/app/app/rabbitmq.py)
api  | INFO:     Waiting for child process [383]
api  | INFO:     Child process [383] died
api  | INFO:     Waiting for child process [384]
api  | INFO:     Child process [384] died
api  | INFO:     Waiting for child process [385]
api  | INFO:     Child process [385] died
api  | INFO:     Waiting for child process [386]
api  | INFO:     Child process [386] died
api  | Process SpawnProcess-194:
api  | Process SpawnProcess-195:
api  | Traceback (most recent call last):
api  | Traceback (most recent call last):
api  |   File "/usr/local/lib/python3.13/multiprocessing/process.py", line 313, in _bootstrap
api  |     self.run()
api  |     ~~~~~~~~^^
api  |   File "/usr/local/lib/python3.13/multiprocessing/process.py", line 108, in run
api  |     self._target(*self._args, **self._kwargs)
api  |     ~~~~~~~~~~~~^^^^^^^^^^^^^^^^^^^^^^^^^^^^^
api  |   File "/usr/local/lib/python3.13/site-packages/uvicorn/_subprocess.py", line 80, in subprocess_started
api  |     target(sockets=sockets)
api  |     ~~~~~~^^^^^^^^^^^^^^^^^
api  |   File "/usr/local/lib/python3.13/site-packages/uvicorn/supervisors/multiprocess.py", line 63, in target
api  |     return self.real_target(sockets)
api  |            ~~~~~~~~~~~~~~~~^^^^^^^^^
api  |   File "/usr/local/lib/python3.13/site-packages/uvicorn/server.py", line 66, in run
api  |     return asyncio.run(self.serve(sockets=sockets))
api  |            ~~~~~~~~~~~^^^^^^^^^^^^^^^^^^^^^^^^^^^^^
api  |   File "/usr/local/lib/python3.13/asyncio/runners.py", line 195, in run
api  |     return runner.run(main)
api  |            ~~~~~~~~~~^^^^^^
api  |   File "/usr/local/lib/python3.13/asyncio/runners.py", line 118, in run
api  |     return self._loop.run_until_complete(task)
api  |            ~~~~~~~~~~~~~~~~~~~~~~~~~~~~~^^^^^^
api  |   File "uvloop/loop.pyx", line 1518, in uvloop.loop.Loop.run_until_complete
api  |   File "/usr/local/lib/python3.13/site-packages/uvicorn/server.py", line 70, in serve
api  |     await self._serve(sockets)
api  |   File "/usr/local/lib/python3.13/site-packages/uvicorn/server.py", line 77, in _serve
api  |     config.load()
api  |     ~~~~~~~~~~~^^
api  |   File "/usr/local/lib/python3.13/site-packages/uvicorn/config.py", line 435, in load
api  |     self.loaded_app = import_from_string(self.app)
api  |                       ~~~~~~~~~~~~~~~~~~^^^^^^^^^^
api  |   File "/usr/local/lib/python3.13/site-packages/uvicorn/importer.py", line 19, in import_from_string
api  |     module = importlib.import_module(module_str)
api  |   File "/usr/local/lib/python3.13/importlib/__init__.py", line 88, in import_module
api  |     return _bootstrap._gcd_import(name[level:], package, level)
api  |            ~~~~~~~~~~~~~~~~~~~~~~^^^^^^^^^^^^^^^^^^^^^^^^^^^^^^
api  |   File "/usr/local/lib/python3.13/multiprocessing/process.py", line 313, in _bootstrap
api  |     self.run()
api  |     ~~~~~~~~^^
api  |   File "<frozen importlib._bootstrap>", line 1395, in _gcd_import
api  |   File "/usr/local/lib/python3.13/multiprocessing/process.py", line 108, in run
api  |     self._target(*self._args, **self._kwargs)
api  |     ~~~~~~~~~~~~^^^^^^^^^^^^^^^^^^^^^^^^^^^^^
api  |   File "<frozen importlib._bootstrap>", line 1360, in _find_and_load
api  |   File "<frozen importlib._bootstrap>", line 1331, in _find_and_load_unlocked
api  |   File "/usr/local/lib/python3.13/site-packages/uvicorn/_subprocess.py", line 80, in subprocess_started
api  |     target(sockets=sockets)
api  |     ~~~~~~^^^^^^^^^^^^^^^^^
api  |   File "<frozen importlib._bootstrap>", line 935, in _load_unlocked
api  |   File "/usr/local/lib/python3.13/site-packages/uvicorn/supervisors/multiprocess.py", line 63, in target
api  |     return self.real_target(sockets)
api  |            ~~~~~~~~~~~~~~~~^^^^^^^^^
api  |   File "<frozen importlib._bootstrap_external>", line 1023, in exec_module
api  |   File "/usr/local/lib/python3.13/site-packages/uvicorn/server.py", line 66, in run
api  |     return asyncio.run(self.serve(sockets=sockets))
api  |            ~~~~~~~~~~~^^^^^^^^^^^^^^^^^^^^^^^^^^^^^
api  |   File "<frozen importlib._bootstrap>", line 488, in _call_with_frames_removed
api  |   File "/usr/local/lib/python3.13/asyncio/runners.py", line 195, in run
api  |     return runner.run(main)
api  |            ~~~~~~~~~~^^^^^^
api  |   File "/app/app/main.py", line 9, in <module>
api  |     from app.rabbitmq import rabbitmq_publisher
api  |   File "/usr/local/lib/python3.13/asyncio/runners.py", line 118, in run
api  |     return self._loop.run_until_complete(task)
api  |            ~~~~~~~~~~~~~~~~~~~~~~~~~~~~~^^^^^^
api  |   File "uvloop/loop.pyx", line 1518, in uvloop.loop.Loop.run_until_complete
api  |   File "/usr/local/lib/python3.13/site-packages/uvicorn/server.py", line 70, in serve
api  |     await self._serve(sockets)
api  |   File "/usr/local/lib/python3.13/site-packages/uvicorn/server.py", line 77, in _serve
api  |     config.load()
api  |     ~~~~~~~~~~~^^
api  | ImportError: cannot import name 'rabbitmq_publisher' from 'app.rabbitmq' (/app/app/rabbitmq.py)
api  |   File "/usr/local/lib/python3.13/site-packages/uvicorn/config.py", line 435, in load
api  |     self.loaded_app = import_from_string(self.app)
api  |                       ~~~~~~~~~~~~~~~~~~^^^^^^^^^^
api  |   File "/usr/local/lib/python3.13/site-packages/uvicorn/importer.py", line 19, in import_from_string
api  |     module = importlib.import_module(module_str)
api  |   File "/usr/local/lib/python3.13/importlib/__init__.py", line 88, in import_module
api  |     return _bootstrap._gcd_import(name[level:], package, level)
api  |            ~~~~~~~~~~~~~~~~~~~~~~^^^^^^^^^^^^^^^^^^^^^^^^^^^^^^
api  |   File "<frozen importlib._bootstrap>", line 1395, in _gcd_import
api  |   File "<frozen importlib._bootstrap>", line 1360, in _find_and_load
api  |   File "<frozen importlib._bootstrap>", line 1331, in _find_and_load_unlocked
api  |   File "<frozen importlib._bootstrap>", line 935, in _load_unlocked
api  |   File "<frozen importlib._bootstrap_external>", line 1023, in exec_module
api  |   File "<frozen importlib._bootstrap>", line 488, in _call_with_frames_removed
api  |   File "/app/app/main.py", line 9, in <module>
api  |     from app.rabbitmq import rabbitmq_publisher
api  | ImportError: cannot import name 'rabbitmq_publisher' from 'app.rabbitmq' (/app/app/rabbitmq.py)
api  | Process SpawnProcess-193:
api  | Traceback (most recent call last):
api  |   File "/usr/local/lib/python3.13/multiprocessing/process.py", line 313, in _bootstrap
api  |     self.run()
api  |     ~~~~~~~~^^
api  |   File "/usr/local/lib/python3.13/multiprocessing/process.py", line 108, in run
api  |     self._target(*self._args, **self._kwargs)
api  |     ~~~~~~~~~~~~^^^^^^^^^^^^^^^^^^^^^^^^^^^^^
api  |   File "/usr/local/lib/python3.13/site-packages/uvicorn/_subprocess.py", line 80, in subprocess_started
api  |     target(sockets=sockets)
api  |     ~~~~~~^^^^^^^^^^^^^^^^^
api  |   File "/usr/local/lib/python3.13/site-packages/uvicorn/supervisors/multiprocess.py", line 63, in target
api  |     return self.real_target(sockets)
api  |            ~~~~~~~~~~~~~~~~^^^^^^^^^
api  |   File "/usr/local/lib/python3.13/site-packages/uvicorn/server.py", line 66, in run
api  |     return asyncio.run(self.serve(sockets=sockets))
api  |            ~~~~~~~~~~~^^^^^^^^^^^^^^^^^^^^^^^^^^^^^
api  |   File "/usr/local/lib/python3.13/asyncio/runners.py", line 195, in run
api  |     return runner.run(main)
api  |            ~~~~~~~~~~^^^^^^
api  |   File "/usr/local/lib/python3.13/asyncio/runners.py", line 118, in run
api  |     return self._loop.run_until_complete(task)
api  |            ~~~~~~~~~~~~~~~~~~~~~~~~~~~~~^^^^^^
api  |   File "uvloop/loop.pyx", line 1518, in uvloop.loop.Loop.run_until_complete
api  |   File "/usr/local/lib/python3.13/site-packages/uvicorn/server.py", line 70, in serve
api  |     await self._serve(sockets)
api  |   File "/usr/local/lib/python3.13/site-packages/uvicorn/server.py", line 77, in _serve
api  |     config.load()
api  |     ~~~~~~~~~~~^^
api  |   File "/usr/local/lib/python3.13/site-packages/uvicorn/config.py", line 435, in load
api  |     self.loaded_app = import_from_string(self.app)
api  |                       ~~~~~~~~~~~~~~~~~~^^^^^^^^^^
api  |   File "/usr/local/lib/python3.13/site-packages/uvicorn/importer.py", line 19, in import_from_string
api  |     module = importlib.import_module(module_str)
api  |   File "/usr/local/lib/python3.13/importlib/__init__.py", line 88, in import_module
api  |     return _bootstrap._gcd_import(name[level:], package, level)
api  |            ~~~~~~~~~~~~~~~~~~~~~~^^^^^^^^^^^^^^^^^^^^^^^^^^^^^^
api  |   File "<frozen importlib._bootstrap>", line 1395, in _gcd_import
api  |   File "<frozen importlib._bootstrap>", line 1360, in _find_and_load
api  |   File "<frozen importlib._bootstrap>", line 1331, in _find_and_load_unlocked
api  |   File "<frozen importlib._bootstrap>", line 935, in _load_unlocked
api  |   File "<frozen importlib._bootstrap_external>", line 1023, in exec_module
api  |   File "<frozen importlib._bootstrap>", line 488, in _call_with_frames_removed
api  |   File "/app/app/main.py", line 9, in <module>
api  |     from app.rabbitmq import rabbitmq_publisher
api  | ImportError: cannot import name 'rabbitmq_publisher' from 'app.rabbitmq' (/app/app/rabbitmq.py)
api  | INFO:     Waiting for child process [391]
api  | INFO:     Child process [391] died
api  | INFO:     Waiting for child process [392]
api  | INFO:     Child process [392] died
api  | INFO:     Waiting for child process [393]
api  | INFO:     Child process [393] died
api  | Process SpawnProcess-196:
api  | Traceback (most recent call last):
api  |   File "/usr/local/lib/python3.13/multiprocessing/process.py", line 313, in _bootstrap
api  |     self.run()
api  |     ~~~~~~~~^^
api  |   File "/usr/local/lib/python3.13/multiprocessing/process.py", line 108, in run
api  |     self._target(*self._args, **self._kwargs)
api  |     ~~~~~~~~~~~~^^^^^^^^^^^^^^^^^^^^^^^^^^^^^
api  |   File "/usr/local/lib/python3.13/site-packages/uvicorn/_subprocess.py", line 80, in subprocess_started
api  |     target(sockets=sockets)
api  |     ~~~~~~^^^^^^^^^^^^^^^^^
api  |   File "/usr/local/lib/python3.13/site-packages/uvicorn/supervisors/multiprocess.py", line 63, in target
api  |     return self.real_target(sockets)
api  |            ~~~~~~~~~~~~~~~~^^^^^^^^^
api  |   File "/usr/local/lib/python3.13/site-packages/uvicorn/server.py", line 66, in run
api  |     return asyncio.run(self.serve(sockets=sockets))
api  |            ~~~~~~~~~~~^^^^^^^^^^^^^^^^^^^^^^^^^^^^^
api  |   File "/usr/local/lib/python3.13/asyncio/runners.py", line 195, in run
api  |     return runner.run(main)
api  |            ~~~~~~~~~~^^^^^^
api  |   File "/usr/local/lib/python3.13/asyncio/runners.py", line 118, in run
api  |     return self._loop.run_until_complete(task)
api  |            ~~~~~~~~~~~~~~~~~~~~~~~~~~~~~^^^^^^
api  |   File "uvloop/loop.pyx", line 1518, in uvloop.loop.Loop.run_until_complete
api  |   File "/usr/local/lib/python3.13/site-packages/uvicorn/server.py", line 70, in serve
api  |     await self._serve(sockets)
api  |   File "/usr/local/lib/python3.13/site-packages/uvicorn/server.py", line 77, in _serve
api  |     config.load()
api  |     ~~~~~~~~~~~^^
api  |   File "/usr/local/lib/python3.13/site-packages/uvicorn/config.py", line 435, in load
api  |     self.loaded_app = import_from_string(self.app)
api  |                       ~~~~~~~~~~~~~~~~~~^^^^^^^^^^
api  |   File "/usr/local/lib/python3.13/site-packages/uvicorn/importer.py", line 19, in import_from_string
api  |     module = importlib.import_module(module_str)
api  |   File "/usr/local/lib/python3.13/importlib/__init__.py", line 88, in import_module
api  |     return _bootstrap._gcd_import(name[level:], package, level)
api  |            ~~~~~~~~~~~~~~~~~~~~~~^^^^^^^^^^^^^^^^^^^^^^^^^^^^^^
api  |   File "<frozen importlib._bootstrap>", line 1395, in _gcd_import
api  |   File "<frozen importlib._bootstrap>", line 1360, in _find_and_load
api  |   File "<frozen importlib._bootstrap>", line 1331, in _find_and_load_unlocked
api  |   File "<frozen importlib._bootstrap>", line 935, in _load_unlocked
api  |   File "<frozen importlib._bootstrap_external>", line 1023, in exec_module
api  |   File "<frozen importlib._bootstrap>", line 488, in _call_with_frames_removed
api  |   File "/app/app/main.py", line 9, in <module>
api  |     from app.rabbitmq import rabbitmq_publisher
api  | ImportError: cannot import name 'rabbitmq_publisher' from 'app.rabbitmq' (/app/app/rabbitmq.py)
api  | INFO:     Waiting for child process [394]
api  | INFO:     Child process [394] died
api  | Process SpawnProcess-197:
api  | Traceback (most recent call last):
api  |   File "/usr/local/lib/python3.13/multiprocessing/process.py", line 313, in _bootstrap
api  |     self.run()
api  |     ~~~~~~~~^^
api  |   File "/usr/local/lib/python3.13/multiprocessing/process.py", line 108, in run
api  |     self._target(*self._args, **self._kwargs)
api  |     ~~~~~~~~~~~~^^^^^^^^^^^^^^^^^^^^^^^^^^^^^
api  |   File "/usr/local/lib/python3.13/site-packages/uvicorn/_subprocess.py", line 80, in subprocess_started
api  |     target(sockets=sockets)
api  |     ~~~~~~^^^^^^^^^^^^^^^^^
api  |   File "/usr/local/lib/python3.13/site-packages/uvicorn/supervisors/multiprocess.py", line 63, in target
api  |     return self.real_target(sockets)
api  |            ~~~~~~~~~~~~~~~~^^^^^^^^^
api  |   File "/usr/local/lib/python3.13/site-packages/uvicorn/server.py", line 66, in run
api  |     return asyncio.run(self.serve(sockets=sockets))
api  |            ~~~~~~~~~~~^^^^^^^^^^^^^^^^^^^^^^^^^^^^^
api  |   File "/usr/local/lib/python3.13/asyncio/runners.py", line 195, in run
api  |     return runner.run(main)
api  |            ~~~~~~~~~~^^^^^^
api  |   File "/usr/local/lib/python3.13/asyncio/runners.py", line 118, in run
api  |     return self._loop.run_until_complete(task)
api  |            ~~~~~~~~~~~~~~~~~~~~~~~~~~~~~^^^^^^
api  |   File "uvloop/loop.pyx", line 1518, in uvloop.loop.Loop.run_until_complete
api  |   File "/usr/local/lib/python3.13/site-packages/uvicorn/server.py", line 70, in serve
api  |     await self._serve(sockets)
api  |   File "/usr/local/lib/python3.13/site-packages/uvicorn/server.py", line 77, in _serve
api  |     config.load()
api  |     ~~~~~~~~~~~^^
api  |   File "/usr/local/lib/python3.13/site-packages/uvicorn/config.py", line 435, in load
api  |     self.loaded_app = import_from_string(self.app)
api  |                       ~~~~~~~~~~~~~~~~~~^^^^^^^^^^
api  |   File "/usr/local/lib/python3.13/site-packages/uvicorn/importer.py", line 19, in import_from_string
api  |     module = importlib.import_module(module_str)
api  |   File "/usr/local/lib/python3.13/importlib/__init__.py", line 88, in import_module
api  |     return _bootstrap._gcd_import(name[level:], package, level)
api  |            ~~~~~~~~~~~~~~~~~~~~~~^^^^^^^^^^^^^^^^^^^^^^^^^^^^^^
api  |   File "<frozen importlib._bootstrap>", line 1395, in _gcd_import
api  |   File "<frozen importlib._bootstrap>", line 1360, in _find_and_load
api  |   File "<frozen importlib._bootstrap>", line 1331, in _find_and_load_unlocked
api  |   File "<frozen importlib._bootstrap>", line 935, in _load_unlocked
api  |   File "<frozen importlib._bootstrap_external>", line 1023, in exec_module
api  |   File "<frozen importlib._bootstrap>", line 488, in _call_with_frames_removed
api  |   File "/app/app/main.py", line 9, in <module>
api  |     from app.rabbitmq import rabbitmq_publisher
api  | ImportError: cannot import name 'rabbitmq_publisher' from 'app.rabbitmq' (/app/app/rabbitmq.py)
api  | Process SpawnProcess-198:
api  | Process SpawnProcess-199:
api  | Traceback (most recent call last):
api  |   File "/usr/local/lib/python3.13/multiprocessing/process.py", line 313, in _bootstrap
api  |     self.run()
api  |     ~~~~~~~~^^
api  |   File "/usr/local/lib/python3.13/multiprocessing/process.py", line 108, in run
api  |     self._target(*self._args, **self._kwargs)
api  |     ~~~~~~~~~~~~^^^^^^^^^^^^^^^^^^^^^^^^^^^^^
api  |   File "/usr/local/lib/python3.13/site-packages/uvicorn/_subprocess.py", line 80, in subprocess_started
api  |     target(sockets=sockets)
api  |     ~~~~~~^^^^^^^^^^^^^^^^^
api  |   File "/usr/local/lib/python3.13/site-packages/uvicorn/supervisors/multiprocess.py", line 63, in target
api  |     return self.real_target(sockets)
api  |            ~~~~~~~~~~~~~~~~^^^^^^^^^
api  |   File "/usr/local/lib/python3.13/site-packages/uvicorn/server.py", line 66, in run
api  |     return asyncio.run(self.serve(sockets=sockets))
api  |            ~~~~~~~~~~~^^^^^^^^^^^^^^^^^^^^^^^^^^^^^
api  |   File "/usr/local/lib/python3.13/asyncio/runners.py", line 195, in run
api  |     return runner.run(main)
api  |            ~~~~~~~~~~^^^^^^
api  |   File "/usr/local/lib/python3.13/asyncio/runners.py", line 118, in run
api  |     return self._loop.run_until_complete(task)
api  |            ~~~~~~~~~~~~~~~~~~~~~~~~~~~~~^^^^^^
api  |   File "uvloop/loop.pyx", line 1518, in uvloop.loop.Loop.run_until_complete
api  |   File "/usr/local/lib/python3.13/site-packages/uvicorn/server.py", line 70, in serve
api  |     await self._serve(sockets)
api  |   File "/usr/local/lib/python3.13/site-packages/uvicorn/server.py", line 77, in _serve
api  |     config.load()
api  |     ~~~~~~~~~~~^^
api  |   File "/usr/local/lib/python3.13/site-packages/uvicorn/config.py", line 435, in load
api  |     self.loaded_app = import_from_string(self.app)
api  |                       ~~~~~~~~~~~~~~~~~~^^^^^^^^^^
api  |   File "/usr/local/lib/python3.13/site-packages/uvicorn/importer.py", line 19, in import_from_string
api  |     module = importlib.import_module(module_str)
api  |   File "/usr/local/lib/python3.13/importlib/__init__.py", line 88, in import_module
api  |     return _bootstrap._gcd_import(name[level:], package, level)
api  |            ~~~~~~~~~~~~~~~~~~~~~~^^^^^^^^^^^^^^^^^^^^^^^^^^^^^^
api  |   File "<frozen importlib._bootstrap>", line 1395, in _gcd_import
api  |   File "<frozen importlib._bootstrap>", line 1360, in _find_and_load
api  |   File "<frozen importlib._bootstrap>", line 1331, in _find_and_load_unlocked
api  |   File "<frozen importlib._bootstrap>", line 935, in _load_unlocked
api  |   File "<frozen importlib._bootstrap_external>", line 1023, in exec_module
api  |   File "<frozen importlib._bootstrap>", line 488, in _call_with_frames_removed
api  |   File "/app/app/main.py", line 9, in <module>
api  |     from app.rabbitmq import rabbitmq_publisher
api  | ImportError: cannot import name 'rabbitmq_publisher' from 'app.rabbitmq' (/app/app/rabbitmq.py)
api  | Traceback (most recent call last):
api  |   File "/usr/local/lib/python3.13/multiprocessing/process.py", line 313, in _bootstrap
api  |     self.run()
api  |     ~~~~~~~~^^
api  |   File "/usr/local/lib/python3.13/multiprocessing/process.py", line 108, in run
api  |     self._target(*self._args, **self._kwargs)
api  |     ~~~~~~~~~~~~^^^^^^^^^^^^^^^^^^^^^^^^^^^^^
api  |   File "/usr/local/lib/python3.13/site-packages/uvicorn/_subprocess.py", line 80, in subprocess_started
api  |     target(sockets=sockets)
api  |     ~~~~~~^^^^^^^^^^^^^^^^^
api  |   File "/usr/local/lib/python3.13/site-packages/uvicorn/supervisors/multiprocess.py", line 63, in target
api  |     return self.real_target(sockets)
api  |            ~~~~~~~~~~~~~~~~^^^^^^^^^
api  |   File "/usr/local/lib/python3.13/site-packages/uvicorn/server.py", line 66, in run
api  |     return asyncio.run(self.serve(sockets=sockets))
api  |            ~~~~~~~~~~~^^^^^^^^^^^^^^^^^^^^^^^^^^^^^
api  |   File "/usr/local/lib/python3.13/asyncio/runners.py", line 195, in run
api  |     return runner.run(main)
api  |            ~~~~~~~~~~^^^^^^
api  |   File "/usr/local/lib/python3.13/asyncio/runners.py", line 118, in run
api  |     return self._loop.run_until_complete(task)
api  |            ~~~~~~~~~~~~~~~~~~~~~~~~~~~~~^^^^^^
api  |   File "uvloop/loop.pyx", line 1518, in uvloop.loop.Loop.run_until_complete
api  |   File "/usr/local/lib/python3.13/site-packages/uvicorn/server.py", line 70, in serve
api  |     await self._serve(sockets)
api  |   File "/usr/local/lib/python3.13/site-packages/uvicorn/server.py", line 77, in _serve
api  |     config.load()
api  |     ~~~~~~~~~~~^^
api  |   File "/usr/local/lib/python3.13/site-packages/uvicorn/config.py", line 435, in load
api  |     self.loaded_app = import_from_string(self.app)
api  |                       ~~~~~~~~~~~~~~~~~~^^^^^^^^^^
api  |   File "/usr/local/lib/python3.13/site-packages/uvicorn/importer.py", line 19, in import_from_string
api  |     module = importlib.import_module(module_str)
api  |   File "/usr/local/lib/python3.13/importlib/__init__.py", line 88, in import_module
api  |     return _bootstrap._gcd_import(name[level:], package, level)
api  |            ~~~~~~~~~~~~~~~~~~~~~~^^^^^^^^^^^^^^^^^^^^^^^^^^^^^^
api  |   File "<frozen importlib._bootstrap>", line 1395, in _gcd_import
api  |   File "<frozen importlib._bootstrap>", line 1360, in _find_and_load
api  |   File "<frozen importlib._bootstrap>", line 1331, in _find_and_load_unlocked
api  |   File "<frozen importlib._bootstrap>", line 935, in _load_unlocked
api  |   File "<frozen importlib._bootstrap_external>", line 1023, in exec_module
api  |   File "<frozen importlib._bootstrap>", line 488, in _call_with_frames_removed
api  |   File "/app/app/main.py", line 9, in <module>
api  |     from app.rabbitmq import rabbitmq_publisher
api  | ImportError: cannot import name 'rabbitmq_publisher' from 'app.rabbitmq' (/app/app/rabbitmq.py)
api  | INFO:     Waiting for child process [399]
api  | INFO:     Child process [399] died
api  | INFO:     Waiting for child process [400]
api  | INFO:     Child process [400] died
api  | INFO:     Waiting for child process [401]
api  | INFO:     Child process [401] died
api  | Process SpawnProcess-200:
api  | Traceback (most recent call last):
api  |   File "/usr/local/lib/python3.13/multiprocessing/process.py", line 313, in _bootstrap
api  |     self.run()
api  |     ~~~~~~~~^^
api  |   File "/usr/local/lib/python3.13/multiprocessing/process.py", line 108, in run
api  |     self._target(*self._args, **self._kwargs)
api  |     ~~~~~~~~~~~~^^^^^^^^^^^^^^^^^^^^^^^^^^^^^
api  |   File "/usr/local/lib/python3.13/site-packages/uvicorn/_subprocess.py", line 80, in subprocess_started
api  |     target(sockets=sockets)
api  |     ~~~~~~^^^^^^^^^^^^^^^^^
api  |   File "/usr/local/lib/python3.13/site-packages/uvicorn/supervisors/multiprocess.py", line 63, in target
api  |     return self.real_target(sockets)
api  |            ~~~~~~~~~~~~~~~~^^^^^^^^^
api  |   File "/usr/local/lib/python3.13/site-packages/uvicorn/server.py", line 66, in run
api  |     return asyncio.run(self.serve(sockets=sockets))
api  |            ~~~~~~~~~~~^^^^^^^^^^^^^^^^^^^^^^^^^^^^^
api  |   File "/usr/local/lib/python3.13/asyncio/runners.py", line 195, in run
api  |     return runner.run(main)
api  |            ~~~~~~~~~~^^^^^^
api  |   File "/usr/local/lib/python3.13/asyncio/runners.py", line 118, in run
api  |     return self._loop.run_until_complete(task)
api  |            ~~~~~~~~~~~~~~~~~~~~~~~~~~~~~^^^^^^
api  |   File "uvloop/loop.pyx", line 1518, in uvloop.loop.Loop.run_until_complete
api  |   File "/usr/local/lib/python3.13/site-packages/uvicorn/server.py", line 70, in serve
api  |     await self._serve(sockets)
api  |   File "/usr/local/lib/python3.13/site-packages/uvicorn/server.py", line 77, in _serve
api  |     config.load()
api  |     ~~~~~~~~~~~^^
api  |   File "/usr/local/lib/python3.13/site-packages/uvicorn/config.py", line 435, in load
api  |     self.loaded_app = import_from_string(self.app)
api  |                       ~~~~~~~~~~~~~~~~~~^^^^^^^^^^
api  |   File "/usr/local/lib/python3.13/site-packages/uvicorn/importer.py", line 19, in import_from_string
api  |     module = importlib.import_module(module_str)
api  |   File "/usr/local/lib/python3.13/importlib/__init__.py", line 88, in import_module
api  |     return _bootstrap._gcd_import(name[level:], package, level)
api  |            ~~~~~~~~~~~~~~~~~~~~~~^^^^^^^^^^^^^^^^^^^^^^^^^^^^^^
api  |   File "<frozen importlib._bootstrap>", line 1395, in _gcd_import
api  |   File "<frozen importlib._bootstrap>", line 1360, in _find_and_load
api  |   File "<frozen importlib._bootstrap>", line 1331, in _find_and_load_unlocked
api  |   File "<frozen importlib._bootstrap>", line 935, in _load_unlocked
api  |   File "<frozen importlib._bootstrap_external>", line 1023, in exec_module
api  |   File "<frozen importlib._bootstrap>", line 488, in _call_with_frames_removed
api  |   File "/app/app/main.py", line 9, in <module>
api  |     from app.rabbitmq import rabbitmq_publisher
api  | ImportError: cannot import name 'rabbitmq_publisher' from 'app.rabbitmq' (/app/app/rabbitmq.py)
api  | INFO:     Waiting for child process [402]
api  | INFO:     Child process [402] died
api  | Process SpawnProcess-201:
api  | Traceback (most recent call last):
api  | Process SpawnProcess-203:
api  |   File "/usr/local/lib/python3.13/multiprocessing/process.py", line 313, in _bootstrap
api  |     self.run()
api  |     ~~~~~~~~^^
api  |   File "/usr/local/lib/python3.13/multiprocessing/process.py", line 108, in run
api  |     self._target(*self._args, **self._kwargs)
api  |     ~~~~~~~~~~~~^^^^^^^^^^^^^^^^^^^^^^^^^^^^^
api  |   File "/usr/local/lib/python3.13/site-packages/uvicorn/_subprocess.py", line 80, in subprocess_started
api  |     target(sockets=sockets)
api  |     ~~~~~~^^^^^^^^^^^^^^^^^
api  |   File "/usr/local/lib/python3.13/site-packages/uvicorn/supervisors/multiprocess.py", line 63, in target
api  |     return self.real_target(sockets)
api  |            ~~~~~~~~~~~~~~~~^^^^^^^^^
api  |   File "/usr/local/lib/python3.13/site-packages/uvicorn/server.py", line 66, in run
api  |     return asyncio.run(self.serve(sockets=sockets))
api  |            ~~~~~~~~~~~^^^^^^^^^^^^^^^^^^^^^^^^^^^^^
api  |   File "/usr/local/lib/python3.13/asyncio/runners.py", line 195, in run
api  |     return runner.run(main)
api  |            ~~~~~~~~~~^^^^^^
api  |   File "/usr/local/lib/python3.13/asyncio/runners.py", line 118, in run
api  |     return self._loop.run_until_complete(task)
api  |            ~~~~~~~~~~~~~~~~~~~~~~~~~~~~~^^^^^^
api  |   File "uvloop/loop.pyx", line 1518, in uvloop.loop.Loop.run_until_complete
api  |   File "/usr/local/lib/python3.13/site-packages/uvicorn/server.py", line 70, in serve
api  |     await self._serve(sockets)
api  |   File "/usr/local/lib/python3.13/site-packages/uvicorn/server.py", line 77, in _serve
api  |     config.load()
api  |     ~~~~~~~~~~~^^
api  |   File "/usr/local/lib/python3.13/site-packages/uvicorn/config.py", line 435, in load
api  |     self.loaded_app = import_from_string(self.app)
api  |                       ~~~~~~~~~~~~~~~~~~^^^^^^^^^^
api  |   File "/usr/local/lib/python3.13/site-packages/uvicorn/importer.py", line 19, in import_from_string
api  |     module = importlib.import_module(module_str)
api  |   File "/usr/local/lib/python3.13/importlib/__init__.py", line 88, in import_module
api  |     return _bootstrap._gcd_import(name[level:], package, level)
api  |            ~~~~~~~~~~~~~~~~~~~~~~^^^^^^^^^^^^^^^^^^^^^^^^^^^^^^
api  |   File "<frozen importlib._bootstrap>", line 1395, in _gcd_import
api  |   File "<frozen importlib._bootstrap>", line 1360, in _find_and_load
api  |   File "<frozen importlib._bootstrap>", line 1331, in _find_and_load_unlocked
api  |   File "<frozen importlib._bootstrap>", line 935, in _load_unlocked
api  |   File "<frozen importlib._bootstrap_external>", line 1023, in exec_module
api  |   File "<frozen importlib._bootstrap>", line 488, in _call_with_frames_removed
api  |   File "/app/app/main.py", line 9, in <module>
api  |     from app.rabbitmq import rabbitmq_publisher
api  | ImportError: cannot import name 'rabbitmq_publisher' from 'app.rabbitmq' (/app/app/rabbitmq.py)
api  | Traceback (most recent call last):
api  |   File "/usr/local/lib/python3.13/multiprocessing/process.py", line 313, in _bootstrap
api  |     self.run()
api  |     ~~~~~~~~^^
api  |   File "/usr/local/lib/python3.13/multiprocessing/process.py", line 108, in run
api  |     self._target(*self._args, **self._kwargs)
api  |     ~~~~~~~~~~~~^^^^^^^^^^^^^^^^^^^^^^^^^^^^^
api  |   File "/usr/local/lib/python3.13/site-packages/uvicorn/_subprocess.py", line 80, in subprocess_started
api  |     target(sockets=sockets)
api  |     ~~~~~~^^^^^^^^^^^^^^^^^
api  |   File "/usr/local/lib/python3.13/site-packages/uvicorn/supervisors/multiprocess.py", line 63, in target
api  |     return self.real_target(sockets)
api  |            ~~~~~~~~~~~~~~~~^^^^^^^^^
api  |   File "/usr/local/lib/python3.13/site-packages/uvicorn/server.py", line 66, in run
api  |     return asyncio.run(self.serve(sockets=sockets))
api  |            ~~~~~~~~~~~^^^^^^^^^^^^^^^^^^^^^^^^^^^^^
api  |   File "/usr/local/lib/python3.13/asyncio/runners.py", line 195, in run
api  |     return runner.run(main)
api  |            ~~~~~~~~~~^^^^^^
api  |   File "/usr/local/lib/python3.13/asyncio/runners.py", line 118, in run
api  |     return self._loop.run_until_complete(task)
api  |            ~~~~~~~~~~~~~~~~~~~~~~~~~~~~~^^^^^^
api  |   File "uvloop/loop.pyx", line 1518, in uvloop.loop.Loop.run_until_complete
api  |   File "/usr/local/lib/python3.13/site-packages/uvicorn/server.py", line 70, in serve
api  |     await self._serve(sockets)
api  |   File "/usr/local/lib/python3.13/site-packages/uvicorn/server.py", line 77, in _serve
api  |     config.load()
api  |     ~~~~~~~~~~~^^
api  |   File "/usr/local/lib/python3.13/site-packages/uvicorn/config.py", line 435, in load
api  |     self.loaded_app = import_from_string(self.app)
api  |                       ~~~~~~~~~~~~~~~~~~^^^^^^^^^^
api  |   File "/usr/local/lib/python3.13/site-packages/uvicorn/importer.py", line 19, in import_from_string
api  |     module = importlib.import_module(module_str)
api  |   File "/usr/local/lib/python3.13/importlib/__init__.py", line 88, in import_module
api  |     return _bootstrap._gcd_import(name[level:], package, level)
api  |            ~~~~~~~~~~~~~~~~~~~~~~^^^^^^^^^^^^^^^^^^^^^^^^^^^^^^
api  |   File "<frozen importlib._bootstrap>", line 1395, in _gcd_import
api  |   File "<frozen importlib._bootstrap>", line 1360, in _find_and_load
api  |   File "<frozen importlib._bootstrap>", line 1331, in _find_and_load_unlocked
api  |   File "<frozen importlib._bootstrap>", line 935, in _load_unlocked
api  |   File "<frozen importlib._bootstrap_external>", line 1023, in exec_module
api  |   File "<frozen importlib._bootstrap>", line 488, in _call_with_frames_removed
api  |   File "/app/app/main.py", line 9, in <module>
api  |     from app.rabbitmq import rabbitmq_publisher
api  | ImportError: cannot import name 'rabbitmq_publisher' from 'app.rabbitmq' (/app/app/rabbitmq.py)
api  | Process SpawnProcess-202:
api  | Traceback (most recent call last):
api  |   File "/usr/local/lib/python3.13/multiprocessing/process.py", line 313, in _bootstrap
api  |     self.run()
api  |     ~~~~~~~~^^
api  |   File "/usr/local/lib/python3.13/multiprocessing/process.py", line 108, in run
api  |     self._target(*self._args, **self._kwargs)
api  |     ~~~~~~~~~~~~^^^^^^^^^^^^^^^^^^^^^^^^^^^^^
api  |   File "/usr/local/lib/python3.13/site-packages/uvicorn/_subprocess.py", line 80, in subprocess_started
api  |     target(sockets=sockets)
api  |     ~~~~~~^^^^^^^^^^^^^^^^^
api  |   File "/usr/local/lib/python3.13/site-packages/uvicorn/supervisors/multiprocess.py", line 63, in target
api  |     return self.real_target(sockets)
api  |            ~~~~~~~~~~~~~~~~^^^^^^^^^
api  |   File "/usr/local/lib/python3.13/site-packages/uvicorn/server.py", line 66, in run
api  |     return asyncio.run(self.serve(sockets=sockets))
api  |            ~~~~~~~~~~~^^^^^^^^^^^^^^^^^^^^^^^^^^^^^
api  |   File "/usr/local/lib/python3.13/asyncio/runners.py", line 195, in run
api  |     return runner.run(main)
api  |            ~~~~~~~~~~^^^^^^
api  |   File "/usr/local/lib/python3.13/asyncio/runners.py", line 118, in run
api  |     return self._loop.run_until_complete(task)
api  |            ~~~~~~~~~~~~~~~~~~~~~~~~~~~~~^^^^^^
api  |   File "uvloop/loop.pyx", line 1518, in uvloop.loop.Loop.run_until_complete
api  |   File "/usr/local/lib/python3.13/site-packages/uvicorn/server.py", line 70, in serve
api  |     await self._serve(sockets)
api  |   File "/usr/local/lib/python3.13/site-packages/uvicorn/server.py", line 77, in _serve
api  |     config.load()
api  |     ~~~~~~~~~~~^^
api  |   File "/usr/local/lib/python3.13/site-packages/uvicorn/config.py", line 435, in load
api  |     self.loaded_app = import_from_string(self.app)
api  |                       ~~~~~~~~~~~~~~~~~~^^^^^^^^^^
api  |   File "/usr/local/lib/python3.13/site-packages/uvicorn/importer.py", line 19, in import_from_string
api  |     module = importlib.import_module(module_str)
api  |   File "/usr/local/lib/python3.13/importlib/__init__.py", line 88, in import_module
api  |     return _bootstrap._gcd_import(name[level:], package, level)
api  |            ~~~~~~~~~~~~~~~~~~~~~~^^^^^^^^^^^^^^^^^^^^^^^^^^^^^^
api  |   File "<frozen importlib._bootstrap>", line 1395, in _gcd_import
api  |   File "<frozen importlib._bootstrap>", line 1360, in _find_and_load
api  |   File "<frozen importlib._bootstrap>", line 1331, in _find_and_load_unlocked
api  |   File "<frozen importlib._bootstrap>", line 935, in _load_unlocked
api  |   File "<frozen importlib._bootstrap_external>", line 1023, in exec_module
api  |   File "<frozen importlib._bootstrap>", line 488, in _call_with_frames_removed
api  |   File "/app/app/main.py", line 9, in <module>
api  |     from app.rabbitmq import rabbitmq_publisher
api  | ImportError: cannot import name 'rabbitmq_publisher' from 'app.rabbitmq' (/app/app/rabbitmq.py)
api  | INFO:     Waiting for child process [407]
api  | INFO:     Child process [407] died
api  | INFO:     Waiting for child process [408]
api  | INFO:     Child process [408] died
api  | INFO:     Waiting for child process [409]
api  | INFO:     Child process [409] died
api  | Process SpawnProcess-204:
api  | Traceback (most recent call last):
api  |   File "/usr/local/lib/python3.13/multiprocessing/process.py", line 313, in _bootstrap
api  |     self.run()
api  |     ~~~~~~~~^^
api  |   File "/usr/local/lib/python3.13/multiprocessing/process.py", line 108, in run
api  |     self._target(*self._args, **self._kwargs)
api  |     ~~~~~~~~~~~~^^^^^^^^^^^^^^^^^^^^^^^^^^^^^
api  |   File "/usr/local/lib/python3.13/site-packages/uvicorn/_subprocess.py", line 80, in subprocess_started
api  |     target(sockets=sockets)
api  |     ~~~~~~^^^^^^^^^^^^^^^^^
api  |   File "/usr/local/lib/python3.13/site-packages/uvicorn/supervisors/multiprocess.py", line 63, in target
api  |     return self.real_target(sockets)
api  |            ~~~~~~~~~~~~~~~~^^^^^^^^^
api  |   File "/usr/local/lib/python3.13/site-packages/uvicorn/server.py", line 66, in run
api  |     return asyncio.run(self.serve(sockets=sockets))
api  |            ~~~~~~~~~~~^^^^^^^^^^^^^^^^^^^^^^^^^^^^^
api  |   File "/usr/local/lib/python3.13/asyncio/runners.py", line 195, in run
api  |     return runner.run(main)
api  |            ~~~~~~~~~~^^^^^^
api  |   File "/usr/local/lib/python3.13/asyncio/runners.py", line 118, in run
api  |     return self._loop.run_until_complete(task)
api  |            ~~~~~~~~~~~~~~~~~~~~~~~~~~~~~^^^^^^
api  |   File "uvloop/loop.pyx", line 1518, in uvloop.loop.Loop.run_until_complete
api  |   File "/usr/local/lib/python3.13/site-packages/uvicorn/server.py", line 70, in serve
api  |     await self._serve(sockets)
api  |   File "/usr/local/lib/python3.13/site-packages/uvicorn/server.py", line 77, in _serve
api  |     config.load()
api  |     ~~~~~~~~~~~^^
api  |   File "/usr/local/lib/python3.13/site-packages/uvicorn/config.py", line 435, in load
api  |     self.loaded_app = import_from_string(self.app)
api  |                       ~~~~~~~~~~~~~~~~~~^^^^^^^^^^
api  |   File "/usr/local/lib/python3.13/site-packages/uvicorn/importer.py", line 19, in import_from_string
api  |     module = importlib.import_module(module_str)
api  |   File "/usr/local/lib/python3.13/importlib/__init__.py", line 88, in import_module
api  |     return _bootstrap._gcd_import(name[level:], package, level)
api  |            ~~~~~~~~~~~~~~~~~~~~~~^^^^^^^^^^^^^^^^^^^^^^^^^^^^^^
api  |   File "<frozen importlib._bootstrap>", line 1395, in _gcd_import
api  |   File "<frozen importlib._bootstrap>", line 1360, in _find_and_load
api  |   File "<frozen importlib._bootstrap>", line 1331, in _find_and_load_unlocked
api  |   File "<frozen importlib._bootstrap>", line 935, in _load_unlocked
api  |   File "<frozen importlib._bootstrap_external>", line 1023, in exec_module
api  |   File "<frozen importlib._bootstrap>", line 488, in _call_with_frames_removed
api  |   File "/app/app/main.py", line 9, in <module>
api  |     from app.rabbitmq import rabbitmq_publisher
api  | ImportError: cannot import name 'rabbitmq_publisher' from 'app.rabbitmq' (/app/app/rabbitmq.py)
api  | INFO:     Waiting for child process [410]
api  | INFO:     Child process [410] died
api  | Process SpawnProcess-205:
api  | Process SpawnProcess-207:
api  | Traceback (most recent call last):
api  | Traceback (most recent call last):
api  |   File "/usr/local/lib/python3.13/multiprocessing/process.py", line 313, in _bootstrap
api  |     self.run()
api  |     ~~~~~~~~^^
api  |   File "/usr/local/lib/python3.13/multiprocessing/process.py", line 313, in _bootstrap
api  |     self.run()
api  |     ~~~~~~~~^^
api  |   File "/usr/local/lib/python3.13/multiprocessing/process.py", line 108, in run
api  |     self._target(*self._args, **self._kwargs)
api  |     ~~~~~~~~~~~~^^^^^^^^^^^^^^^^^^^^^^^^^^^^^
api  |   File "/usr/local/lib/python3.13/multiprocessing/process.py", line 108, in run
api  |     self._target(*self._args, **self._kwargs)
api  |     ~~~~~~~~~~~~^^^^^^^^^^^^^^^^^^^^^^^^^^^^^
api  |   File "/usr/local/lib/python3.13/site-packages/uvicorn/_subprocess.py", line 80, in subprocess_started
api  |     target(sockets=sockets)
api  |     ~~~~~~^^^^^^^^^^^^^^^^^
api  |   File "/usr/local/lib/python3.13/site-packages/uvicorn/_subprocess.py", line 80, in subprocess_started
api  |     target(sockets=sockets)
api  |     ~~~~~~^^^^^^^^^^^^^^^^^
api  |   File "/usr/local/lib/python3.13/site-packages/uvicorn/supervisors/multiprocess.py", line 63, in target
api  |     return self.real_target(sockets)
api  |            ~~~~~~~~~~~~~~~~^^^^^^^^^
api  |   File "/usr/local/lib/python3.13/site-packages/uvicorn/supervisors/multiprocess.py", line 63, in target
api  |     return self.real_target(sockets)
api  |            ~~~~~~~~~~~~~~~~^^^^^^^^^
api  |   File "/usr/local/lib/python3.13/site-packages/uvicorn/server.py", line 66, in run
api  |     return asyncio.run(self.serve(sockets=sockets))
api  |            ~~~~~~~~~~~^^^^^^^^^^^^^^^^^^^^^^^^^^^^^
api  |   File "/usr/local/lib/python3.13/site-packages/uvicorn/server.py", line 66, in run
api  |     return asyncio.run(self.serve(sockets=sockets))
api  |            ~~~~~~~~~~~^^^^^^^^^^^^^^^^^^^^^^^^^^^^^
api  |   File "/usr/local/lib/python3.13/asyncio/runners.py", line 195, in run
api  |     return runner.run(main)
api  |            ~~~~~~~~~~^^^^^^
api  |   File "/usr/local/lib/python3.13/asyncio/runners.py", line 195, in run
api  |     return runner.run(main)
api  |            ~~~~~~~~~~^^^^^^
api  |   File "/usr/local/lib/python3.13/asyncio/runners.py", line 118, in run
api  |     return self._loop.run_until_complete(task)
api  |            ~~~~~~~~~~~~~~~~~~~~~~~~~~~~~^^^^^^
api  |   File "/usr/local/lib/python3.13/asyncio/runners.py", line 118, in run
api  |     return self._loop.run_until_complete(task)
api  |            ~~~~~~~~~~~~~~~~~~~~~~~~~~~~~^^^^^^
api  |   File "uvloop/loop.pyx", line 1518, in uvloop.loop.Loop.run_until_complete
api  |   File "uvloop/loop.pyx", line 1518, in uvloop.loop.Loop.run_until_complete
api  |   File "/usr/local/lib/python3.13/site-packages/uvicorn/server.py", line 70, in serve
api  |     await self._serve(sockets)
api  |   File "/usr/local/lib/python3.13/site-packages/uvicorn/server.py", line 70, in serve
api  |     await self._serve(sockets)
api  |   File "/usr/local/lib/python3.13/site-packages/uvicorn/server.py", line 77, in _serve
api  |     config.load()
api  |     ~~~~~~~~~~~^^
api  |   File "/usr/local/lib/python3.13/site-packages/uvicorn/server.py", line 77, in _serve
api  |     config.load()
api  |     ~~~~~~~~~~~^^
api  |   File "/usr/local/lib/python3.13/site-packages/uvicorn/config.py", line 435, in load
api  |     self.loaded_app = import_from_string(self.app)
api  |                       ~~~~~~~~~~~~~~~~~~^^^^^^^^^^
api  |   File "/usr/local/lib/python3.13/site-packages/uvicorn/config.py", line 435, in load
api  |     self.loaded_app = import_from_string(self.app)
api  |                       ~~~~~~~~~~~~~~~~~~^^^^^^^^^^
api  |   File "/usr/local/lib/python3.13/site-packages/uvicorn/importer.py", line 19, in import_from_string
api  |     module = importlib.import_module(module_str)
api  |   File "/usr/local/lib/python3.13/site-packages/uvicorn/importer.py", line 19, in import_from_string
api  |     module = importlib.import_module(module_str)
api  |   File "/usr/local/lib/python3.13/importlib/__init__.py", line 88, in import_module
api  |     return _bootstrap._gcd_import(name[level:], package, level)
api  |            ~~~~~~~~~~~~~~~~~~~~~~^^^^^^^^^^^^^^^^^^^^^^^^^^^^^^
api  |   File "/usr/local/lib/python3.13/importlib/__init__.py", line 88, in import_module
api  |     return _bootstrap._gcd_import(name[level:], package, level)
api  |            ~~~~~~~~~~~~~~~~~~~~~~^^^^^^^^^^^^^^^^^^^^^^^^^^^^^^
api  |   File "<frozen importlib._bootstrap>", line 1395, in _gcd_import
api  |   File "<frozen importlib._bootstrap>", line 1395, in _gcd_import
api  |   File "<frozen importlib._bootstrap>", line 1360, in _find_and_load
api  |   File "<frozen importlib._bootstrap>", line 1360, in _find_and_load
api  |   File "<frozen importlib._bootstrap>", line 1331, in _find_and_load_unlocked
api  |   File "<frozen importlib._bootstrap>", line 1331, in _find_and_load_unlocked
api  |   File "<frozen importlib._bootstrap>", line 935, in _load_unlocked
api  |   File "<frozen importlib._bootstrap_external>", line 1023, in exec_module
api  |   File "<frozen importlib._bootstrap>", line 488, in _call_with_frames_removed
api  |   File "/app/app/main.py", line 9, in <module>
api  |     from app.rabbitmq import rabbitmq_publisher
api  |   File "<frozen importlib._bootstrap>", line 935, in _load_unlocked
api  |   File "<frozen importlib._bootstrap_external>", line 1023, in exec_module
api  |   File "<frozen importlib._bootstrap>", line 488, in _call_with_frames_removed
api  |   File "/app/app/main.py", line 9, in <module>
api  |     from app.rabbitmq import rabbitmq_publisher
api  | ImportError: cannot import name 'rabbitmq_publisher' from 'app.rabbitmq' (/app/app/rabbitmq.py)
api  | ImportError: cannot import name 'rabbitmq_publisher' from 'app.rabbitmq' (/app/app/rabbitmq.py)
api  | Process SpawnProcess-206:
api  | Traceback (most recent call last):
api  |   File "/usr/local/lib/python3.13/multiprocessing/process.py", line 313, in _bootstrap
api  |     self.run()
api  |     ~~~~~~~~^^
api  |   File "/usr/local/lib/python3.13/multiprocessing/process.py", line 108, in run
api  |     self._target(*self._args, **self._kwargs)
api  |     ~~~~~~~~~~~~^^^^^^^^^^^^^^^^^^^^^^^^^^^^^
api  |   File "/usr/local/lib/python3.13/site-packages/uvicorn/_subprocess.py", line 80, in subprocess_started
api  |     target(sockets=sockets)
api  |     ~~~~~~^^^^^^^^^^^^^^^^^
api  |   File "/usr/local/lib/python3.13/site-packages/uvicorn/supervisors/multiprocess.py", line 63, in target
api  |     return self.real_target(sockets)
api  |            ~~~~~~~~~~~~~~~~^^^^^^^^^
api  |   File "/usr/local/lib/python3.13/site-packages/uvicorn/server.py", line 66, in run
api  |     return asyncio.run(self.serve(sockets=sockets))
api  |            ~~~~~~~~~~~^^^^^^^^^^^^^^^^^^^^^^^^^^^^^
api  |   File "/usr/local/lib/python3.13/asyncio/runners.py", line 195, in run
api  |     return runner.run(main)
api  |            ~~~~~~~~~~^^^^^^
api  |   File "/usr/local/lib/python3.13/asyncio/runners.py", line 118, in run
api  |     return self._loop.run_until_complete(task)
api  |            ~~~~~~~~~~~~~~~~~~~~~~~~~~~~~^^^^^^
api  |   File "uvloop/loop.pyx", line 1518, in uvloop.loop.Loop.run_until_complete
api  |   File "/usr/local/lib/python3.13/site-packages/uvicorn/server.py", line 70, in serve
api  |     await self._serve(sockets)
api  |   File "/usr/local/lib/python3.13/site-packages/uvicorn/server.py", line 77, in _serve
api  |     config.load()
api  |     ~~~~~~~~~~~^^
api  |   File "/usr/local/lib/python3.13/site-packages/uvicorn/config.py", line 435, in load
api  |     self.loaded_app = import_from_string(self.app)
api  |                       ~~~~~~~~~~~~~~~~~~^^^^^^^^^^
api  |   File "/usr/local/lib/python3.13/site-packages/uvicorn/importer.py", line 19, in import_from_string
api  |     module = importlib.import_module(module_str)
api  |   File "/usr/local/lib/python3.13/importlib/__init__.py", line 88, in import_module
api  |     return _bootstrap._gcd_import(name[level:], package, level)
api  |            ~~~~~~~~~~~~~~~~~~~~~~^^^^^^^^^^^^^^^^^^^^^^^^^^^^^^
api  |   File "<frozen importlib._bootstrap>", line 1395, in _gcd_import
api  |   File "<frozen importlib._bootstrap>", line 1360, in _find_and_load
api  |   File "<frozen importlib._bootstrap>", line 1331, in _find_and_load_unlocked
api  |   File "<frozen importlib._bootstrap>", line 935, in _load_unlocked
api  |   File "<frozen importlib._bootstrap_external>", line 1023, in exec_module
api  |   File "<frozen importlib._bootstrap>", line 488, in _call_with_frames_removed
api  |   File "/app/app/main.py", line 9, in <module>
api  |     from app.rabbitmq import rabbitmq_publisher
api  | ImportError: cannot import name 'rabbitmq_publisher' from 'app.rabbitmq' (/app/app/rabbitmq.py)
api  | Process SpawnProcess-208:
api  | Traceback (most recent call last):
api  |   File "/usr/local/lib/python3.13/multiprocessing/process.py", line 313, in _bootstrap
api  |     self.run()
api  |     ~~~~~~~~^^
api  |   File "/usr/local/lib/python3.13/multiprocessing/process.py", line 108, in run
api  |     self._target(*self._args, **self._kwargs)
api  |     ~~~~~~~~~~~~^^^^^^^^^^^^^^^^^^^^^^^^^^^^^
api  |   File "/usr/local/lib/python3.13/site-packages/uvicorn/_subprocess.py", line 80, in subprocess_started
api  |     target(sockets=sockets)
api  |     ~~~~~~^^^^^^^^^^^^^^^^^
api  |   File "/usr/local/lib/python3.13/site-packages/uvicorn/supervisors/multiprocess.py", line 63, in target
api  |     return self.real_target(sockets)
api  |            ~~~~~~~~~~~~~~~~^^^^^^^^^
api  |   File "/usr/local/lib/python3.13/site-packages/uvicorn/server.py", line 66, in run
api  |     return asyncio.run(self.serve(sockets=sockets))
api  |            ~~~~~~~~~~~^^^^^^^^^^^^^^^^^^^^^^^^^^^^^
api  |   File "/usr/local/lib/python3.13/asyncio/runners.py", line 195, in run
api  |     return runner.run(main)
api  |            ~~~~~~~~~~^^^^^^
api  |   File "/usr/local/lib/python3.13/asyncio/runners.py", line 118, in run
api  |     return self._loop.run_until_complete(task)
api  |            ~~~~~~~~~~~~~~~~~~~~~~~~~~~~~^^^^^^
api  |   File "uvloop/loop.pyx", line 1518, in uvloop.loop.Loop.run_until_complete
api  |   File "/usr/local/lib/python3.13/site-packages/uvicorn/server.py", line 70, in serve
api  |     await self._serve(sockets)
api  |   File "/usr/local/lib/python3.13/site-packages/uvicorn/server.py", line 77, in _serve
api  |     config.load()
api  |     ~~~~~~~~~~~^^
api  |   File "/usr/local/lib/python3.13/site-packages/uvicorn/config.py", line 435, in load
api  |     self.loaded_app = import_from_string(self.app)
api  |                       ~~~~~~~~~~~~~~~~~~^^^^^^^^^^
api  |   File "/usr/local/lib/python3.13/site-packages/uvicorn/importer.py", line 19, in import_from_string
api  |     module = importlib.import_module(module_str)
api  |   File "/usr/local/lib/python3.13/importlib/__init__.py", line 88, in import_module
api  |     return _bootstrap._gcd_import(name[level:], package, level)
api  |            ~~~~~~~~~~~~~~~~~~~~~~^^^^^^^^^^^^^^^^^^^^^^^^^^^^^^
api  |   File "<frozen importlib._bootstrap>", line 1395, in _gcd_import
api  |   File "<frozen importlib._bootstrap>", line 1360, in _find_and_load
api  |   File "<frozen importlib._bootstrap>", line 1331, in _find_and_load_unlocked
api  |   File "<frozen importlib._bootstrap>", line 935, in _load_unlocked
api  |   File "<frozen importlib._bootstrap_external>", line 1023, in exec_module
api  |   File "<frozen importlib._bootstrap>", line 488, in _call_with_frames_removed
api  |   File "/app/app/main.py", line 9, in <module>
api  |     from app.rabbitmq import rabbitmq_publisher
api  | ImportError: cannot import name 'rabbitmq_publisher' from 'app.rabbitmq' (/app/app/rabbitmq.py)
api  | INFO:     Waiting for child process [415]
api  | INFO:     Child process [415] died
api  | INFO:     Waiting for child process [416]
api  | INFO:     Child process [416] died
api  | INFO:     Waiting for child process [417]
api  | INFO:     Child process [417] died
api  | INFO:     Waiting for child process [418]
api  | INFO:     Child process [418] died
api  | Process SpawnProcess-209:
api  | Traceback (most recent call last):
api  |   File "/usr/local/lib/python3.13/multiprocessing/process.py", line 313, in _bootstrap
api  |     self.run()
api  |     ~~~~~~~~^^
api  |   File "/usr/local/lib/python3.13/multiprocessing/process.py", line 108, in run
api  |     self._target(*self._args, **self._kwargs)
api  |     ~~~~~~~~~~~~^^^^^^^^^^^^^^^^^^^^^^^^^^^^^
api  |   File "/usr/local/lib/python3.13/site-packages/uvicorn/_subprocess.py", line 80, in subprocess_started
api  |     target(sockets=sockets)
api  |     ~~~~~~^^^^^^^^^^^^^^^^^
api  |   File "/usr/local/lib/python3.13/site-packages/uvicorn/supervisors/multiprocess.py", line 63, in target
api  |     return self.real_target(sockets)
api  |            ~~~~~~~~~~~~~~~~^^^^^^^^^
api  |   File "/usr/local/lib/python3.13/site-packages/uvicorn/server.py", line 66, in run
api  |     return asyncio.run(self.serve(sockets=sockets))
api  |            ~~~~~~~~~~~^^^^^^^^^^^^^^^^^^^^^^^^^^^^^
api  |   File "/usr/local/lib/python3.13/asyncio/runners.py", line 195, in run
api  |     return runner.run(main)
api  |            ~~~~~~~~~~^^^^^^
api  |   File "/usr/local/lib/python3.13/asyncio/runners.py", line 118, in run
api  |     return self._loop.run_until_complete(task)
api  |            ~~~~~~~~~~~~~~~~~~~~~~~~~~~~~^^^^^^
api  |   File "uvloop/loop.pyx", line 1518, in uvloop.loop.Loop.run_until_complete
api  |   File "/usr/local/lib/python3.13/site-packages/uvicorn/server.py", line 70, in serve
api  |     await self._serve(sockets)
api  |   File "/usr/local/lib/python3.13/site-packages/uvicorn/server.py", line 77, in _serve
api  |     config.load()
api  |     ~~~~~~~~~~~^^
api  |   File "/usr/local/lib/python3.13/site-packages/uvicorn/config.py", line 435, in load
api  |     self.loaded_app = import_from_string(self.app)
api  |                       ~~~~~~~~~~~~~~~~~~^^^^^^^^^^
api  |   File "/usr/local/lib/python3.13/site-packages/uvicorn/importer.py", line 19, in import_from_string
api  |     module = importlib.import_module(module_str)
api  | Process SpawnProcess-210:
api  |   File "/usr/local/lib/python3.13/importlib/__init__.py", line 88, in import_module
api  |     return _bootstrap._gcd_import(name[level:], package, level)
api  |            ~~~~~~~~~~~~~~~~~~~~~~^^^^^^^^^^^^^^^^^^^^^^^^^^^^^^
api  |   File "<frozen importlib._bootstrap>", line 1395, in _gcd_import
api  |   File "<frozen importlib._bootstrap>", line 1360, in _find_and_load
api  |   File "<frozen importlib._bootstrap>", line 1331, in _find_and_load_unlocked
api  |   File "<frozen importlib._bootstrap>", line 935, in _load_unlocked
api  |   File "<frozen importlib._bootstrap_external>", line 1023, in exec_module
api  |   File "<frozen importlib._bootstrap>", line 488, in _call_with_frames_removed
api  |   File "/app/app/main.py", line 9, in <module>
api  |     from app.rabbitmq import rabbitmq_publisher
api  | ImportError: cannot import name 'rabbitmq_publisher' from 'app.rabbitmq' (/app/app/rabbitmq.py)
api  | Traceback (most recent call last):
api  |   File "/usr/local/lib/python3.13/multiprocessing/process.py", line 313, in _bootstrap
api  |     self.run()
api  |     ~~~~~~~~^^
api  |   File "/usr/local/lib/python3.13/multiprocessing/process.py", line 108, in run
api  |     self._target(*self._args, **self._kwargs)
api  |     ~~~~~~~~~~~~^^^^^^^^^^^^^^^^^^^^^^^^^^^^^
api  |   File "/usr/local/lib/python3.13/site-packages/uvicorn/_subprocess.py", line 80, in subprocess_started
api  |     target(sockets=sockets)
api  |     ~~~~~~^^^^^^^^^^^^^^^^^
api  |   File "/usr/local/lib/python3.13/site-packages/uvicorn/supervisors/multiprocess.py", line 63, in target
api  |     return self.real_target(sockets)
api  |            ~~~~~~~~~~~~~~~~^^^^^^^^^
api  |   File "/usr/local/lib/python3.13/site-packages/uvicorn/server.py", line 66, in run
api  |     return asyncio.run(self.serve(sockets=sockets))
api  |            ~~~~~~~~~~~^^^^^^^^^^^^^^^^^^^^^^^^^^^^^
api  |   File "/usr/local/lib/python3.13/asyncio/runners.py", line 195, in run
api  |     return runner.run(main)
api  |            ~~~~~~~~~~^^^^^^
api  |   File "/usr/local/lib/python3.13/asyncio/runners.py", line 118, in run
api  |     return self._loop.run_until_complete(task)
api  |            ~~~~~~~~~~~~~~~~~~~~~~~~~~~~~^^^^^^
api  |   File "uvloop/loop.pyx", line 1518, in uvloop.loop.Loop.run_until_complete
api  |   File "/usr/local/lib/python3.13/site-packages/uvicorn/server.py", line 70, in serve
api  |     await self._serve(sockets)
api  |   File "/usr/local/lib/python3.13/site-packages/uvicorn/server.py", line 77, in _serve
api  |     config.load()
api  |     ~~~~~~~~~~~^^
api  |   File "/usr/local/lib/python3.13/site-packages/uvicorn/config.py", line 435, in load
api  |     self.loaded_app = import_from_string(self.app)
api  |                       ~~~~~~~~~~~~~~~~~~^^^^^^^^^^
api  |   File "/usr/local/lib/python3.13/site-packages/uvicorn/importer.py", line 19, in import_from_string
api  |     module = importlib.import_module(module_str)
api  |   File "/usr/local/lib/python3.13/importlib/__init__.py", line 88, in import_module
api  |     return _bootstrap._gcd_import(name[level:], package, level)
api  |            ~~~~~~~~~~~~~~~~~~~~~~^^^^^^^^^^^^^^^^^^^^^^^^^^^^^^
api  |   File "<frozen importlib._bootstrap>", line 1395, in _gcd_import
api  |   File "<frozen importlib._bootstrap>", line 1360, in _find_and_load
api  |   File "<frozen importlib._bootstrap>", line 1331, in _find_and_load_unlocked
api  |   File "<frozen importlib._bootstrap>", line 935, in _load_unlocked
api  |   File "<frozen importlib._bootstrap_external>", line 1023, in exec_module
api  |   File "<frozen importlib._bootstrap>", line 488, in _call_with_frames_removed
api  |   File "/app/app/main.py", line 9, in <module>
api  |     from app.rabbitmq import rabbitmq_publisher
api  | ImportError: cannot import name 'rabbitmq_publisher' from 'app.rabbitmq' (/app/app/rabbitmq.py)
api  | Process SpawnProcess-211:
api  | Traceback (most recent call last):
api  |   File "/usr/local/lib/python3.13/multiprocessing/process.py", line 313, in _bootstrap
api  |     self.run()
api  |     ~~~~~~~~^^
api  |   File "/usr/local/lib/python3.13/multiprocessing/process.py", line 108, in run
api  |     self._target(*self._args, **self._kwargs)
api  |     ~~~~~~~~~~~~^^^^^^^^^^^^^^^^^^^^^^^^^^^^^
api  |   File "/usr/local/lib/python3.13/site-packages/uvicorn/_subprocess.py", line 80, in subprocess_started
api  |     target(sockets=sockets)
api  |     ~~~~~~^^^^^^^^^^^^^^^^^
api  |   File "/usr/local/lib/python3.13/site-packages/uvicorn/supervisors/multiprocess.py", line 63, in target
api  |     return self.real_target(sockets)
api  |            ~~~~~~~~~~~~~~~~^^^^^^^^^
api  |   File "/usr/local/lib/python3.13/site-packages/uvicorn/server.py", line 66, in run
api  |     return asyncio.run(self.serve(sockets=sockets))
api  |            ~~~~~~~~~~~^^^^^^^^^^^^^^^^^^^^^^^^^^^^^
api  |   File "/usr/local/lib/python3.13/asyncio/runners.py", line 195, in run
api  |     return runner.run(main)
api  |            ~~~~~~~~~~^^^^^^
api  |   File "/usr/local/lib/python3.13/asyncio/runners.py", line 118, in run
api  |     return self._loop.run_until_complete(task)
api  |            ~~~~~~~~~~~~~~~~~~~~~~~~~~~~~^^^^^^
api  |   File "uvloop/loop.pyx", line 1518, in uvloop.loop.Loop.run_until_complete
api  |   File "/usr/local/lib/python3.13/site-packages/uvicorn/server.py", line 70, in serve
api  |     await self._serve(sockets)
api  |   File "/usr/local/lib/python3.13/site-packages/uvicorn/server.py", line 77, in _serve
api  |     config.load()
api  |     ~~~~~~~~~~~^^
api  |   File "/usr/local/lib/python3.13/site-packages/uvicorn/config.py", line 435, in load
api  |     self.loaded_app = import_from_string(self.app)
api  |                       ~~~~~~~~~~~~~~~~~~^^^^^^^^^^
api  |   File "/usr/local/lib/python3.13/site-packages/uvicorn/importer.py", line 19, in import_from_string
api  |     module = importlib.import_module(module_str)
api  |   File "/usr/local/lib/python3.13/importlib/__init__.py", line 88, in import_module
api  |     return _bootstrap._gcd_import(name[level:], package, level)
api  |            ~~~~~~~~~~~~~~~~~~~~~~^^^^^^^^^^^^^^^^^^^^^^^^^^^^^^
api  |   File "<frozen importlib._bootstrap>", line 1395, in _gcd_import
api  |   File "<frozen importlib._bootstrap>", line 1360, in _find_and_load
api  |   File "<frozen importlib._bootstrap>", line 1331, in _find_and_load_unlocked
api  |   File "<frozen importlib._bootstrap>", line 935, in _load_unlocked
api  |   File "<frozen importlib._bootstrap_external>", line 1023, in exec_module
api  |   File "<frozen importlib._bootstrap>", line 488, in _call_with_frames_removed
api  |   File "/app/app/main.py", line 9, in <module>
api  |     from app.rabbitmq import rabbitmq_publisher
api  | ImportError: cannot import name 'rabbitmq_publisher' from 'app.rabbitmq' (/app/app/rabbitmq.py)
api  | INFO:     Waiting for child process [423]
api  | INFO:     Child process [423] died
api  | Process SpawnProcess-212:
api  | Traceback (most recent call last):
api  |   File "/usr/local/lib/python3.13/multiprocessing/process.py", line 313, in _bootstrap
api  |     self.run()
api  |     ~~~~~~~~^^
api  |   File "/usr/local/lib/python3.13/multiprocessing/process.py", line 108, in run
api  |     self._target(*self._args, **self._kwargs)
api  |     ~~~~~~~~~~~~^^^^^^^^^^^^^^^^^^^^^^^^^^^^^
api  |   File "/usr/local/lib/python3.13/site-packages/uvicorn/_subprocess.py", line 80, in subprocess_started
api  |     target(sockets=sockets)
api  |     ~~~~~~^^^^^^^^^^^^^^^^^
api  |   File "/usr/local/lib/python3.13/site-packages/uvicorn/supervisors/multiprocess.py", line 63, in target
api  |     return self.real_target(sockets)
api  |            ~~~~~~~~~~~~~~~~^^^^^^^^^
api  |   File "/usr/local/lib/python3.13/site-packages/uvicorn/server.py", line 66, in run
api  |     return asyncio.run(self.serve(sockets=sockets))
api  |            ~~~~~~~~~~~^^^^^^^^^^^^^^^^^^^^^^^^^^^^^
api  |   File "/usr/local/lib/python3.13/asyncio/runners.py", line 195, in run
api  |     return runner.run(main)
api  |            ~~~~~~~~~~^^^^^^
api  |   File "/usr/local/lib/python3.13/asyncio/runners.py", line 118, in run
api  |     return self._loop.run_until_complete(task)
api  |            ~~~~~~~~~~~~~~~~~~~~~~~~~~~~~^^^^^^
api  |   File "uvloop/loop.pyx", line 1518, in uvloop.loop.Loop.run_until_complete
api  |   File "/usr/local/lib/python3.13/site-packages/uvicorn/server.py", line 70, in serve
api  |     await self._serve(sockets)
api  |   File "/usr/local/lib/python3.13/site-packages/uvicorn/server.py", line 77, in _serve
api  |     config.load()
api  |     ~~~~~~~~~~~^^
api  |   File "/usr/local/lib/python3.13/site-packages/uvicorn/config.py", line 435, in load
api  |     self.loaded_app = import_from_string(self.app)
api  |                       ~~~~~~~~~~~~~~~~~~^^^^^^^^^^
api  |   File "/usr/local/lib/python3.13/site-packages/uvicorn/importer.py", line 19, in import_from_string
api  |     module = importlib.import_module(module_str)
api  |   File "/usr/local/lib/python3.13/importlib/__init__.py", line 88, in import_module
api  |     return _bootstrap._gcd_import(name[level:], package, level)
api  |            ~~~~~~~~~~~~~~~~~~~~~~^^^^^^^^^^^^^^^^^^^^^^^^^^^^^^
api  |   File "<frozen importlib._bootstrap>", line 1395, in _gcd_import
api  |   File "<frozen importlib._bootstrap>", line 1360, in _find_and_load
api  |   File "<frozen importlib._bootstrap>", line 1331, in _find_and_load_unlocked
api  |   File "<frozen importlib._bootstrap>", line 935, in _load_unlocked
api  |   File "<frozen importlib._bootstrap_external>", line 1023, in exec_module
api  |   File "<frozen importlib._bootstrap>", line 488, in _call_with_frames_removed
api  |   File "/app/app/main.py", line 9, in <module>
api  |     from app.rabbitmq import rabbitmq_publisher
api  | ImportError: cannot import name 'rabbitmq_publisher' from 'app.rabbitmq' (/app/app/rabbitmq.py)
api  | Process SpawnProcess-213:
api  | Traceback (most recent call last):
api  |   File "/usr/local/lib/python3.13/multiprocessing/process.py", line 313, in _bootstrap
api  |     self.run()
api  |     ~~~~~~~~^^
api  |   File "/usr/local/lib/python3.13/multiprocessing/process.py", line 108, in run
api  |     self._target(*self._args, **self._kwargs)
api  |     ~~~~~~~~~~~~^^^^^^^^^^^^^^^^^^^^^^^^^^^^^
api  |   File "/usr/local/lib/python3.13/site-packages/uvicorn/_subprocess.py", line 80, in subprocess_started
api  |     target(sockets=sockets)
api  |     ~~~~~~^^^^^^^^^^^^^^^^^
api  |   File "/usr/local/lib/python3.13/site-packages/uvicorn/supervisors/multiprocess.py", line 63, in target
api  |     return self.real_target(sockets)
api  |            ~~~~~~~~~~~~~~~~^^^^^^^^^
api  |   File "/usr/local/lib/python3.13/site-packages/uvicorn/server.py", line 66, in run
api  |     return asyncio.run(self.serve(sockets=sockets))
api  |            ~~~~~~~~~~~^^^^^^^^^^^^^^^^^^^^^^^^^^^^^
api  |   File "/usr/local/lib/python3.13/asyncio/runners.py", line 195, in run
api  |     return runner.run(main)
api  |            ~~~~~~~~~~^^^^^^
api  |   File "/usr/local/lib/python3.13/asyncio/runners.py", line 118, in run
api  |     return self._loop.run_until_complete(task)
api  |            ~~~~~~~~~~~~~~~~~~~~~~~~~~~~~^^^^^^
api  |   File "uvloop/loop.pyx", line 1518, in uvloop.loop.Loop.run_until_complete
api  |   File "/usr/local/lib/python3.13/site-packages/uvicorn/server.py", line 70, in serve
api  |     await self._serve(sockets)
api  |   File "/usr/local/lib/python3.13/site-packages/uvicorn/server.py", line 77, in _serve
api  |     config.load()
api  |     ~~~~~~~~~~~^^
api  |   File "/usr/local/lib/python3.13/site-packages/uvicorn/config.py", line 435, in load
api  |     self.loaded_app = import_from_string(self.app)
api  |                       ~~~~~~~~~~~~~~~~~~^^^^^^^^^^
api  |   File "/usr/local/lib/python3.13/site-packages/uvicorn/importer.py", line 19, in import_from_string
api  |     module = importlib.import_module(module_str)
api  |   File "/usr/local/lib/python3.13/importlib/__init__.py", line 88, in import_module
api  |     return _bootstrap._gcd_import(name[level:], package, level)
api  |            ~~~~~~~~~~~~~~~~~~~~~~^^^^^^^^^^^^^^^^^^^^^^^^^^^^^^
api  |   File "<frozen importlib._bootstrap>", line 1395, in _gcd_import
api  |   File "<frozen importlib._bootstrap>", line 1360, in _find_and_load
api  |   File "<frozen importlib._bootstrap>", line 1331, in _find_and_load_unlocked
api  |   File "<frozen importlib._bootstrap>", line 935, in _load_unlocked
api  |   File "<frozen importlib._bootstrap_external>", line 1023, in exec_module
api  |   File "<frozen importlib._bootstrap>", line 488, in _call_with_frames_removed
api  |   File "/app/app/main.py", line 9, in <module>
api  |     from app.rabbitmq import rabbitmq_publisher
api  | ImportError: cannot import name 'rabbitmq_publisher' from 'app.rabbitmq' (/app/app/rabbitmq.py)
